Datetime,Open,High,Low,Close,Volume,Volume Ma,RSI_50,%K_60,%D_1,SMA_60,%K_240,SMA_240,%K_540,SMA_540,%K_1380,SMA_1380,%K_RSI_15,%D_RSI_1,%K_RSI_30,EMA_100,%K_above,%K_below,Within_5%,Price_Above_SMA,Price_Below_SMA,Buy,Sell,Entry_Ind,Exit_Ind
2024-01-31 01:00:00,2035.01,2035.8,2033.3,2034.235,18815,35179.15,,,,,,,,,,,,,,2034.235,0,0,0,0,0,0,0,0,0
2024-01-31 02:00:00,2034.31,2038.6,2033.6,2036.54,40051,35555.45,,,,,,,,,,,,,,2034.2806435643563,0,0,0,0,0,0,0,0,0
2024-01-31 03:00:00,2036.55,2040.44,2035.8,2039.026,49138,36384.1,,,,,,,,,,,,,,2034.3746110185273,0,0,0,0,0,0,0,0,0
2024-01-31 04:00:00,2039.14,2039.81,2037.5,2038.2,39703,35030.15,,,,,,,,,,,,,,2034.4503612953881,0,0,0,0,0,0,0,0,0
2024-01-31 05:00:00,2038.2,2038.58,2036.1,2036.87,32755,31943.15,,,,,,,,,,,,,,2034.498274933103,0,0,0,0,0,0,0,0,0
2024-01-31 06:00:00,2036.855,2038.95,2036.4,2037.253,29068,27311.05,,,,,,,,,,,,,,2034.5528239443286,0,0,0,0,0,0,0,0,0
2024-01-31 07:00:00,2037.252,2039.63,2036.7,2038.45,31015,25607.7,,,,,,,,,,,,,,2034.6299957474112,0,0,0,0,0,0,0,0,0
2024-01-31 08:00:00,2038.49,2043.2,2035.7,2041.93,85140,27689.3,,,,,,,,,,,,,,2034.7745502870664,0,0,0,0,0,0,0,0,0
2024-01-31 09:00:00,2041.93,2055.28,2040.4,2051.57,100164,30927.8,,,,,,,,,,,,,,2035.1071334496987,0,0,0,0,0,0,0,0,0
2024-01-31 10:00:00,2051.48,2055.98,2050.3,2052.26,108897,34697.25,,,,,,,,,,,,,,2035.446794173467,0,0,0,0,0,0,0,0,0
2024-01-31 11:00:00,2052.22,2053.65,2047.1,2049.96,81767,37440.25,,,,,,,,,,,,,,2035.7341843878537,0,0,0,0,0,0,0,0,0
2024-01-31 12:00:00,2049.96,2051.04,2048.8,2049.61,47824,39316.25,,,,,,,,,,,,,,2036.0089530138368,0,0,0,0,0,0,0,0,0
2024-01-31 13:00:00,2049.61,2049.8,2045.3,2046.345,44344,41533.3,,,,,,,,,,,,,,2036.2136272115827,0,0,0,0,0,0,0,0,0
2024-01-31 14:00:00,2046.245,2050.8,2039.07,2044.804,146483,48538.15,,,,,,,,,,,,,,2036.3837336034323,0,0,0,0,0,0,0,0,0
2024-01-31 15:00:00,2044.77,2045.91,2030.6,2034.785,119834,53648.6,,,,,,,,,,,,,,2036.3520755122752,0,0,0,0,0,0,0,0,0
2024-01-31 16:00:00,2034.753,2040.17,2033.1,2039.105,32546,53740.2,,,,,,,,,,,,,,2036.4065888684677,0,0,0,0,0,0,0,0,0
2024-01-31 17:00:00,2039.27,2039.4,2038.5,2038.6,5,52393.35,,,,,,,,,,,,,,2036.4500227522603,0,0,0,0,0,0,0,0,0
2024-01-31 18:00:00,2040.144,2041.35,2038.175,2039.94,12138,52330.95,,,,,,,,,,,,,,2036.5191312126117,0,0,0,0,0,0,0,0,0
2024-01-31 19:00:00,2039.826,2042.67,2038.8,2040.67,19998,52884.5,,,,,,,,,,,,,,2036.601326634144,0,0,0,0,0,0,0,0,0
2024-01-31 20:00:00,2040.673,2041.91,2039.7,2041.295,31237,53546.1,,,,,,,,,,,,,,2036.6942706611906,0,0,0,0,0,0,0,0,0
2024-01-31 21:00:00,2041.364,2049.55,2040.8,2046.97,33213,54266.0,,,,,,,,,,,,,,2036.8977504500779,0,0,0,0,0,0,0,0,0
2024-01-31 22:00:00,2046.97,2048.55,2045.1,2046.193,22294,53378.15,,,,,,,,,,,,,,2037.081814797601,0,0,0,0,0,0,0,0,0
2024-01-31 23:00:00,2046.186,2046.66,2044.6,2045.3,12686,51555.55,,,,,,,,,,,,,,2037.2445511382425,0,0,0,0,0,0,0,0,0
2024-02-01 00:00:00,2045.605,2046.3,2043.9,2044.56,20038,50572.3,,,,,,,,,,,,,,2037.3894115117425,0,0,0,0,0,0,0,0,0
2024-02-01 01:00:00,2044.473,2044.93,2042.0,2043.62,24059,50137.5,,,,,,,,,,,,,,2037.512789501609,0,0,0,0,0,0,0,0,0
2024-02-01 02:00:00,2043.61,2044.22,2040.8,2042.884,39709,50669.55,,,,,,,,,,,,,,2037.6191501055375,0,0,0,0,0,0,0,0,0
2024-02-01 03:00:00,2042.91,2042.91,2038.6,2041.97,58142,52025.9,,,,,,,,,,,,,,2037.705305548992,0,0,0,0,0,0,0,0,0
2024-02-01 04:00:00,2041.93,2042.83,2039.9,2041.013,43916,49964.7,,,,,,,,,,,,,,2037.770804449012,0,0,0,0,0,0,0,0,0
2024-02-01 05:00:00,2041.06,2041.21,2030.7,2031.813,48853,47399.15,,,,,,,,,,,,,,2037.652828123289,0,0,0,0,0,0,0,0,0
2024-02-01 06:00:00,2031.813,2034.48,2029.8,2033.384,53784,44643.5,,,,,,,,,,,,,,2037.5682968733229,0,0,0,0,0,0,0,0,0
2024-02-01 07:00:00,2033.366,2034.5,2030.0,2034.184,57634,43436.85,,,,,,,,,,,,,,2037.5012810936532,0,0,0,0,0,0,0,0,0
2024-02-01 08:00:00,2034.19,2042.2,2030.5,2040.006,95311,45811.2,,,,,,,,,,,,,,2037.5508794878383,0,0,0,0,0,0,0,0,0
2024-02-01 09:00:00,2040.015,2050.83,2039.925,2046.064,96584,48423.2,,,,,,,,,,,,,,2037.7194561316435,0,0,0,0,0,0,0,0,0
2024-02-01 10:00:00,2046.09,2052.98,2039.69,2051.86,112348,46716.45,,,,,,,,,,,,,,2037.9994669013138,0,0,0,0,0,0,0,0,0
2024-02-01 11:00:00,2051.873,2065.6,2051.685,2059.26,109005,46175.0,,,,,,,,,,,,,,2038.4204675567332,0,0,0,0,0,0,0,0,0
2024-02-01 12:00:00,2059.264,2062.4,2051.0,2054.434,87178,48906.6,,,,,,,,,,,,,,2038.7375672090752,0,0,0,0,0,0,0,0,0
2024-02-01 13:00:00,2054.364,2058.7,2052.0,2055.75,74966,52654.65,,,,,,,,,,,,,,2039.0744470663212,0,0,0,0,0,0,0,0,0
2024-02-01 14:00:00,2055.635,2058.12,2053.9,2054.71,46037,54349.6,,,,,,,,,,,,,,2039.384061975899,0,0,0,0,0,0,0,0,0
2024-02-01 15:00:00,2054.704,2055.73,2053.0,2055.495,31750,54937.2,,,,,,,,,,,,,,2039.7030904516237,0,0,0,0,0,0,0,0,0
2024-02-01 16:00:00,2055.53,2055.56,2053.4,2054.545,15049,54127.8,,,,,,,,,,,,,,2039.9969896506013,0,0,0,0,0,0,0,0,0
2024-02-01 17:00:00,2054.949,2054.949,2054.2,2054.3,6,52467.45,,,,,,,,,,,,,,2040.2802175783122,0,0,0,0,0,0,0,0,0
2024-02-01 18:00:00,2054.404,2056.26,2053.788,2054.81,8538,51779.65,,,,,,,,,,,,,,2040.567936042108,0,0,0,0,0,0,0,0,0
2024-02-01 19:00:00,2054.83,2056.87,2054.2,2054.946,16072,51948.95,,,,,,,,,,,,,,2040.8526501798879,0,0,0,0,0,0,0,0,0
2024-02-01 20:00:00,2054.96,2056.05,2052.5,2054.694,31230,52508.55,,,,,,,,,,,,,,2041.1267363149395,0,0,0,0,0,0,0,0,0
2024-02-01 21:00:00,2054.585,2055.4,2051.5,2053.83,26697,52640.45,,,,,,,,,,,,,,2041.3782860908814,0,0,0,0,0,0,0,0,0
2024-02-01 22:00:00,2053.775,2054.99,2053.2,2054.6,15999,51454.95,,,,,,,,,,,,,,2041.6401022078937,0,0,0,0,0,0,0,0,0
2024-02-01 23:00:00,2054.514,2055.9,2053.6,2055.02,13082,49201.95,,,,,,,,,,,,,,2041.9050506790245,0,0,0,0,0,0,0,0,0
2024-02-02 00:00:00,2055.1,2056.54,2054.0,2055.5,26104,48311.35,,,,,,,,,,,,,,2042.1742575962714,0,0,0,0,0,0,0,0,0
2024-02-02 01:00:00,2055.5,2056.87,2053.6,2055.28,29515,47344.45,,,,,,,,,,,,,,2042.4337772478304,0,0,0,0,0,0,0,0,0
2024-02-02 02:00:00,2055.4,2056.92,2054.3,2055.013,34326,46371.55,59.55820115555882,,,,,,,,,,-17468.787709161625,-5503.468711855987,-5503.468711855987,2042.6828707676755,0,0,0,0,0,0,0,0,0
2024-02-02 03:00:00,2055.004,2056.84,2053.2,2053.945,36071,45293.4,58.97868075801762,,,,,,,,,,-27673.9072116949,-5505.087483916159,-5505.087483916159,2042.9058832277215,0,0,0,0,0,0,0,0,0
2024-02-02 04:00:00,2054.0,2054.97,2052.2,2052.98,36070,42331.35,57.58162700608746,,,,,,,,,,-30119.612885104914,-5508.989868698087,-5508.989868698087,2043.1053706885587,0,0,0,0,0,0,0,0,0
2024-02-02 05:00:00,2052.99,2055.65,2052.6,2054.605,31022,39053.25,57.24207179315537,,,,,,,,,,-36794.42671968298,-5509.9383469465,-5509.9383469465,2043.3330861204684,0,0,0,0,0,0,0,0,0
2024-02-02 06:00:00,2054.624,2056.14,2053.2,2056.005,28627,34867.2,58.232916870890506,,,,,,,,,,-36776.145445186026,-5507.170623265676,-5507.170623265676,2043.5840151081818,0,0,0,0,0,0,0,0,0
2024-02-02 07:00:00,2056.033,2056.29,2053.4,2055.135,29286,30881.25,58.48169921893157,,,,,,,,,,-36771.55536496387,-5506.4757005057845,-5506.4757005057845,2043.812747482277,0,0,0,0,0,0,0,0,0
2024-02-02 08:00:00,2055.173,2057.62,2029.4,2031.704,120452,32544.95,47.87754071648779,,,,,,,,,,-7021.6954616708945,-5473.818948297023,-5473.818948297023,2043.57297030441,0,0,0,0,0,0,0,0,0
2024-02-02 09:00:00,2031.7,2036.09,2027.6,2035.35,117405,34666.9,48.836074190883785,,,,,,,,,,-6591.485429077672,-5207.273488971358,-5207.273488971358,2043.4101392092732,0,0,0,0,0,0,0,0,0
2024-02-02 10:00:00,2035.37,2035.64,2028.398,2035.04,92673,36998.7,47.34999999999996,,,,,,,,,,-6596.435709526986,-5211.184210526316,-5211.184210526316,2043.2443938783965,0,0,0,0,0,0,0,0,0
2024-02-02 11:00:00,2034.953,2037.56,2032.7,2036.223,61967,38509.55,43.686596513168084,,,,,,,,,,-6608.638919010103,-5220.824746017978,-5220.824746017978,2043.105356375854,0,0,0,0,0,0,0,0,0
2024-02-02 12:00:00,2036.28,2037.03,2033.6,2035.26,41350,39824.6,43.02226308530887,20.157894736842323,,2045.8283833333335,,,,,,,-6610.851888456669,-5222.572991880766,-5222.572991880766,2042.950002784253,0,0,0,0,0,0,0,0,0
2024-02-02 13:00:00,2035.193,2038.78,2034.1,2037.41,39154,41782.0,44.84243749280818,25.815789473684664,,2045.8813,,,,,,,-6604.78868256893,-5217.783059229452,-5217.783059229452,2042.8402997588223,0,0,0,0,0,0,0,0,0
2024-02-02 14:00:00,2037.353,2038.56,2036.0,2038.075,28829,42796.55,45.27180462531045,27.56578947368457,,2045.9068833333333,,,,,,,-6603.358412307431,-5216.653145722867,-5216.653145722867,2042.7459373873605,0,0,0,0,0,0,0,0,0
2024-02-02 15:00:00,2038.12,2038.44,2035.6,2035.945,25319,43258.9,45.697002796948134,21.960526315789544,,2045.8555333333331,,,,,,,-6601.942029323961,-5215.534203165926,-5215.534203165926,2042.611265359888,0,0,0,0,0,0,0,0,0
2024-02-02 16:00:00,2036.06,2039.78,2035.9,2039.275,11905,42292.65,47.745749582093204,30.723684210526798,,2045.8734499999998,,,,,,,-6595.117423110952,-5210.14276425765,-5210.14276425765,2042.5452006992962,0,0,0,0,0,0,0,0,0
2024-02-04 17:00:00,2039.43,2039.43,2039.43,2039.43,1,40957.85,52.05948337781876,31.131578947368826,,2045.9161166666668,,,,,,,-6580.747890147177,-5676.840565006239,-5676.840565006239,2042.4835135567357,0,0,0,0,0,0,0,0,0
2024-02-04 18:00:00,2040.033,2042.22,2038.49,2039.32,20799,41197.85,50.09902266928266,30.842105263157965,,2045.9505666666666,,,,,,,-6587.27840549873,-6358.524042864061,-6358.524042864061,2042.4208697239292,0,0,0,0,0,0,0,0,0
2024-02-04 19:00:00,2039.195,2039.84,2033.3,2035.62,40399,42563.7,48.66673825119008,21.105263157894687,,2045.9034000000001,,,,,,,-6592.049506158598,-6484.053937578018,-6484.053937578018,2042.2861990363265,0,0,0,0,0,0,0,0,0
2024-02-04 20:00:00,2035.612,2038.26,2034.1,2037.955,36866,43101.8,49.11974173178059,27.250000000000046,,2045.83715,,,,,,,-6590.540500560362,-6590.540500560362,-6590.540500560362,2042.2004327187756,0,0,0,0,0,0,0,0,0
2024-02-04 21:00:00,2037.955,2038.79,2032.6,2033.53,32082,43230.15,46.93420126067013,15.605263157894905,,2045.5364833333335,,,,,,,-6597.820781943142,-6597.820781943142,-6597.820781943142,2042.02874098177,0,0,0,0,0,0,0,0,0
2024-02-04 22:00:00,2033.443,2034.48,2030.0,2032.203,31261,43076.9,46.119438658790536,12.113157894737014,,2045.2022,,,,,,,-6600.534847905432,-6600.534847905432,-6600.534847905432,2041.8341718534182,0,0,0,0,0,0,0,0,0
2024-02-04 23:00:00,2032.145,2033.35,2031.1,2031.9,16058,42076.25,43.25883910678501,11.31578947368469,,2044.9012000000002,,,,,,,-13572.784958229815,-6610.063827092658,-6610.063827092658,2041.637455579093,0,0,0,0,0,0,0,0,0
2024-02-05 00:00:00,2031.873,2032.004,2028.6,2029.713,30804,41812.95,42.71994769671158,5.560526315789622,,2044.5695833333334,,,,,,,-14366.068964717635,-6611.8589350542625,-6611.8589350542625,2041.4013277458437,0,0,0,0,0,0,0,0,0
2024-02-05 01:00:00,2029.712,2031.25,2026.54,2030.87,29875,41755.6,43.640370207139654,11.085509472606075,,2044.311666666667,,,,,,,-12646.043557352374,-6379.985938844482,-6379.985938844482,2041.1927866023616,0,0,0,0,0,0,0,0,0
2024-02-05 02:00:00,2030.806,2031.48,2026.654,2027.53,42698,42459.15,42.66264541146056,2.534562211981594,,2044.0237666666667,,,,,,,-12652.279047120735,-6383.131771520412,-6383.131771520412,2040.922236372612,0,0,0,0,0,0,0,0,0
2024-02-05 03:00:00,2027.513,2027.7,2021.0,2023.43,60918,44040.75,41.531750692056065,5.448430493273696,,2043.8345166666666,,,,,,,-9328.314087219329,-5405.429408268568,-5405.429408268568,2040.5758554543422,0,0,0,0,0,0,0,0,0
2024-02-05 04:00:00,2023.406,2024.23,2020.2,2022.593,47611,40398.7,41.496592937784435,5.2709251101322385,,2043.5593166666667,,,,,,,-8985.937361772103,-5287.82310812994,-5287.82310812994,2040.2197593067315,0,0,0,0,0,0,0,0,0
2024-02-05 05:00:00,2022.624,2025.27,2021.9,2024.46,37757,36416.3,42.72018226568213,9.383259911894282,,2043.3236499999998,,,,,,,-8980.38064366176,-5284.553227510225,-5284.553227510225,2039.907684865014,0,0,0,0,0,0,0,0,0
2024-02-05 06:00:00,2024.43,2028.38,2023.7,2027.593,35279,33546.6,44.51976478275077,16.284140969163108,,2043.1178666666667,,,,,,,-8972.208152666897,-5279.744081286097,-5279.744081286097,2039.663829719172,0,0,0,0,0,0,0,0,0
2024-02-05 07:00:00,2027.59,2028.08,2022.5,2022.74,41535,32525.0,46.15853606903028,5.594713656387602,,2042.8190333333332,,,,,,,-8964.765957906318,-5275.36468180379,-5275.36468180379,2039.3287043781984,0,0,0,0,0,0,0,0,0
2024-02-05 08:00:00,2022.73,2022.73,2014.6,2015.915,80417,34478.35,42.918757651179156,2.578431372549127,,2042.3960333333334,,,,,,,-7138.599718858842,-4583.173506157186,-4583.173506157186,2038.865066667739,0,0,0,0,0,0,0,0,0
2024-02-05 09:00:00,2015.865,2023.72,2014.5,2023.36,85919,36816.6,45.836666871807466,17.338551859099642,,2042.0025333333333,,,,,,,-7768.9950005059145,-4565.545763284317,-4565.545763284317,2038.5580356446155,0,0,0,0,0,0,0,0,0
2024-02-05 10:00:00,2023.469,2023.66,2015.2,2017.8,102933,40521.8,41.441455330301324,6.45792563600775,,2041.5293166666665,,,,,,,-8122.925255947722,-4575.738739957569,-4575.738739957569,2038.146985433831,0,0,0,0,0,0,0,0,0
2024-02-05 11:00:00,2017.675,2022.5,2017.4,2022.2,61405,42326.1,40.68336560684612,15.068493150685047,,2041.1443166666666,,,,,,,-8126.0462511039805,-4577.496833008254,-4577.496833008254,2037.8312035440522,0,0,0,0,0,0,0,0,0
2024-02-05 12:00:00,2022.23,2026.43,2021.1,2025.586,46258,44043.75,39.545765625248606,21.69471624266151,,2040.8280833333333,,,,,,,-9884.65582770145,-4580.135051889509,-4580.135051889509,2037.5887242659521,0,0,0,0,0,0,0,0,0
2024-02-05 13:00:00,2025.595,2027.06,2024.9,2025.9,37915,45939.45,35.93307245985686,22.309197651663624,,2040.5327499999999,,,,,,,-10496.37627342256,-4588.513282792551,-4588.513282792551,2037.3572643794976,0,0,0,0,0,0,0,0,0
2024-02-05 14:00:00,2025.893,2027.51,2024.8,2025.99,33155,46557.25,37.50702740688671,22.485322896281858,,2040.2511833333333,,,,,,,-11294.52109571026,-7132.009280638929,-7132.009280638929,2037.1321700353492,0,0,0,0,0,0,0,0,0
2024-02-05 15:00:00,2025.97,2026.4,2023.6,2024.895,31162,46095.4,36.42172523961657,20.34246575342466,,2039.9666,,,,,,,-11649.459804242528,-7135.924512122589,-7135.924512122589,2036.8898498366293,0,0,0,0,0,0,0,0,0
2024-02-05 16:00:00,2024.95,2025.193,2023.7,2025.005,7924,44648.3,36.819920311654215,20.557729941291836,,2039.6997999999999,,,,,,,-11647.114721368338,-7134.488021963722,-7134.488021963722,2036.6545062755079,0,0,0,0,0,0,0,0,0
2024-02-05 17:00:00,2024.77,2024.77,2024.3,2024.3,4,43044.4,36.1489756591392,19.178082191780767,,2039.5745833333333,,,,,,,-14253.249454905224,-7136.9084572181055,-7136.9084572181055,2036.409862586884,0,0,0,0,0,0,0,0,0
2024-02-05 18:00:00,2024.573,2025.49,2023.2,2025.09,9620,41962.35,36.90295156026284,20.724070450097724,,2039.43635,,,,,,,-14247.817351871194,-7134.188486434831,-7134.188486434831,2036.185706892094,0,0,0,0,0,0,0,0,0
2024-02-05 19:00:00,2025.08,2027.62,2024.6,2026.91,13381,41828.5,37.98937065880868,24.285714285714487,,2039.3151166666664,,,,,,,-14239.990124936427,-7130.269225617566,-7130.269225617566,2036.0020295278941,0,0,0,0,0,0,0,0,0
2024-02-05 20:00:00,2026.793,2028.64,2026.1,2027.22,28780,41727.3,37.8804118639304,24.892367906066635,,2039.1020166666667,,,,,,,-13978.922122602939,-7130.662294863158,-7130.662294863158,2035.8281279530843,0,0,0,0,0,0,0,0,0
2024-02-05 21:00:00,2027.08,2027.38,2024.4,2025.952,20992,41283.15,37.38908799888665,22.410958904109627,,2038.7668166666667,,,,,,,-13982.396831690943,-7132.434747478757,-7132.434747478757,2035.6325610629242,0,0,0,0,0,0,0,0,0
2024-02-05 22:00:00,2025.966,2026.42,2023.1,2023.91,22829,40289.7,36.81582238363641,18.414872798434633,,2038.3009833333335,,,,,,,-13986.451043962867,-7134.50280525383,-7134.50280525383,2035.400431140886,0,0,0,0,0,0,0,0,0
2024-02-05 23:00:00,2023.853,2026.43,2023.1,2026.236,18066,38147.1,38.32820113697903,24.501043841336287,,2037.7505833333335,,,,,,,-13975.75529606087,-7129.046893445235,-7129.046893445235,2035.218957256908,0,0,0,0,0,0,0,0,0
2024-02-06 00:00:00,2026.236,2029.85,2025.5,2029.55,27298,37131.45,39.62750099377243,34.04977375565615,,2037.33585,,,,,,,-13485.136511988028,-7793.498417546306,-7793.498417546306,2035.1067006775631,0,0,0,0,0,0,0,0,0
2024-02-06 01:00:00,2029.46,2029.69,2025.7,2026.593,25080,36497.6,38.47139647494918,27.723521320495426,,2036.8499000000002,,,,,,,-15895.008863655261,-8135.152752264527,-8135.152752264527,2034.938112545334,0,0,0,0,0,0,0,0,0
2024-02-06 02:00:00,2026.593,2029.01,2025.7,2026.253,29330,36200.15,38.125360335853344,27.256493506493413,,2036.375616666667,,,,,,,-22662.56731044739,-8136.577355554341,-8136.577355554341,2034.7661301186938,0,0,0,0,0,0,0,0,0
2024-02-06 03:00:00,2026.253,2026.71,2023.0,2023.85,29030,35574.9,37.461302779816776,21.6836734693876,,2035.8482,,,,,,,-28985.96638277678,-9895.088574675583,-9895.088574675583,2034.5499691262444,0,0,0,0,0,0,0,0,0
2024-02-06 04:00:00,2023.773,2025.38,2022.7,2023.61,28601,32984.1,37.46937472566941,21.12708719851559,,2035.3326166666666,,,,,,,-27765.46329055061,-10488.22612877634,-10488.22612877634,2034.3333360742395,0,0,0,0,0,0,0,0,0
2024-02-06 05:00:00,2023.553,2026.27,2023.0,2023.92,25272,29951.75,37.946317454455,21.846011131725643,,2034.826283333333,,,,,,,-27758.79276287528,-11292.011440502489,-11292.011440502489,2034.127131399502,0,0,0,0,0,0,0,0,0
2024-02-06 06:00:00,2023.785,2027.54,2022.5,2026.693,27687,26189.45,39.59795813382933,28.276901669758846,,2034.3576666666665,,,,,,,-26978.259073009456,-11630.754074594633,-11630.754074594633,2033.9799208767397,0,0,0,0,0,0,0,0,0
2024-02-06 07:00:00,2026.686,2027.94,2024.1,2027.686,38117,25025.05,39.29432164361335,30.579777365491545,,2033.9033333333332,,,,,,,-26982.390181719882,-11632.542275361511,-11632.542275361511,2033.8552887801704,0,0,0,0,0,0,0,0,0
2024-02-06 08:00:00,2027.712,2030.92,2025.9,2029.186,70692,26246.75,39.34256852880631,34.058441558441466,,2033.4782,,,,,,,-23552.938616047224,-12028.973395074208,-12028.973395074208,2033.7628276162066,0,0,0,0,0,0,0,0,0
2024-02-06 09:00:00,2029.23,2032.99,2026.6,2030.583,77479,28224.95,40.28413138108429,37.29823747680919,,2033.0907499999998,,,,,,,-18896.24278950347,-10677.20859177347,-10677.20859177347,2033.6998607327173,0,0,0,0,0,0,0,0,0
2024-02-06 10:00:00,2030.572,2038.3,2029.485,2036.32,94936,31314.0,52.12413488440582,50.6029684601113,,2032.7860833333334,,,,,,,-12470.733323516455,-8245.276744183186,-8245.276744183186,2033.7517446786042,0,0,1,0,0,0,0,0,0
2024-02-06 11:00:00,2036.32,2038.86,2034.7,2036.45,61609,32836.35,50.523112041088126,50.90445269016721,,2032.4765833333333,,,,,,,-12053.648459406626,-8062.302495726273,-8062.302495726273,2033.8051754770477,0,0,1,0,0,0,0,0,0
2024-02-06 12:00:00,2036.546,2038.45,2032.005,2037.14,56116,35245.95,50.995072024260864,52.50463821892429,,2032.1705833333333,,,,,,,-12050.763618433686,-8060.365057371705,-8060.365057371705,2033.8712116062152,0,0,1,0,0,0,0,0,0
2024-02-06 13:00:00,2037.023,2038.34,2033.5,2036.59,50333,37762.4,50.17495018448423,51.22912801484224,,2031.8590833333333,,,,,,,-12055.776588114473,-8063.73173159082,-8063.73173159082,2033.9250490001514,0,0,1,0,0,0,0,0,0
2024-02-06 14:00:00,2036.58,2036.9,2034.6,2035.97,36639,39113.35,50.33956994184269,49.7912801484232,,2031.5417,,,,,,,-12054.770354878787,-8063.055952619726,-8063.055952619726,2033.9655430793562,0,0,1,0,0,0,0,0,0
2024-02-06 15:00:00,2035.98,2036.99,2034.8,2035.673,25281,39708.35,49.15425889318438,49.10250463821905,,2031.2371666666668,,,,,,,-12062.015532437823,-8309.576251508148,-8309.576251508148,2033.9993541074878,0,0,1,0,0,0,0,0,0
2024-02-06 16:00:00,2035.71,2036.15,2034.6,2035.365,7415,38640.1,48.67590439150232,48.38821892393335,,2030.9435833333332,,,,,,,-12064.939459709716,-9173.924024270807,-9173.924024270807,2034.0263966004088,0,0,1,0,0,0,0,0,0
2024-02-06 17:00:00,2035.75,2035.75,2035.4,2035.6,5,37590.75,49.828253965093225,48.933209647495275,,2030.6268333333333,,,,,,,-12057.895758159651,-11099.503074520877,-11099.503074520877,2034.0575570637668,0,0,1,0,0,0,0,0,0
2024-02-06 18:00:00,2035.704,2036.31,2034.0,2035.166,8224,36860.5,47.89374942333118,47.92671614100183,,2030.2795166666667,,,,,,,-12069.720358048171,-12069.720358048171,-12069.720358048171,2034.0795064288407,0,0,1,0,0,0,0,0,0
2024-02-06 19:00:00,2035.166,2036.15,2034.0,2034.993,13215,36617.95,47.726038068490425,47.52551020408161,,2029.9438166666666,,,,,,,-12070.745488578983,-12070.745488578983,-12070.745488578983,2034.0975954104476,0,0,1,0,0,0,0,0,0
2024-02-06 20:00:00,2034.993,2035.81,2033.8,2035.07,24504,36478.25,47.82113854482816,74.2063492063489,,2029.9999166666666,,,,,,,-12070.164189823863,-12070.164189823863,-12070.164189823863,2034.1168509468744,0,0,0,0,0,0,0,0,0
2024-02-06 21:00:00,2034.973,2035.58,2033.6,2034.37,18975,36173.0,49.3388202437373,71.68109668109621,,2029.9835833333334,,,,,,,-13379.14078425653,-12060.887406823196,-12060.887406823196,2034.1218637994114,0,0,0,0,0,0,0,0,0
2024-02-06 22:00:00,2034.35,2035.47,2033.7,2034.45,14720,35442.5,48.100744529819195,71.96969696969705,,2029.97375,,,,,,,-15260.796724307176,-12068.45510678602,-12068.45510678602,2034.1283615459577,0,0,0,0,0,0,0,0,0
2024-02-06 23:00:00,2034.373,2035.42,2033.7,2035.195,8483,34415.15,50.93969049473432,74.65728715728686,,2029.9566166666666,,,,,,,-16114.684416845572,-12051.102136340329,-12051.102136340329,2034.1494830995032,0,0,0,0,0,0,0,0,0
2024-02-07 00:00:00,2035.194,2035.47,2032.9,2033.315,16302,33800.2,50.62369595943738,67.8751803751805,,2029.9242,,,,,,,-21107.853909766,-12053.033643279796,-12053.033643279796,2034.1329586816912,0,0,0,0,0,0,0,0,0
2024-02-07 01:00:00,2033.32,2034.29,2032.0,2033.395,20518,33562.5,50.84061491402668,68.16378066378053,,2029.8572833333335,,,,,,,-28879.874418163297,-12051.707732799421,-12051.707732799421,2034.1183456384895,0,0,0,0,0,0,0,0,0
2024-02-07 02:00:00,2033.493,2036.16,2032.9,2035.105,31489,33752.6,53.04818759469057,74.33261183261183,,2029.8077833333332,,,,,,,-30681.42344814412,-12038.214012257467,-12038.214012257467,2034.1378833486185,0,0,0,0,0,0,0,0,0
2024-02-07 03:00:00,2035.105,2035.28,2030.8,2032.806,39957,33844.6,51.08050185292681,66.03896103896112,,2029.7554666666665,,,,,,,-26256.226765876432,-12050.241431216902,-12050.241431216902,2034.111509420923,0,0,0,0,0,0,0,0,0
2024-02-07 04:00:00,2032.87,2034.95,2031.9,2034.33,35296,32074.8,53.87367269744334,71.5367965367962,,2029.67305,,,,,,,-31937.42047338513,-12033.168259795651,-12033.168259795651,2034.1158359670433,0,0,0,0,0,0,0,0,0
2024-02-07 05:00:00,2034.36,2034.37,2032.2,2033.24,31182,29759.95,55.78679125079629,67.60461760461757,,2029.5698833333333,,,,,,,-31906.513873169406,-12021.474381107675,-12021.474381107675,2034.0984926805672,0,0,0,0,0,0,0,0,0
2024-02-07 06:00:00,2033.16,2035.753,2032.3,2034.13,32948,26660.55,56.80127335966515,77.46645619573864,,2029.4833833333334,,,,,,,-35825.74821488817,-12015.273390222168,-12015.273390222168,2034.0991165878827,0,0,0,0,0,0,0,0,0
2024-02-07 07:00:00,2034.035,2034.24,2030.2,2033.406,39046,25532.4,55.34587436657416,77.61083743842376,,2029.4464833333332,,,,,,,-32321.67145062943,-12024.16947208703,-12024.16947208703,2034.0853915069345,0,0,0,0,0,0,0,0,0
2024-02-07 08:00:00,2033.475,2036.64,2031.9,2036.12,61461,25799.65,55.12113677585179,88.75205254515592,,2029.4159,,,,,,,-30668.926447579684,-12025.543173741811,-12025.543173741811,2034.1256807840248,0,0,0,0,0,0,0,0,0
2024-02-07 09:00:00,2036.093,2044.55,2032.5,2042.46,91185,27842.25,61.635591220202926,93.04492512479227,,2029.5647333333332,,,,,,,-13718.218876514353,-8892.809110112476,-8892.809110112476,2034.2907168081033,0,0,0,0,0,0,0,0,0
2024-02-07 10:00:00,2042.46,2043.27,2035.3,2038.235,97290,30874.8,63.58655953250535,78.98502495840245,,2029.6652666666666,,,,,,,-13704.623278519213,-8883.961181258497,-8883.961181258497,2034.3688214257645,0,0,0,0,0,0,0,0,0
2024-02-07 11:00:00,2038.31,2040.93,2037.5,2038.373,61635,32692.5,60.03100236526666,79.44425956738796,,2029.7731500000002,,,,,,,-13729.400680381505,-8900.08615707364,-8900.08615707364,2034.448112090601,0,0,0,0,0,0,0,0,0
2024-02-07 12:00:00,2038.373,2038.45,2033.7,2035.564,49220,34782.75,62.3220776338059,70.09650582362765,,2029.8706666666667,,,,,,,-13713.434999067642,-9593.046075140292,-9593.046075140292,2034.470208880886,0,0,0,0,0,0,0,0,0
2024-02-07 13:00:00,2035.584,2037.23,2033.6,2034.735,46741,37119.55,59.148165987943315,67.33777038269527,,2029.9350833333333,,,,,,,-13735.552850258324,-10545.58624135159,-10545.58624135159,2034.4754522693834,0,0,0,0,0,0,0,0,0
2024-02-07 14:00:00,2034.735,2035.8,2033.8,2035.59,25942,38005.45,57.58108517732629,70.18302828618953,,2030.0694166666665,,,,,,,-13746.47327402569,-10969.464706532974,-10969.464706532974,2034.4975225214746,0,0,0,0,0,0,0,0,0
2024-02-07 15:00:00,2035.57,2035.83,2034.0,2034.67,21811,38435.25,56.58546841678423,67.12146422628986,,2030.25675,,,,,,,-13753.411369917967,-13095.914580705003,-13095.914580705003,2034.5009379170888,0,0,0,0,0,0,0,0,0
2024-02-07 16:00:00,2034.69,2035.12,2033.2,2034.805,8926,37656.35,56.61478891206792,67.57071547420996,,2030.4602833333333,,,,,,,-13753.207045909023,-13753.207045909023,-13753.207045909023,2034.5069589484335,0,0,0,0,0,0,0,0,0
2024-02-07 17:00:00,2034.7,2035.1,2034.6,2035.1,5,36707.85,57.75090762710565,68.5524126455905,,2030.6376166666666,,,,,,,-13745.28984231991,-13745.28984231991,-13745.28984231991,2034.5187023355932,0,0,0,0,0,0,0,0,0
2024-02-07 18:00:00,2035.292,2036.64,2034.08,2036.53,7907,36367.2,58.581406084793805,73.31114808652248,,2030.7865666666664,,,,,,,-13739.502396621734,-13739.502396621734,-13739.502396621734,2034.558530012116,0,0,0,0,0,0,0,0,0
2024-02-07 19:00:00,2036.413,2037.77,2036.1,2037.234,12851,36585.6,59.630677587490624,75.65391014975027,,2031.0281333333335,,,,,,,-13732.19040008726,-13732.19040008726,-13732.19040008726,2034.6115096158364,0,0,0,0,0,0,0,0,0
2024-02-07 20:00:00,2037.27,2038.13,2036.3,2037.144,22004,36870.7,59.0699774266366,75.3544093178038,,2031.38195,,,,,,,-13736.097718281366,-13736.097718281366,-13736.097718281366,2034.6616579402753,0,0,0,0,0,0,0,0,0
2024-02-07 21:00:00,2037.215,2038.69,2035.4,2036.064,20620,36875.8,56.96545426875665,71.08688245315194,,2031.5936833333333,,,,,,,-13750.7633848868,-13750.7633848868,-13750.7633848868,2034.689427089973,0,0,0,0,0,0,0,0,0
2024-02-07 22:00:00,2036.15,2036.57,2031.4,2032.753,18072,36204.95,54.026284001106,56.548802946592694,,2031.8429,,,,,,,-15037.062479079199,-13771.245407657887,-13771.245407657887,2034.6510819990824,0,0,0,0,0,0,0,0,0
2024-02-07 23:00:00,2032.76,2034.04,2031.2,2032.125,13798,34897.0,54.5342363120859,47.01492537313462,,2032.0083166666666,,,,,,,-14806.485121257885,-13767.705670299143,-13767.705670299143,2034.6010605733582,0,0,1,0,0,0,0,0,0
2024-02-08 00:00:00,2032.164,2033.77,2031.0,2033.45,21731,34218.75,57.081984737357786,49.65986394557854,,2032.1393833333334,,,,,,,-16087.35138763362,-13749.951325872158,-13749.951325872158,2034.5782672946777,0,0,1,0,0,0,0,0,0
2024-02-08 01:00:00,2033.453,2034.23,2031.9,2033.273,19321,33625.7,55.3960585844642,48.857142857142556,,2032.2622666666668,,,,,,,-19895.30656007576,-13761.699940178036,-13761.699940178036,2034.5524204175554,0,0,1,0,0,0,0,0,0
2024-02-08 02:00:00,2033.175,2035.11,2031.2,2032.809,30971,33526.85,52.613262769625514,46.75283446712014,,2032.3759166666666,,,,,,,-25726.745607676992,-13781.092245507924,-13781.092245507924,2034.5178972409701,0,0,1,0,0,0,0,0,0
2024-02-08 03:00:00,2032.824,2033.37,2028.6,2030.8,41411,33645.1,53.42550523555933,37.641723356008946,,2032.474333333333,,,,,,,-19575.5648638693,-12383.53915212812,-12383.53915212812,2034.4442755134262,0,0,0,0,0,0,0,0,0
2024-02-08 04:00:00,2030.746,2036.06,2029.5,2035.36,35726,32358.35,56.93845520898404,58.32199546485227,,2032.6469166666668,,,,,,,-19540.748709524156,-12361.514387404452,-12361.514387404452,2034.4624086715762,0,0,0,0,0,0,0,0,0
2024-02-08 05:00:00,2035.3,2038.5,2034.3,2036.07,41036,29850.9,59.55673037820248,61.54195011337852,,2032.8430833333334,,,,,,,-19514.799500711288,-12345.098869102143,-12345.098869102143,2034.4942421632281,0,0,0,0,0,0,0,0,0
2024-02-08 06:00:00,2036.044,2036.273,2027.5,2029.31,45210,27246.9,54.04519260794279,30.88435374149642,,2032.9134166666668,,,,,,,-17635.878528972724,-11574.514999366937,-11574.514999366937,2034.3915839025701,0,0,0,0,0,0,0,0,0
2024-02-08 07:00:00,2028.995,2029.38,2023.4,2024.924,52865,26808.4,50.67355427344686,10.993197278911488,,2032.8803166666667,,,,,,,-12902.069625418955,-9327.311800125608,-9327.311800125608,2034.2041069936083,0,0,0,0,0,0,0,0,0
2024-02-08 08:00:00,2025.03,2026.68,2020.5,2021.026,82913,28493.05,46.254708875817926,2.187110187110471,,2032.7770833333334,,,,,,,-10853.465041914107,-8208.920129414495,-8208.920129414495,2033.9431543798735,0,0,0,0,0,0,0,0,0
2024-02-08 09:00:00,2020.965,2034.0,2019.9,2028.29,92363,30774.15,50.36862534482341,34.036511156186286,,2032.81605,,,,,,,-10481.80614505152,-7989.985292718813,-7989.985292718813,2033.8312107287868,0,0,0,0,0,0,0,0,0
2024-02-08 10:00:00,2028.264,2033.28,2027.4,2031.91,79902,33472.15,51.6205411322372,48.722109533468796,,2032.9493833333331,,,,,,,-10475.143474549051,-7984.906526846953,-7984.906526846953,2033.7931669519792,0,0,1,0,0,0,0,0,0
2024-02-08 11:00:00,2031.904,2032.32,2027.2,2031.89,56237,35193.45,50.79050188099531,48.64097363083195,,2033.0436166666666,,,,,,,-10479.560926657843,-7988.273826040631,-7988.273826040631,2033.7554804776826,0,0,1,0,0,0,0,0,0
2024-02-08 12:00:00,2031.866,2033.13,2029.9,2031.66,41551,36824.7,46.98037894300314,47.707910750507324,,2033.0787833333334,,,,,,,-10607.094736865627,-8003.730714227213,-8003.730714227213,2033.713985814758,0,0,1,0,0,0,0,0,0
2024-02-08 13:00:00,2031.72,2035.34,2030.7,2031.995,50185,39333.7,47.12086548528433,49.06693711967491,,2033.1688166666665,,,,,,,-10606.339432874867,-8003.160789106396,-8003.160789106396,2033.6799464916935,0,0,1,0,0,0,0,0,0
2024-02-08 14:00:00,2031.995,2033.51,2031.0,2032.55,28144,40345.55,47.02843380981967,51.318458417849634,,2033.2737666666665,,,,,,,-10606.836377366613,-8003.53576547745,-8003.53576547745,2033.6575713136401,0,0,1,0,0,0,0,0,0
2024-02-08 15:00:00,2032.55,2033.82,2032.2,2032.885,23032,40854.6,47.594686887310644,52.67748478701814,,2033.4243500000002,,,,,,,-10603.792005982252,-8439.475024016683,-8439.475024016683,2033.6422728717857,0,0,1,0,0,0,0,0,0
2024-02-08 16:00:00,2032.889,2034.48,2032.7,2033.785,6401,40074.45,48.58662043805067,56.328600405679786,,2033.5939333333333,,,,,,,-10598.459029903006,-9373.815404479088,-9373.815404479088,2033.6450991515524,0,0,0,0,0,0,0,0,0
2024-02-08 17:00:00,2033.85,2033.85,2033.8,2033.8,2,39043.55,48.78400311627601,56.389452332656965,,2033.7586000000001,,,,,,,-10597.397832708246,-10490.239472505205,-10490.239472505205,2033.648166495086,0,0,0,0,0,0,0,0,0
2024-02-08 18:00:00,2034.184,2035.78,2032.52,2034.185,6172,38448.55,49.23468064131164,57.951318458417575,,2033.8834666666667,,,,,,,-10594.974835261819,-10487.840975831254,-10487.840975831254,2033.65879686152,0,0,0,0,0,0,0,0,0
2024-02-08 19:00:00,2034.206,2034.44,2031.6,2032.034,13323,38424.8,47.74326650465788,49.22515212981777,,2033.9559333333334,,,,,,,-10602.993190835225,-10495.778251704876,-10495.778251704876,2033.6266226662424,0,0,1,0,0,0,0,0,0
2024-02-08 20:00:00,2032.034,2035.06,2031.975,2034.126,19286,38302.55,49.355366573277486,57.7119675456388,,2034.0382666666667,,,,,,,-12035.330320813195,-10487.198687742024,-10487.198687742024,2033.6365113263166,0,0,0,0,0,0,0,0,0
2024-02-08 21:00:00,2034.075,2035.13,2033.5,2034.33,13471,38010.05,49.58920405963046,58.539553752535156,,2034.1007166666668,,,,,,,-12407.498714989826,-10485.95420936867,-10485.95420936867,2033.6502437753004,0,0,0,0,0,0,0,0,0
2024-02-08 22:00:00,2034.34,2034.8,2032.6,2033.52,10917,37007.35,49.04826231118754,55.253549695740226,,2034.05405,,,,,,,-12410.905149173976,-10488.833090414137,-10488.833090414137,2033.647664690641,0,0,0,0,0,0,0,0,0
2024-02-08 23:00:00,2033.466,2033.75,2031.9,2032.684,10298,35451.7,48.96648113184419,51.86206896551704,,2033.9912833333333,,,,,,,-12411.420144006112,-10489.2683281967,-10489.2683281967,2033.6285822215193,0,0,1,0,0,0,0,0,0
2024-02-09 00:00:00,2032.684,2034.07,2031.7,2032.775,9080,34119.4,48.973362589945715,52.2312373225155,,2033.9185333333332,,,,,,,-23056.25451526889,-10489.23170521585,-10489.23170521585,2033.6116796032713,0,0,1,0,0,0,0,0,0
2024-02-09 01:00:00,2032.805,2034.39,2031.9,2033.793,10838,32609.5,49.14355528405617,56.36105476673379,,2033.8719166666667,,,,,,,-23054.27091743544,-10488.32594313969,-10488.32594313969,2033.615270106177,0,0,0,0,0,0,0,0,0
2024-02-09 02:00:00,2033.728,2035.0,2032.4,2033.57,27327,31715.35,50.15899143316741,55.45638945233233,,2033.8319166666668,,,,,,,-33669.064771545454,-10482.921812489816,-10482.921812489816,2033.6143736684307,0,0,0,0,0,0,0,0,0
2024-02-09 03:00:00,2033.564,2034.12,2030.2,2032.41,45107,31327.45,49.394017693452994,50.750507099391726,,2033.7775333333332,,,,,,,-35498.315095099875,-10594.118184443852,-10594.118184443852,2033.5905246848974,0,0,1,0,0,0,0,0,0
2024-02-09 04:00:00,2032.304,2033.57,2030.7,2031.513,35217,28942.65,47.767834949042935,47.11156186612533,,2033.7133333333334,,,,,,,-35527.458155035536,-10602.861102424553,-10602.861102424553,2033.5493855822263,0,0,1,0,0,0,0,0,0
2024-02-09 05:00:00,2031.524,2033.16,2030.6,2032.744,29129,25780.95,49.96095324465933,52.10547667342757,,2033.665733333333,,,,,,,-35488.154959773594,-10591.07014384597,-10591.07014384597,2033.5334373528754,0,0,1,0,0,0,0,0,0
2024-02-09 06:00:00,2032.638,2033.55,2031.0,2031.493,30282,23299.95,48.207131030473086,47.03042596348849,,2033.6045166666665,,,,,,,-35519.58546540417,-10600.499295535143,-10600.499295535143,2033.4930326528183,0,0,1,0,0,0,0,0,0
2024-02-09 07:00:00,2031.6,2032.19,2028.2,2028.706,41449,22560.55,47.19486240348439,35.72413793103392,,2033.4997333333333,,,,,,,-26134.63242211787,-10605.941599981319,-10605.941599981319,2033.3982399270199,0,0,0,0,0,0,0,0,0
2024-02-09 08:00:00,2028.706,2037.24,2025.3,2027.026,98603,25413.15,45.64737886920074,28.90872210953353,,2033.3656666666668,,,,,,,-16580.00520210042,-10614.26140392908,-10614.26140392908,2033.272056958168,0,0,0,0,0,0,0,0,0
2024-02-09 09:00:00,2027.13,2030.6,2022.9,2025.23,101590,27983.4,45.05551658240403,21.62271805273816,,2033.2133333333331,,,,,,,-13792.499884362674,-10617.44345923444,-10617.44345923444,2033.112808305531,0,0,0,0,0,0,0,0,0
2024-02-09 10:00:00,2025.212,2027.22,2021.7,2022.47,77219,30437.15,41.74967361346166,10.425963488843614,,2033.0136666666665,,,,,,,-12740.993091290495,-10635.216808529829,-10635.216808529829,2032.9020596262135,0,0,0,0,0,0,0,0,0
2024-02-09 11:00:00,2022.395,2023.85,2019.9,2021.6,58677,32219.4,36.49908095373684,6.896551724137232,,2032.7870833333334,,,,,,,-11438.298264396037,-11438.298264396037,-11438.298264396037,2032.6782564652983,0,0,0,0,0,0,0,0,0
2024-02-09 12:00:00,2021.59,2024.75,2020.8,2024.61,35192,33658.95,41.040781704125436,19.10750507099325,,2032.642,,,,,,,-11412.106218546043,-11412.106218546043,-11412.106218546043,2032.5184890105397,0,0,0,0,0,0,0,0,0
2024-02-09 13:00:00,2024.626,2026.34,2022.3,2023.693,32173,35267.5,40.44494779869285,15.387423935090927,,2032.4803,,,,,,,-11415.542400238275,-11415.542400238275,-11415.542400238275,2032.343726851915,0,0,0,0,0,0,0,0,0
2024-02-09 14:00:00,2023.693,2026.14,2022.9,2024.75,21503,36034.05,42.79700530200076,19.675456389452073,,2032.3077166666667,,,,,,,-11401.978054775136,-11401.978054775136,-11401.978054775136,2032.1933560231644,0,0,0,0,0,0,0,0,0
2024-02-09 15:00:00,2024.695,2026.25,2023.4,2025.11,22503,36493.05,43.54866817700434,21.135902636916178,,2032.17945,,,,,,,-11397.643205438322,-11397.643205438322,-11397.643205438322,2032.053091547458,0,0,0,0,0,0,0,0,0
2024-02-09 16:00:00,2025.054,2025.57,2023.56,2024.155,8613,35959.4,42.345743470286536,17.261663286003675,,2032.0098666666668,,,,,,,-11404.580487483985,-11404.580487483985,-11404.580487483985,2031.896693695033,0,0,0,0,0,0,0,0,0
2024-02-11 17:00:00,2024.49,2024.49,2024.49,2024.49,1,35285.9,43.13201640759917,18.620689655172185,,2031.8640333333335,,,,,,,-11400.046041478721,-11400.046041478721,-11400.046041478721,2031.7500264931512,0,0,0,0,0,0,0,0,0
2024-02-11 18:00:00,2023.604,2026.95,2023.189,2025.44,12369,35358.5,43.75058390166419,22.47464503042594,,2031.7191999999998,,,,,,,-11396.478754892418,-11396.478754892418,-11396.478754892418,2031.6250754734847,0,0,0,0,0,0,0,0,0
2024-02-11 19:00:00,2025.44,2025.94,2024.5,2025.072,8468,35267.0,43.3146666666666,20.98174442190599,,2031.5803,,,,,,,-11398.992695117318,-11398.992695117318,-11398.992695117318,2031.4953116027227,0,0,0,0,0,0,0,0,0
2024-02-11 20:00:00,2025.09,2026.62,2023.0,2023.455,14908,35558.4,41.30501283466545,14.421906693711383,,2031.3692166666665,,,,,,,-11410.582394263807,-11410.582394263807,-11410.582394263807,2031.3360975115795,0,0,0,0,0,0,0,0,0
2024-02-11 21:00:00,2023.484,2023.91,2021.8,2022.353,11818,35607.4,40.15611563140833,10.496362858365366,,2031.0341,,,,,,,-11417.208099011541,-11417.208099011541,-11417.208099011541,2031.1582143925382,0,0,0,0,0,0,0,0,0
2024-02-11 22:00:00,2022.36,2023.07,2021.4,2022.834,10951,34788.6,40.58255238496361,13.951497860199586,,2030.7774166666668,,,,,,,-11414.748832843401,-11414.748832843401,-11414.748832843401,2030.993378463973,0,0,0,0,0,0,0,0,0
2024-02-11 23:00:00,2022.853,2024.18,2022.1,2023.14,7798,32923.15,41.40714342703646,17.243214475785074,,2030.5235333333333,,,,,,,-18490.587444607452,-11409.993405841828,-11409.993405841828,2030.8378660191418,0,0,0,0,0,0,0,0,0
2024-02-12 00:00:00,2023.13,2024.04,2022.6,2023.755,8578,31591.2,43.7949962761703,20.516232038318392,,2030.3267166666667,,,,,,,-26995.96999622742,-11396.222628165162,-11396.222628165162,2030.6976112464854,0,0,0,0,0,0,0,0,0
2024-02-12 01:00:00,2023.71,2024.72,2023.1,2024.173,9536,30611.55,44.50038729666919,22.74081958488515,,2030.1506833333333,,,,,,,-28019.852662458772,-11392.154629200348,-11392.154629200348,2030.5684110237826,0,0,0,0,0,0,0,0,0
2024-02-12 02:00:00,2024.183,2026.47,2022.6,2025.424,27331,30464.0,44.443521364681,29.398616285257575,,2029.98125,,,,,,,-32135.877701386824,-11392.482575751606,-11392.482575751606,2030.4665414985593,0,0,0,0,0,0,0,0,0
2024-02-12 03:00:00,2025.493,2027.33,2023.1,2023.615,41513,30467.2,43.46142389037828,19.7711548696111,,2029.797,,,,,,,-33354.7820591851,-11398.1463443462,-11398.1463443462,2030.330867409479,0,0,0,0,0,0,0,0,0
2024-02-12 04:00:00,2023.615,2023.86,2019.9,2020.72,34128,27243.45,42.07642393655364,4.364023416710686,,2029.56225,,,,,,,-26619.429018351144,-11406.133656651995,-11406.133656651995,2030.1405532033505,0,0,0,0,0,0,0,0,0
2024-02-12 05:00:00,2020.72,2021.22,2019.6,2020.866,29364,23632.15,43.325898255892,6.631744368779816,,2029.3250166666667,,,,,,,-25566.28850897934,-11203.367923719368,-11203.367923719368,2029.9568986844722,0,0,0,0,0,0,0,0,0
2024-02-12 06:00:00,2020.866,2022.58,2019.7,2021.655,31482,21345.3,40.300915769061916,10.764798323729954,,2029.0771,,,,,,,-25605.421529507545,-11220.516350515458,-11220.516350515458,2029.7925046511161,0,0,0,0,0,0,0,0,0
2024-02-12 07:00:00,2021.68,2022.34,2020.1,2021.4,31238,19973.35,39.550686648811826,9.429020429545144,,2028.8131999999998,,,,,,,-25615.12695150302,-11224.769350063361,-11224.769350063361,2029.6263164402028,0,0,0,0,0,0,0,0,0
2024-02-12 08:00:00,2021.4,2027.58,2018.3,2019.11,70121,21719.8,42.24051364756702,3.972535556645127,,2028.512633333333,,,,,,,-21293.744465004725,-10433.26022361366,-10433.26022361366,2029.418072550298,0,0,0,0,0,0,0,0,0
2024-02-12 09:00:00,2019.015,2020.4,2013.0,2014.885,80685,24145.4,42.344238541904865,7.392156862745063,,2028.15965,,,,,,,-13516.157485995234,-8129.7679928139205,-8129.7679928139205,2029.1302889354406,0,0,0,0,0,0,0,0,0
2024-02-12 10:00:00,2014.934,2016.99,2011.7,2013.11,67690,26454.75,43.761230730430725,5.261194029850212,,2027.8322666666668,,,,,,,-12392.561519329874,-7705.320161587989,-7705.320161587989,2028.8130554911745,0,0,0,0,0,0,0,0,0
2024-02-12 11:00:00,2013.084,2016.41,2011.5,2015.865,54040,28031.6,39.45836797719436,16.1666666666667,,2027.5612666666666,,,,,,,-12263.940497654321,-7661.389401797998,-7661.389401797998,2028.5566583527354,0,0,0,0,0,0,0,0,0
2024-02-12 12:00:00,2015.865,2020.21,2015.2,2019.34,42503,29726.1,39.3090426617674,29.037037037036733,,2027.3261,,,,,,,-12264.869137675632,-7661.969531228563,-7661.969531228563,2028.3741502665425,0,0,0,0,0,0,0,0,0
2024-02-12 13:00:00,2019.235,2021.59,2017.6,2021.484,40716,31761.85,41.45816916206961,36.97777777777749,,2027.1296166666666,,,,,,,-12251.503923121512,-7653.620166425523,-7653.620166425523,2028.237711647403,0,0,0,0,0,0,0,0,0
2024-02-12 14:00:00,2021.395,2021.6,2018.2,2019.133,33016,32794.2,40.06314152904015,28.27037037037051,,2026.9016833333335,,,,,,,-12260.17946810304,-10321.658944874183,-10321.658944874183,2028.0574203276526,0,0,0,0,0,0,0,0,0
2024-02-12 15:00:00,2019.14,2020.57,2018.5,2020.11,25769,33659.25,40.66745190420088,31.888888888888516,,2026.7235166666667,,,,,,,-12256.421319003783,-12256.421319003783,-12256.421319003783,2027.900045667699,0,0,0,0,0,0,0,0,0
2024-02-12 16:00:00,2019.973,2020.55,2019.2,2019.885,7060,33266.85,40.00315731312638,31.055555555555518,,2026.4656,,,,,,,-12260.552504271658,-12260.552504271658,-12260.552504271658,2027.741331892101,0,0,0,0,0,0,0,0,0
2024-02-12 17:00:00,2019.63,2019.63,2019.63,2019.63,1,32676.0,39.524223504307166,31.585081585081998,,2026.1915999999999,,,,,,,-12263.530948356354,-12263.530948356354,-12263.530948356354,2027.5807114585941,0,0,0,0,0,0,0,0,0
2024-02-12 18:00:00,2020.004,2022.29,2018.2,2018.845,5450,32400.95,38.17102137767193,28.53535353535363,,2026.0171833333334,,,,,,,-12271.94638446727,-12271.94638446727,-12271.94638446727,2027.4077270732753,0,0,0,0,0,0,0,0,0
2024-02-12 19:00:00,2018.784,2019.61,2018.0,2019.436,12624,32642.25,38.72987477638616,30.831390831390515,,2025.9257166666669,,,,,,,-12268.470928007606,-12268.470928007606,-12268.470928007606,2027.2498710916261,0,0,0,0,0,0,0,0,0
2024-02-12 20:00:00,2019.436,2021.26,2019.2,2020.26,12091,32817.9,39.14906880698184,34.032634032633986,,2025.9129500000001,,,,,,,-12265.863999956637,-12265.863999956637,-12265.863999956637,2027.111457802683,0,0,0,0,0,0,0,0,0
2024-02-12 21:00:00,2020.253,2020.4,2018.5,2018.914,8984,32790.3,39.646464646464395,28.803418803418744,,2025.7566833333335,,,,,,,-12262.77074224841,-12262.77074224841,-12262.77074224841,2026.9491319056,0,0,0,0,0,0,0,0,0
2024-02-12 22:00:00,2018.92,2019.16,2016.4,2018.498,12045,32026.0,37.33220932494636,27.187257187257362,,2025.53315,,,,,,,-12277.162877332477,-12277.162877332477,-12277.162877332477,2026.7817827589545,0,0,0,0,0,0,0,0,0
2024-02-12 23:00:00,2018.62,2019.63,2017.9,2018.895,7749,30337.8,37.52767587310294,28.729603729603646,,2025.3165666666669,,,,,,,-18294.460835281778,-12275.94728934643,-12275.94728934643,2026.6256088429354,0,0,0,0,0,0,0,0,0
2024-02-13 00:00:00,2018.904,2021.68,2018.7,2020.692,11093,29186.05,39.79702214303882,35.71095571095573,,2025.1337666666666,,,,,,,-18273.42889580137,-12261.834439409018,-12261.834439409018,2026.5081116381248,0,0,0,0,0,0,0,0,0
2024-02-13 01:00:00,2020.75,2024.13,2020.2,2023.624,13729,28404.3,43.026477832512256,47.10178710178718,,2024.99425,,,,,,,-15585.696929275304,-12241.750759748113,-12241.750759748113,2026.4510005165776,0,0,1,0,0,0,0,0,0
2024-02-13 02:00:00,2023.624,2025.8,2023.3,2025.16,30177,28339.05,44.26624501167072,53.069153069153366,,2024.8710833333332,,,,,,,-18593.714669701378,-12234.040764852849,-12234.040764852849,2026.4254361499127,0,0,1,0,0,0,0,0,0
2024-02-13 03:00:00,2025.192,2026.29,2024.0,2026.066,34270,28490.65,44.17208453381205,56.58896658896669,,2024.7574333333332,,,,,,,-19941.637163460196,-12234.626339963912,-12234.626339963912,2026.4183186023897,0,0,0,0,0,0,0,0,0
2024-02-13 04:00:00,2026.1,2026.91,2024.7,2026.69,28920,26430.6,44.84211473295952,59.0132090132092,,2024.6391833333334,,,,,,,-18758.876168097453,-12230.459485491601,-12230.459485491601,2026.4236984320453,0,0,0,0,0,0,0,0,0
2024-02-13 05:00:00,2026.65,2028.01,2025.6,2026.458,27328,23762.75,45.47486543198609,58.11188811188842,,2024.5168166666667,,,,,,,-16976.099350284505,-11908.086823549454,-11908.086823549454,2026.4243776710148,0,0,0,0,0,0,0,0,0
2024-02-13 06:00:00,2026.546,2029.3,2025.7,2027.67,31574,21956.95,47.09220502111054,62.82051282051309,,2024.4082333333333,,,,,,,-15265.951899061321,-11035.998848196037,-11035.998848196037,2026.4490434597074,0,0,0,0,0,0,0,0,0
2024-02-13 07:00:00,2027.565,2028.98,2026.9,2028.224,32438,20876.85,46.544553849917406,64.97280497280468,,2024.3447333333336,,,,,,,-15270.197256977544,-11039.075540169031,-11039.075540169031,2026.4841911139706,0,0,0,0,0,0,0,0,0
2024-02-13 08:00:00,2028.175,2032.845,2002.9,2004.305,111309,24317.15,34.56490144427276,4.091438555620199,,2023.8477166666667,,,,,,,-6573.167802824282,-6573.167802824282,-6573.167802824282,2026.0449992107237,0,0,0,0,0,0,0,0,0
2024-02-13 09:00:00,2004.275,2005.94,1992.4,1995.67,121607,28361.7,32.41269165247007,7.292595896520935,,2023.2033833333332,,,,,,,-4846.05589899254,-4846.05589899254,-4846.05589899254,2025.443514077838,0,0,0,0,0,0,0,0,0
2024-02-13 10:00:00,1995.555,1995.94,1989.9,1992.25,97042,31563.0,31.82312356261741,4.9640895648498375,,2022.5155499999998,,,,,,,-4559.499071923124,-4559.499071923124,-4559.499071923124,2024.7862167693659,0,0,0,0,0,0,0,0,0
2024-02-13 11:00:00,1992.25,1997.81,1991.5,1994.846,68438,33696.45,34.2504665146173,10.447824250105453,,2021.8849166666666,,,,,,,-4553.846858738819,-4553.846858738819,-4553.846858738819,2024.1933411897746,0,0,0,0,0,0,0,0,0
2024-02-13 12:00:00,1994.89,1996.0,1992.4,1993.615,39709,35328.9,34.802119434115156,7.847486269539342,,2021.2322500000002,,,,,,,-4552.562301934772,-4552.562301934772,-4552.562301934772,2023.5878294830466,0,0,0,0,0,0,0,0,0
2024-02-13 13:00:00,1993.67,1995.79,1992.7,1993.454,41470,37402.35,35.063997792447495,7.5073933248835365,,2020.5599333333334,,,,,,,-4551.952502520796,-4551.952502520796,-4551.952502520796,2022.9911199883327,0,0,0,0,0,0,0,0,0
2024-02-13 14:00:00,1993.47,1993.79,1990.8,1991.754,31853,38722.5,32.31875322886155,3.9163498098855465,,2019.863,,,,,,,-4558.344968613672,-4558.344968613672,-4558.344968613672,2022.3725631568805,0,0,0,0,0,0,0,0,0
2024-02-13 15:00:00,1991.77,1993.69,1990.8,1992.57,27077,39445.15,33.23312969367838,5.640050697084601,,2019.199,,,,,,,-4556.2157883486425,-4556.2157883486425,-4556.2157883486425,2021.7824133913975,0,0,0,0,0,0,0,0,0
2024-02-13 16:00:00,1992.63,1993.62,1991.8,1992.855,9939,39337.55,32.673105965949105,6.242078580481479,,2018.5547,,,,,,,-4557.519837080111,-4557.519837080111,-4557.519837080111,2021.209593324241,0,0,0,0,0,0,0,0,0
2024-02-13 17:00:00,1993.1,1993.1,1992.4,1992.7,5,38888.6,32.3540300977851,5.914659907055259,,2017.8873,,,,,,,-4558.2628243153285,-4558.2628243153285,-4558.2628243153285,2020.6450469217807,0,0,0,0,0,0,0,0,0
2024-02-13 18:00:00,1992.824,1993.4,1990.3,1991.435,10326,38802.65,32.24518145511364,3.242501056188967,,2017.2196666666669,,,,,,,-4558.51628488739,-4558.51628488739,-4558.51628488739,2020.0666301510523,0,0,0,0,0,0,0,0,0
2024-02-13 19:00:00,1991.4,1993.28,1990.3,1992.6,14699,39150.15,32.850044098349926,5.703422053231565,,2016.6179,,,,,,,-4557.107826060434,-4557.107826060434,-4557.107826060434,2019.5227364846949,0,0,0,0,0,0,0,0,0
2024-02-13 20:00:00,1992.65,1992.9,1988.5,1992.744,24459,39818.45,32.26282440760333,9.570413800879269,,2016.0465333333334,,,,,,,-4411.40416189513,-4411.40416189513,-4411.40416189513,2018.992464475097,0,0,0,0,0,0,0,0,0
2024-02-13 21:00:00,1992.744,1993.65,1990.6,1992.25,16283,39946.15,32.21877911890253,8.456421242530157,,2015.4968666666668,,,,,,,-4411.503486032464,-4411.503486032464,-4411.503486032464,2018.4629107231149,0,0,0,0,0,0,0,0,0
2024-02-13 22:00:00,1992.154,1993.1,1990.8,1992.374,10935,38984.05,32.8851003843569,8.736046904949873,,2014.9952666666666,,,,,,,-4410.00090115152,-4410.00090115152,-4410.00090115152,2017.9462986295878,0,0,0,0,0,0,0,0,0
2024-02-13 23:00:00,1992.41,1992.96,1991.5,1992.31,10876,37814.35,33.265376602831736,8.591723982410516,,2014.5070999999998,,,,,,,-11211.20770296538,-4409.14336091367,-4409.14336091367,2017.4386491517741,0,0,0,0,0,0,0,0,0
2024-02-14 00:00:00,1992.296,1993.33,1991.7,1992.99,10017,36869.2,33.41299659856372,10.12515503438946,,2013.9801,5.823605706874209,2030.5936708333334,,,,,-20999.860401734135,-4408.810471082275,-4408.810471082275,2016.9545174854024,0,1,0,0,0,0,0,0,0
2024-02-14 01:00:00,1992.92,1993.01,1990.6,1992.274,11237,36064.65,32.92280794936465,8.510542338482095,,2013.4564500000001,4.894941634241104,2030.4188333333334,,,,,-21005.125585936057,-4409.915868870525,-4409.915868870525,2016.4657943668797,0,1,0,0,0,0,0,0,0
2024-02-14 02:00:00,1992.21,1993.12,1988.9,1989.44,37585,36365.2,31.469581276797825,2.119742924794349,,2012.86795,1.2191958495461164,2030.2225833333332,,,,,-26093.738916309365,-4413.192961378287,-4413.192961378287,2015.930630121991,0,1,0,0,0,0,0,0,0
2024-02-14 03:00:00,1989.44,1990.62,1985.8,1988.386,53414,37414.0,30.80652600641436,5.496864704006821,,2012.2558833333335,3.2406015037594162,2030.0115833333334,,,,,-19569.504244180018,-4155.581834400218,-4155.581834400218,2015.3851919017536,0,1,0,0,0,0,0,0,0
2024-02-14 04:00:00,1988.47,1991.55,1987.9,1991.176,39695,33833.3,31.930228140894314,11.427356786055835,,2011.7062333333333,6.736842105263133,2029.81565,,,,,-24453.939572704672,-4153.193265722399,-4153.193265722399,2014.905801963105,0,1,0,0,0,0,0,0,0
2024-02-14 05:00:00,1991.176,1993.36,1989.6,1992.85,33699,29437.9,33.74475594678266,14.985652035285247,,2011.1788999999999,8.834586466165362,2029.6322333333335,,,,,-24740.87761791119,-4149.336261139791,-4149.336261139791,2014.4690534093802,0,1,0,0,0,0,0,0,0
2024-02-14 06:00:00,1992.774,1993.33,1990.2,1992.175,35625,26367.05,34.55541007022963,13.550855563821852,,2010.6244833333335,7.988721804511282,2029.4444083333333,,,,,-24856.61897999664,-4147.613114953273,-4147.613114953273,2014.0275870052342,0,1,0,0,0,0,0,0,0
2024-02-14 07:00:00,1992.206,1993.26,1989.2,1990.224,35747,24732.5,33.73843083977236,9.403762355191777,,2010.0436833333333,5.5438596491227825,2029.2434666666666,,,,,-24867.026358728584,-4149.349705941598,-4149.349705941598,2013.5562288467147,0,1,0,0,0,0,0,0,0
2024-02-14 08:00:00,1990.234,1993.22,1988.3,1989.15,74133,26453.7,32.80176929344661,7.120841747263537,,2009.4719333333335,4.197994987468845,2029.0235500000001,,,,,-24878.958352949292,-4151.34069658104,-4151.34069658104,2013.0729371863836,0,1,0,0,0,0,0,0,0
2024-02-14 09:00:00,1989.18,1992.28,1986.0,1987.305,83777,28569.05,32.25900448533153,3.1990647252632733,,2008.8878,1.8859649122808395,2028.7557791666666,,,,,-24885.872554326554,-4152.494410701807,-4152.494410701807,2012.5626810044748,0,1,0,0,0,0,0,0,0
2024-02-14 10:00:00,1987.39,1989.02,1984.088,1987.816,84577,31205.25,33.409322249554634,7.646081588284884,,2008.3041666666666,4.573559721268118,2028.4872625,,,,,-20400.320829851702,-4000.817683102822,-4000.817683102822,2012.0726477172575,0,1,0,0,0,0,0,0,0
2024-02-14 11:00:00,1987.836,1993.65,1987.1,1993.035,70361,33369.45,38.5369231737771,18.350185614373537,,2007.8024166666667,10.976297968397441,2028.250075,,,,,-20346.696055492546,-3990.301037443281,-3990.301037443281,2011.6956645941434,0,1,0,0,0,0,0,0,0
2024-02-14 12:00:00,1993.134,1995.27,1990.4,1994.33,51263,35435.65,40.097652542551565,21.006214492277927,,2007.3120000000001,12.565021101187519,2028.0197416666667,,,,,-17384.996847231672,-3987.100000938216,-3987.100000938216,2011.3517900477245,0,1,0,0,0,0,0,0,0
2024-02-14 13:00:00,1994.34,1996.12,1990.8,1991.69,45026,37686.7,37.23749089334914,15.591607358943493,,2006.7706166666665,9.326234174109448,2027.7920124999998,,,,,-16180.605959995537,-3992.966156873164,-3992.966156873164,2010.962447670542,0,1,0,0,0,0,0,0,0
2024-02-14 14:00:00,1991.7,1992.03,1989.3,1991.676,28447,38592.75,34.84164383561634,15.562893533236164,,2006.20815,9.309058788889942,2027.5706458333332,,,,,-16200.518252696107,-8920.219458925389,-8920.219458925389,2010.5805378156797,0,1,0,0,0,0,0,0,0
2024-02-14 15:00:00,1991.676,1991.84,1989.3,1991.09,23685,39042.05,33.05645988493944,14.361014828639876,,2005.6660666666664,8.590146236136958,2027.3885833333334,,,,,-16215.355220371282,-14218.273867621801,-14218.273867621801,2010.1945865718046,0,1,0,0,0,0,0,0,0
2024-02-14 16:00:00,1991.044,1992.91,1990.0,1992.105,10209,38329.55,34.70505681560948,16.44276719240323,,2005.1891499999997,9.835361664540262,2027.1927499999997,,,,,-16201.65345066824,-14206.259606357626,-14206.259606357626,2009.8363769367193,0,1,0,0,0,0,0,0,0
2024-02-14 17:00:00,1991.98,1991.98,1991.3,1991.3,4,37515.6,33.66483715866822,14.79172221424612,,2004.6963833333332,8.847777014427315,2026.9956666666667,,,,,-16210.298893295743,-16210.298893295743,-16210.298893295743,2009.4693199676753,0,1,0,0,0,0,0,0,0
2024-02-14 18:00:00,1991.594,1993.85,1990.92,1993.76,8200,37378.85,35.55336820800936,19.837151588489885,,2004.2314666666668,11.865737560113887,2026.80325,,,,,-16194.602990292577,-16194.602990292577,-16194.602990292577,2009.158244324751,0,1,0,0,0,0,0,0,0
2024-02-14 19:00:00,1993.75,1994.34,1992.2,1993.664,16433,37656.7,35.615998227343155,19.640256783641345,,2003.7692,11.74796349003831,2026.607391666667,,,,,-16194.082461541464,-16194.082461541464,-16194.082461541464,2008.851427605449,0,1,0,0,0,0,0,0,0
2024-02-14 20:00:00,1993.654,1994.34,1991.9,1992.58,17980,38054.85,35.498404355171715,17.416986278893187,,2003.3270333333335,10.41809794876824,2026.4044125,,,,,-16195.059804229058,-16195.059804229058,-16195.059804229058,2008.5292211182123,0,1,0,0,0,0,0,0,0
2024-02-14 21:00:00,1992.46,1993.51,1991.7,1993.1,12047,38095.35,35.447794182654064,18.483499805156043,,2002.96395,11.056040828344232,2026.1799541666667,,,,,-16195.48043398735,-16195.48043398735,-16195.48043398735,2008.2236919871584,0,1,0,0,0,0,0,0,0
2024-02-14 22:00:00,1993.054,1993.28,1989.9,1990.74,13095,36870.85,33.960705902807945,13.643169185963114,,2002.5911166666665,8.160761605653216,2025.9489,,,,,-16207.839877802562,-16207.839877802562,-16207.839877802562,2007.8774802646403,0,1,0,0,0,0,0,0,0
2024-02-14 23:00:00,1990.75,1992.15,1990.0,1992.02,9363,34668.3,35.377019943887404,16.26843325061018,,2002.1937,9.731082539994137,2025.7269000000001,,,,,-16196.068650732417,-16196.068650732417,-16196.068650732417,2007.5634707544496,0,1,0,0,0,0,0,0,0
2024-02-15 00:00:00,1991.97,1992.92,1991.3,1991.835,9154,33141.25,35.46611139577222,15.889000553766763,,2001.7352833333332,9.504122092452738,2025.5072125,,,,,-16195.3281965113,-16195.3281965113,-16195.3281965113,2007.2520158880247,0,1,0,0,0,0,0,0,0
2024-02-15 01:00:00,1991.864,1993.39,1991.1,1993.21,14488,32180.7,36.146917641982654,18.709108435711915,,2001.26405,11.190990283639314,2025.2971708333332,,,,,-21629.19160042152,-16189.669899917131,-16189.669899917131,2006.9739561674699,0,1,0,0,0,0,0,0,0
2024-02-15 02:00:00,1993.2,1994.636,1991.9,1993.785,31185,31958.7,35.2939890471454,19.88842627725271,,2000.8415833333333,11.896407890862847,2025.0925916666667,,,,,-28651.114530100775,-16196.75873464816,-16196.75873464816,2006.7127887186089,0,1,0,0,0,0,0,0,0
2024-02-15 03:00:00,1993.766,1996.0,1993.2,1995.25,39984,32170.55,34.239468538926374,22.893123038743195,,2000.42725,13.693689272745168,2024.897925,,,,,-28666.576707640645,-16205.523034084823,-16205.523034084823,2006.4858028033887,0,1,0,0,0,0,0,0,0
2024-02-15 04:00:00,1995.065,1996.82,1993.4,1996.35,29198,29923.8,33.91940165215435,25.149209344299134,,2000.035,15.043183825694317,2024.7118291666668,,,,,-26002.4015737746,-15317.064077504321,-15317.064077504321,2006.285093836985,0,0,0,0,0,0,0,0,0
2024-02-15 05:00:00,1996.344,1997.94,1995.3,1995.9,30860,27277.95,33.07638795386198,24.226264946572,,1999.6395,14.491117872215298,2024.5621916666666,,,,,-22641.47699127448,-14084.692550145288,-14084.692550145288,2006.0794484144703,0,1,0,0,0,0,0,0,0
2024-02-15 06:00:00,1995.98,1998.1,1995.4,1997.51,27388,24418.5,33.80867828209952,27.528354902885756,,1999.2839166666665,16.46628717244091,2024.4127166666665,,,,,-23854.772216072488,-13918.636323993067,-13918.636323993067,2005.909756366659,0,0,0,0,0,0,0,0,0
2024-02-15 07:00:00,1997.51,1999.07,1995.9,1997.904,34187,22609.8,34.18446472881942,28.33644399778496,,1998.92505,16.949651585042744,2024.26155,,,,,-21327.323176349113,-13014.97487165388,-13014.97487165388,2005.7512265376163,0,0,0,0,0,0,0,0,0
2024-02-15 08:00:00,1998.03,2004.31,1995.585,2003.78,94556,24774.45,37.41783938653396,40.38804684455562,,1998.6503833333334,24.15840612425167,2024.1106083333334,,,,,-13549.494521953406,-9626.496689810443,-9626.496689810443,2005.7121923487525,0,0,0,0,0,0,0,0,0
2024-02-15 09:00:00,2003.696,2008.27,2001.2,2003.696,100868,27566.55,37.01755128829414,40.21576389031303,,1998.3967499999999,24.055353812935472,2023.9340750000001,,,,,-10630.824435012071,-8051.734549299911,-8051.734549299911,2005.6722677477871,0,0,0,0,0,0,0,0,0
2024-02-15 10:00:00,2003.76,2008.18,1999.7,2000.705,89801,30634.25,47.5522858930076,34.081260126750905,,1998.1002,20.385955442143455,2023.7209291666666,,,,,-10573.47694124662,-8008.1701848771445,-8008.1701848771445,2005.5739060102073,0,0,0,0,0,0,0,0,0
2024-02-15 11:00:00,2000.74,2001.5,1998.2,2000.16,68292,32864.6,53.43020413152429,32.9634719117257,,1997.7879500000001,20.523036060884785,2023.4746791666666,,,,,-10541.479563791438,-7983.863186950932,-7983.863186950932,2005.4666999505994,0,0,0,0,0,0,0,0,0
2024-02-15 12:00:00,2000.154,2004.61,1999.9,2003.66,44552,34581.75,58.70620192894652,40.14192833849518,,1997.5040833333333,26.231705355707064,2023.2631208333335,,,,,-10512.758835444012,-7962.045314990705,-7962.045314990705,2005.430923713954,0,0,0,0,0,0,0,0,0
2024-02-15 13:00:00,2003.65,2004.93,2002.4,2004.55,39957,36579.4,57.60239415875406,41.96730725844486,,1997.1861833333335,27.63939917873353,2023.0497875,,,,,-10576.888920860689,-7966.609899269062,-7966.609899269062,2005.4134796800142,0,0,0,0,0,0,0,0,0
2024-02-15 14:00:00,2004.44,2006.44,2003.3,2005.026,32042,37771.5,59.04672808283265,42.943577332485745,,1996.8506166666666,28.474677691345434,2022.8427708333334,,,,,-11252.494303536161,-7960.6371347165905,-7960.6371347165905,2005.4058068150634,0,0,0,0,0,0,0,0,0
2024-02-15 15:00:00,2005.11,2005.12,2003.1,2004.38,28830,38391.35,58.59611027190352,41.618639374859235,,1996.4891833333334,27.596148615568953,2022.6297916666667,,,,,-11255.118752056424,-7962.500577818605,-7962.500577818605,2005.3854938088245,0,0,0,0,0,0,0,0,0
2024-02-15 16:00:00,2004.315,2004.71,2003.4,2004.105,6045,37794.6,59.94012265198723,41.05461779847002,,1996.1127666666664,27.222161779905445,2022.419625,,,,,-11801.831871399057,-9103.25874987249,-9103.25874987249,2005.3601374957784,0,0,0,0,0,0,0,0,0
2024-02-15 17:00:00,2003.95,2003.95,2003.3,2003.5,6,37192.55,58.82647457846127,39.813770330414116,,1995.7301333333332,26.399390741445977,2022.2079583333334,,,,,-12835.922530998985,-10176.455062844152,-10176.455062844152,2005.3233030899214,0,0,0,0,0,0,0,0,0
2024-02-15 18:00:00,2003.574,2004.83,2002.9,2003.44,5566,36816.1,58.57904718678587,39.690711077383895,,1995.3263,26.317793613664946,2021.9939166666668,,,,,-13011.573320869056,-10177.759371709073,-10177.759371709073,2005.286009959428,0,0,0,0,0,0,0,0,0
2024-02-15 19:00:00,2003.404,2003.68,2001.9,2002.428,11881,36942.0,57.77642770352384,37.61511167627238,,1994.8963666666666,24.941522058423768,2021.7750916666666,,,,,-14938.500942918057,-10181.990365295063,-10181.990365295063,2005.2294157028057,0,0,0,0,0,0,0,0,0
2024-02-15 20:00:00,2002.554,2005.63,2002.0,2005.454,20423,37505.45,60.89971854639335,88.35497477462565,,1994.9155166666667,29.05673720285047,2021.569925,,,,,-15031.082217976871,-10165.525996065386,-10165.525996065386,2005.2338629166113,0,0,0,0,0,0,0,0,0
2024-02-15 21:00:00,2005.48,2005.64,2003.6,2004.48,14420,37502.05,59.264169188059746,84.32718550988353,,1995.0623500000002,27.732143828537335,2021.3643,,,,,-15264.649829026004,-10509.721452433054,-10509.721452433054,2005.2189349380644,0,0,0,0,0,0,0,0,0
2024-02-15 22:00:00,2004.49,2004.81,2003.1,2004.254,12212,36553.4,58.96417445482877,83.39260607063075,,1995.262416666667,27.424794647228364,2021.1545250000001,,,,,-15267.014785535512,-10511.354521204044,-10511.354521204044,2005.1998273155284,0,0,0,0,0,0,0,0,0
2024-02-15 23:00:00,2004.28,2004.35,2002.8,2003.5,13735,35240.95,58.72634191746832,80.27458440162113,,1995.4066500000001,26.399390741445977,2020.9398583333334,,,,,-19259.917160700537,-10512.649200231592,-10512.649200231592,2005.1661673686863,0,0,0,0,0,0,0,0,0
2024-02-16 00:00:00,2003.594,2004.76,2003.0,2004.404,11847,34373.4,59.219803801348974,84.01290215863045,,1995.5864666666666,27.628787466681242,2020.7269583333332,,,,,-19428.659280547574,-10509.962962431478,-10509.962962431478,2005.151074945544,0,0,0,0,0,0,0,0,0
2024-02-16 01:00:00,2004.434,2004.73,2002.2,2003.666,14768,33568.8,58.61425493825299,80.96104540567349,,1995.7566666666667,26.625142794973613,2020.5119,,,,,-23538.661954632826,-10513.259363428191,-10513.259363428191,2005.1216675208798,0,0,0,0,0,0,0,0,0
2024-02-16 02:00:00,2003.694,2006.47,2003.1,2005.17,26472,33523.0,59.125235997482854,87.18054751468073,,1995.9802666666665,28.670510798020082,2020.3042208333331,,,,,-29539.950745852904,-10510.477757226614,-10510.477757226614,2005.1226245996743,0,0,0,0,0,0,0,0,0
2024-02-16 03:00:00,2005.12,2005.68,2003.4,2004.98,35956,33611.45,59.59493747356998,86.394839136548,,1996.1870999999999,28.412119893379856,2020.1002,,,,,-42501.2048692879,-10507.920862963754,-10507.920862963754,2005.1198003501759,0,0,0,0,0,0,0,0,0
2024-02-16 04:00:00,2004.914,2006.46,2003.8,2004.984,27196,30243.45,62.26215644820302,86.41138036556093,,1996.3892500000002,28.417559701898465,2019.9002166666667,,,,,-42442.841215576016,-10551.383927486582,-10551.383927486582,2005.1171112343307,0,0,0,0,0,0,0,0,0
2024-02-16 05:00:00,2005.04,2007.55,2004.3,2007.13,24533,26426.7,64.53609206812075,95.28574973120556,,1996.6297499999998,31.336016972202806,2019.7024041666668,,,,,-34289.62668906064,-11220.523633848987,-11220.523633848987,2005.1569704178091,0,0,0,0,0,0,0,0,0
2024-02-16 06:00:00,2007.16,2007.82,2005.9,2007.3,23915,23132.4,63.033918582468594,95.98875196427083,,1996.8941666666665,31.56720883424905,2019.4994666666669,,,,,-32751.11624016186,-11229.27246020689,-11229.27246020689,2005.1994066471595,0,0,0,0,0,0,0,0,0
2024-02-16 07:00:00,2007.214,2008.11,2006.0,2006.87,28154,21125.5,61.56574822636542,94.21056984533914,,1997.1320000000003,30.982429418484397,2019.2983625000002,,,,,-31245.318063988634,-11791.901354756552,-11791.901354756552,2005.2324877036515,0,0,0,0,0,0,0,0,0
2024-02-16 08:00:00,2006.81,2007.01,1994.985,2001.366,86879,23241.85,57.02257063830449,71.44983872301715,,1997.2757,28.576626641526946,2019.1719541666666,,,,,-14765.428033231967,-12847.892696494384,-12847.892696494384,2005.155923590708,0,0,0,0,0,0,0,0,0
2024-02-16 09:00:00,2001.44,2003.39,1995.1,1998.114,93637,25925.85,55.910997902307614,58.0018195351917,,1997.3734333333334,23.198041745228522,2019.0168041666666,,,,,-14773.89715883956,-13029.515817738446,-13029.515817738446,2005.0164795592086,0,0,0,0,0,0,0,0,0
2024-02-16 10:00:00,1998.097,2011.04,1997.105,2007.92,105595,29603.5,62.43507525969907,88.42386464826399,,1997.6325333333334,39.416493003870386,2018.9038041666665,,,,,-12037.059637124219,-12037.059637124219,-12037.059637124219,2005.0739750134817,0,0,0,0,0,0,0,0,0
2024-02-16 11:00:00,2007.876,2010.97,2006.9,2009.23,63529,31338.45,64.62895498885743,93.28435737607619,,1997.9145333333333,41.58314313122301,2018.7913333333333,,,,,-12023.394861483244,-12023.394861483244,-12023.394861483244,2005.1562725379672,0,0,0,0,0,0,0,0,0
2024-02-16 12:00:00,2009.154,2014.42,2008.3,2013.198,47483,33410.35,66.18873893410228,95.97125148358178,,1998.2513333333334,48.14594290628847,2018.6994083333334,,,,,-9924.344024007618,-9924.344024007618,-9924.344024007618,2005.3155146659283,0,0,0,0,0,0,0,0,0
2024-02-16 13:00:00,2013.32,2015.09,2010.9,2013.9,43919,35606.0,64.1214451047012,96.1615379652931,,1998.6117666666664,49.30700274552633,2018.6014499999999,,,,,-9603.897313580188,-9603.897313580188,-9603.897313580188,2005.4855044745239,0,0,0,0,0,0,0,0,0
2024-02-16 14:00:00,2013.86,2015.164,2011.3,2012.67,29870,36821.2,62.423454180892186,91.97451409447834,,1998.998933333333,47.27266712976764,2018.4955958333333,,,,,-9577.092748992018,-9577.092748992018,-9577.092748992018,2005.6277717126522,0,0,0,0,0,0,0,0,0
2024-02-16 15:00:00,2012.63,2013.13,2010.8,2011.86,29291,37691.7,64.01044705620843,89.36800102973328,,1999.3901666666666,45.93298269987751,2018.3952416666664,,,,,-9569.228172574374,-9569.228172574374,-9569.228172574374,2005.7511821737878,0,0,0,0,0,0,0,0,0
2024-02-16 16:00:00,2011.87,2013.929,2011.6,2013.055,8798,37110.45,64.61052717903871,93.21341227957292,,1999.7548166666668,47.909430716814036,2018.2859916666666,,,,,-9566.25438733809,-9566.25438733809,-9566.25438733809,2005.8958122297524,0,0,0,0,0,0,0,0,0
2024-02-18 17:00:00,2013.12,2013.12,2013.12,2013.12,1,36389.5,65.16340409129711,93.42257690822468,,2000.0926499999998,48.01693625748393,2018.1763666666668,,,,,-9563.51452454876,-9563.51452454876,-9563.51452454876,2006.0388654529256,0,0,0,0,0,0,0,0,0
2024-02-18 18:00:00,2015.004,2016.46,2010.5,2013.764,11197,36338.75,64.98457195832356,91.67181514889369,,2000.4524666666664,49.08206807581611,2018.0698833333333,,,,,-8987.196405316246,-8987.196405316246,-8987.196405316246,2006.1918384142539,0,0,0,0,0,0,0,0,0
2024-02-18 19:00:00,2013.824,2020.05,2013.3,2018.73,19586,36631.3,67.9440548461379,96.32945887325528,,2000.9275666666667,57.29549138301753,2017.9995083333333,,,,,-7688.1745268456325,-7688.1745268456325,-7688.1745268456325,2006.4401188416944,0,0,0,0,0,0,0,0,0
2024-02-18 20:00:00,2018.73,2020.73,2016.1,2019.744,41867,38132.3,67.32590083482259,97.30909884831586,,2001.4374666666665,58.97257781747206,2017.9236291666666,,,,,-7487.508639212152,-7487.508639212152,-7487.508639212152,2006.703562032948,0,0,0,0,0,0,0,0,0
2024-02-18 21:00:00,2019.744,2022.85,2018.1,2022.233,19665,38377.15,68.46043500174477,98.40823486920189,,2002.0196,63.08921305944227,2017.8765583333334,,,,,-6913.7791674080545,-6913.7791674080545,-6913.7791674080545,2007.011075656058,0,0,0,0,0,0,0,0,0
2024-02-18 22:00:00,2022.284,2022.36,2019.1,2019.834,13148,37710.95,67.31644089765445,91.56363636363679,,2002.5532333333333,59.12143164301561,2017.8250208333334,,,,,-6917.884654951892,-6917.884654951892,-6917.884654951892,2007.2649949499973,0,0,0,0,0,0,0,0,0
2024-02-18 23:00:00,2019.85,2019.92,2017.8,2018.99,15400,36683.15,66.3823432635604,88.49478390462025,,2002.9858166666666,57.725513545698206,2017.771229166667,,,,,-6950.333898149332,-6921.236880446579,-6921.236880446579,2007.497173267819,0,0,0,0,0,0,0,0,0
2024-02-19 00:00:00,2019.0,2021.42,2018.1,2020.653,18917,36269.2,69.09641092427333,93.45156482861434,,2003.4245333333333,60.47600145545972,2017.7334791666665,,,,,-7488.866145176674,-6911.496820655753,-6911.496820655753,2007.7576846882585,0,0,0,0,0,0,0,0,0
2024-02-19 01:00:00,2020.685,2022.56,2020.0,2021.47,18575,35971.3,68.9126358241929,95.88673621460542,,2003.9208666666668,61.827263405114074,2017.6943124999998,,,,,-12150.390997967583,-6912.1563401249105,-6912.1563401249105,2008.0292156845305,0,0,0,0,0,0,0,0,0
2024-02-19 02:00:00,2021.364,2022.98,2019.5,2020.94,27668,36158.95,68.60862115264132,93.9429928741094,,2004.4086,60.95067976580347,2017.6668541666666,,,,,-13213.1565316577,-6881.144414528846,-6881.144414528846,2008.2848747798862,0,0,0,0,0,0,0,0,0
2024-02-19 03:00:00,2020.87,2021.23,2018.7,2020.073,37230,36612.75,67.28747023618008,91.21221281741254,,2004.89165,59.51672124640292,2017.6528666666668,,,,,-15570.613219261355,-6885.863653380288,-6885.863653380288,2008.5183030020667,0,0,0,0,0,0,0,0,0
2024-02-19 04:00:00,2020.064,2020.71,2018.9,2020.14,26454,33591.5,67.0721753663183,91.41475211608245,,2005.3589,59.62753464986296,2017.6426458333335,,,,,-15572.338338410887,-6886.63270095972,-6886.63270095972,2008.748435615887,0,0,0,0,0,0,0,0,0
2024-02-19 05:00:00,2020.15,2020.56,2017.8,2018.79,23143,30066.8,65.2714345028026,87.33373639661409,,2005.8170666666667,57.394727266712984,2017.6190208333333,,,,,-15586.76735174034,-6893.065066966205,-6893.065066966205,2008.9472784749782,0,0,0,0,0,0,0,0,0
2024-02-19 06:00:00,2018.8,2019.575,2017.8,2018.33,25972,26085.65,64.37879422231532,85.94316807738784,,2006.2265666666667,56.63391882504708,2017.580425,,,,,-15593.919918090402,-6896.253637355515,-6896.253637355515,2009.1330749408203,0,0,0,0,0,0,0,0,0
2024-02-19 07:00:00,2018.29,2019.08,2015.6,2016.76,29936,24406.0,63.44904064369709,81.19709794437713,,2006.6115,54.037246535013786,2017.5555083333336,,,,,-15601.36986663702,-6899.574778911572,-6899.574778911572,2009.2841031598139,0,0,0,0,0,0,0,0,0
2024-02-19 08:00:00,2016.724,2019.34,2016.0,2016.89,40542,24058.95,62.737932485014255,81.5900846432892,,2007.0166666666667,54.252257616354306,2017.5595708333333,,,,,-15607.067848677747,-6902.114904500723,-6902.114904500723,2009.4347149784314,0,0,0,0,0,0,0,0,0
2024-02-19 09:00:00,2016.793,2017.73,2015.7,2017.37,32832,23504.6,62.780009979253606,83.04111245465496,,2007.4211666666665,55.04614468591832,2017.5346124999999,,,,,-20149.999896908404,-6901.964600895652,-6901.964600895652,2009.5918493352942,0,0,0,0,0,0,0,0,0
2024-02-19 10:00:00,2017.3,2017.6,2014.675,2014.873,30628,23542.5,57.62101705162211,75.41843541540338,,2007.8233833333334,50.916277992789006,2017.5224166666667,,,,,-23564.7680066028,-6920.39286639889,-6920.39286639889,2009.6964265761796,0,0,0,0,0,0,0,0,0
2024-02-19 11:00:00,2014.864,2016.66,2013.1,2016.186,23902,23273.05,58.438276943033244,78.68883312421559,,2008.22615,53.08788991432629,2017.4973583333333,,,,,-19784.025537013615,-6917.473559767667,-6917.473559767667,2009.8249329806117,0,0,0,0,0,0,0,0,0
2024-02-19 12:00:00,2016.186,2018.53,2015.9,2017.36,14139,23540.1,61.535371445194045,82.37139272270986,,2008.6515666666667,55.02960537196907,2017.463083333333,,,,,-19752.67842666786,-6906.410532433641,-6906.410532433641,2009.9741422285203,0,0,0,0,0,0,0,0,0
2024-02-19 13:00:00,2017.195,2018.43,2016.735,2017.573,6389,23859.5,62.116088450994326,82.6029601029603,,2009.0576166666667,55.38189275908857,2017.4283875,,,,,-19746.80072418,-6904.336172705831,-6904.336172705831,2010.1246146596386,0,0,0,0,0,0,0,0,0
2024-02-19 14:00:00,2017.52,2018.4,2016.5,2016.5,2252,23412.25,59.24645696508808,78.24042981867017,,2009.4362,53.60722437233311,2017.3888458333336,,,,,-19775.845577276217,-6943.52059912089,-6943.52059912089,2010.2508599139032,0,0,0,0,0,0,0,0,0
2024-02-19 16:00:00,2017.95,2017.95,2017.95,2017.95,1,22433.0,59.572522574008495,82.99526707234624,,2009.8145333333334,56.0054248949755,2017.3599083333334,,,,,-19772.54531807662,-7488.048221936199,-7488.048221936199,2010.4033181334298,0,0,0,0,0,0,0,0,0
2024-02-19 17:00:00,2017.95,2017.95,2017.95,2017.95,1,20339.7,59.29570170895906,82.03250580460814,,2010.1745333333333,56.0054248949755,2017.3305125000002,,,,,-19775.347148694527,-12111.967029173195,-12111.967029173195,2010.5527573783124,0,0,0,0,0,0,0,0,0
2024-02-19 18:00:00,2017.413,2018.01,2014.09,2016.15,9401,19826.5,58.327437385028986,75.6027862118239,,2010.5120333333332,53.02834838410925,2017.2965541666667,,,,,-24043.942959593413,-13283.191843426175,-13283.191843426175,2010.6635938658706,0,0,0,0,0,0,0,0,0
2024-02-19 19:00:00,2016.113,2016.77,2014.8,2016.22,16845,20011.35,58.59646633080254,75.85283086265417,,2010.8238666666666,53.144123581753945,2017.2595958333334,,,,,-25683.3578668747,-15640.252673631367,-15640.252673631367,2010.7736217101108,0,0,0,0,0,0,0,0,0
2024-02-19 20:00:00,2016.135,2019.22,2015.1,2016.953,30934,20788.05,59.52856515518536,78.47115556349341,,2011.14135,54.356455294234415,2017.2181083333335,,,,,-26187.284649394172,-15632.783933051376,-15632.783933051376,2010.8959856366432,0,0,0,0,0,0,0,0,0
2024-02-19 21:00:00,2016.944,2018.29,2016.7,2017.59,19904,20837.4,59.94098637066172,80.7465618860508,,2011.3715166666666,55.41000959280203,2017.1779833333333,,,,,-30164.617971108833,-15629.479275876085,-15629.479275876085,2011.0285403765117,0,0,0,0,0,0,0,0,0
2024-02-19 22:00:00,2017.59,2018.73,2016.8,2018.138,14787,20648.0,61.10938251350652,82.7040542954096,,2011.6122166666669,56.31636399722133,2017.145425,,,,,-31281.900921257864,-15620.117127295598,-15620.117127295598,2011.1693217551947,0,0,0,0,0,0,0,0,0
2024-02-19 23:00:00,2018.27,2019.69,2018.028,2019.49,9982,19763.7,60.166299687101656,87.5334881228791,,2011.9252999999999,58.55247924316108,2017.1270083333334,,,,,-29634.80577106002,-15627.673880712306,-15627.673880712306,2011.3340876610323,0,0,0,0,0,0,0,0,0
2024-02-20 00:00:00,2019.453,2019.55,2017.6,2018.46,18369,18820.65,60.11753126447428,83.85425968923035,,2012.2303,56.84892990638761,2017.0946083333333,,,,,-29635.545807822193,-15628.064653329508,-15628.064653329508,2011.4751948360613,0,0,0,0,0,0,0,0,0
2024-02-20 01:00:00,2018.42,2020.834,2017.6,2019.326,21708,18583.35,60.80770995869673,86.94766922664769,,2012.4914,58.281234494393274,2017.0520083333333,,,,,-25242.982803740175,-19760.043421470462,-19760.043421470462,2011.6306563244561,0,0,0,0,0,0,0,0,0
2024-02-20 02:00:00,2019.373,2022.87,2018.7,2021.51,35431,19197.75,62.654936900980886,94.7490623325593,,2012.7740666666666,61.89342066091103,2017.0308291666668,,,,,-19963.61374717526,-19741.346792499975,-19741.346792499975,2011.8262868922889,0,0,0,0,0,0,0,0,0
2024-02-20 03:00:00,2021.46,2022.98,2020.6,2022.753,48295,20313.9,62.83200693735395,99.18914091802075,,2013.0695166666667,63.94925738480362,2017.0162458333332,,,,,-21948.908808353477,-19739.554585654092,-19739.554585654092,2012.0426574488772,0,0,0,0,0,0,0,0,0
2024-02-20 04:00:00,2022.773,2025.17,2022.4,2024.03,45168,21075.5,64.13459936698318,96.22328971343352,,2013.3970166666666,66.06132777612387,2017.0169958333333,,,,,-17598.875456976442,-16147.186417837534,-16147.186417837534,2012.2800305687015,0,0,0,0,0,0,0,0,0
2024-02-20 05:00:00,2023.965,2027.61,2023.348,2025.989,43689,21232.85,64.35971361962171,95.03141762452148,,2013.7617500000001,69.3013793787835,2017.0269083333335,,,,,-14421.081999854889,-13430.325888217638,-13430.325888217638,2012.5514953099153,0,0,0,0,0,0,0,0,0
2024-02-20 06:00:00,2025.989,2027.32,2025.1,2026.809,46483,21915.4,64.9266284651468,97.5448275862071,,2014.1502333333335,70.65760312262249,2017.0389458333332,,,,,-14416.88884271343,-13426.41882518852,-13426.41882518852,2012.8338221354616,0,0,0,0,0,0,0,0,0
2024-02-20 07:00:00,2026.85,2028.03,2026.1,2026.67,41999,22483.95,64.80151796439895,95.88440006052384,,2014.5374000000002,70.42770665872798,2017.0388500000001,,,,,-13983.418092077425,-13049.554467753467,-13049.554467753467,2013.1078058555513,0,0,0,0,0,0,0,0,0
2024-02-20 08:00:00,2026.586,2030.78,2025.995,2029.94,70393,24808.5,65.33342296316218,97.65330353401338,,2014.9959333333334,75.83606232013513,2017.0482416666669,,,,,-11676.192792311753,-11016.779281882527,-11016.779281882527,2013.4411166306888,1,0,0,0,0,0,0,0,0
2024-02-20 09:00:00,2030.05,2031.13,2025.3,2028.07,67288,27465.95,63.650105152471085,91.53409876884727,,2015.3728666666668,72.7432106116238,2017.0435916666668,,,,,-11948.25410194434,-10812.256765654505,-10812.256765654505,2013.730797489487,0,0,0,0,0,0,0,0,0
2024-02-20 10:00:00,2028.08,2030.03,2025.738,2027.48,62891,30291.05,63.51652675760767,89.90178447918088,,2015.7561999999998,71.76739108861774,2017.0306625,,,,,-12174.569390158253,-10812.997633069166,-10812.997633069166,2014.0030589253388,0,0,0,0,0,0,0,0,0
2024-02-20 11:00:00,2027.47,2028.27,2025.8,2026.88,41068,32231.85,67.88297633733333,88.24180384562187,,2016.1333,70.77503225166245,2016.9913291666667,,,,,-13505.3154792977,-10788.779942665808,-10788.779942665808,2014.2580478575103,0,0,0,0,0,0,0,0,0
2024-02-20 12:00:00,2026.92,2028.69,2025.5,2028.68,31393,33801.45,71.86909736134174,93.22174574629955,,2016.5529666666666,73.7521087625287,2016.9589541666667,,,,,-13572.441749048412,-10766.6716729819,-10766.6716729819,2014.5436310682526,0,0,0,0,0,0,0,0,0
2024-02-20 13:00:00,2028.68,2028.91,2026.6,2027.19,23030,34952.9,65.64936330561335,89.09946050629401,,2016.9327333333333,71.28775098408934,2016.9174958333335,,,,,-14426.833974089857,-10801.168256762978,-10801.168256762978,2014.7940542154158,0,0,0,0,0,0,0,0,0
2024-02-20 14:00:00,2027.18,2027.69,2024.6,2025.07,19793,35472.5,62.696784122607276,83.23419560105094,,2017.2894666666666,67.78141642684658,2016.8694958333333,,,,,-14448.65643663979,-10817.544181238884,-10817.544181238884,2014.997538290358,0,0,0,0,0,0,0,0,0
2024-02-20 15:00:00,2025.08,2025.203,2023.3,2024.26,24375,35849.0,59.33975008443088,80.99322174574608,,2017.6076333333333,66.44173199695682,2016.820704166667,,,,,-14473.468218148855,-10836.163338411243,-10836.163338411243,2015.180953373717,0,0,0,0,0,0,0,0,0
2024-02-20 16:00:00,2024.284,2024.73,2023.23,2024.095,7563,34680.45,58.68650205340557,80.53672707151739,,2017.9262166666667,66.16883331679414,2016.7724625,,,,,-15768.41108565233,-10839.786455610498,-10839.786455610498,2015.3574691484948,0,0,0,0,0,0,0,0,0
2024-02-20 17:00:00,2023.97,2023.97,2023.97,2023.97,1,33685.3,59.81277571294592,80.1908977728592,,2018.24265,65.96209189242842,2016.7249833333335,,,,,-18620.961294273664,-10833.539790832125,-10833.539790832125,2015.5280143138712,0,0,0,0,0,0,0,0,0
2024-02-20 18:00:00,2023.449,2024.95,2022.79,2024.13,8079,33349.9,60.776770657673104,80.63355927514189,,2018.5259833333334,66.22672091561667,2016.6771916666664,,,,,-22469.910989030046,-11463.105805999441,-11463.105805999441,2015.6983506640913,0,0,0,0,0,0,0,0,0
2024-02-20 19:00:00,2024.14,2024.3,2022.7,2023.493,14474,33574.5,59.25847081781083,78.87121316917934,,2018.7958666666668,65.1731666170487,2016.6285541666666,,,,,-23291.121342611797,-11472.016016327272,-11472.016016327272,2015.8527001558916,0,0,0,0,0,0,0,0,0
2024-02-20 20:00:00,2023.5,2026.08,2023.1,2025.35,26557,33983.9,60.513737491833204,84.00885323004519,,2019.1038666666668,68.24451721742574,2016.588375,,,,,-23276.230871982825,-11464.6494278647,-11464.6494278647,2016.0407654993392,0,0,0,0,0,0,0,0,0
2024-02-20 21:00:00,2025.38,2029.14,2025.25,2027.853,24567,34126.85,61.73672547941569,90.90480155426027,,2019.5453166666666,72.38430749892512,2016.5583041666666,,,,,-23261.723303921346,-11457.472268313159,-11457.472268313159,2016.2746711330155,0,0,0,0,0,0,0,0,0
2024-02-20 22:00:00,2027.89,2030.9,2027.4,2030.386,18259,33268.25,60.12016392303952,97.81337252020532,,2020.0831833333332,76.57371572227186,2016.5417041666667,,,,,-23280.899597591288,-11466.959131906915,-11466.959131906915,2016.5541033878073,1,0,0,0,0,0,0,0,0
2024-02-20 23:00:00,2030.403,2031.29,2029.995,2030.85,14251,31566.05,59.735614853255754,98.19598195981936,,2020.46535,77.34113988951731,2016.5267041666666,,,,,-22851.739058751606,-11362.525495039179,-11362.525495039179,2016.837190449435,1,0,0,0,0,0,0,0,0
2024-02-21 00:00:00,2030.765,2032.29,2029.2,2030.893,21002,30357.75,57.931565064478406,94.17674030846214,,2020.8264000000001,77.41225893949931,2016.5087791666665,,,,,-20487.679196408117,-11188.498770357464,-11188.498770357464,2017.1155233118225,1,0,0,0,0,0,0,0,0
2024-02-21 01:00:00,2030.895,2031.18,2029.078,2029.95,20633,29204.95,59.51897018970188,89.26112895823807,,2021.1055999999999,75.85260163408437,2016.4947583333333,,,,,-20471.126483944892,-11376.271261258242,-11376.271261258242,2017.3696713650536,1,0,0,0,0,0,0,0,0
2024-02-21 02:00:00,2029.885,2030.6,2028.2,2028.85,27376,28249.6,59.23359304764749,84.21294171638338,,2021.3547666666668,74.03327709966582,2016.4758208333333,,,,,-20474.10226227705,-12555.91024344043,-12555.91024344043,2017.5970046053494,0,0,0,0,0,0,0,0,0
2024-02-21 03:00:00,2028.813,2029.25,2026.1,2026.53,42273,28263.3,55.43673333456674,73.56585589720055,,2021.5857666666668,70.19615626343821,2016.4400916666666,,,,,-20513.694125812828,-12662.125672468896,-12662.125672468896,2017.773895603263,0,0,0,0,0,0,0,0,0
2024-02-21 04:00:00,2026.54,2028.63,2025.8,2028.06,38904,26688.85,56.01694605748505,80.58742542450655,,2021.8557666666668,72.72667129767456,2016.4203166666666,,,,,-20507.64394100659,-13353.186207913597,-13353.186207913597,2017.977580838842,0,0,0,0,0,0,0,0,0
2024-02-21 05:00:00,2028.05,2030.164,2027.7,2029.97,30579,24853.4,58.04210751309177,89.35291418081717,,2022.1376833333334,75.88568026198284,2016.4021499999997,,,,,-20486.526511855318,-13339.400221149768,-13339.400221149768,2018.2150544855976,1,0,0,0,0,0,0,0,0
2024-02-21 06:00:00,2029.96,2030.04,2027.2,2028.213,28929,23155.3,57.13634450834606,81.28958237723725,,2022.3892333333336,72.97972280109822,2016.3812041666667,,,,,-20495.971381560696,-13345.566068697388,-13345.566068697388,2018.4130336046946,0,0,0,0,0,0,0,0,0
2024-02-21 07:00:00,2028.213,2030.05,2027.8,2029.375,32588,22731.3,57.94381268601499,84.80979676915084,,2022.6494166666666,74.901591082002,2016.3613916666666,,,,,-20487.551483983334,-14427.933681486362,-14427.933681486362,2018.630102246186,0,0,0,0,0,0,0,0,0
2024-02-21 08:00:00,2029.45,2031.61,2027.5,2028.73,60151,24169.2,58.65521925394452,81.4486711829081,,2022.8160833333334,73.83480533227493,2016.3419083333333,,,,,-20480.133271596165,-16783.10334256669,-16783.10334256669,2018.830100221509,0,0,0,0,0,0,0,0,0
2024-02-21 09:00:00,2028.703,2030.35,2026.9,2027.49,66739,26354.65,57.86914539019284,74.98697238144898,,2022.9451833333335,71.78393040256698,2016.3059500000002,,,,,-20488.330079351657,-19863.810461171208,-19863.810461171208,2019.0015833854393,0,0,0,0,0,0,0,0,0
2024-02-21 10:00:00,2027.53,2030.25,2023.938,2024.025,68725,28801.25,56.04439489491996,56.930693069307715,,2022.97505,67.4816667229903,2016.2291375,,,,,-21404.30473454916,-20507.35771746712,-20507.35771746712,2019.1010569817672,0,0,0,0,0,0,0,0,0
2024-02-21 11:00:00,2024.164,2025.85,2023.135,2023.94,55013,30333.15,55.86991274228999,56.48775403856234,,2023.0434833333334,70.1101298335738,2016.1695750000001,,,,,-21488.422580641356,-20509.17713511707,-20509.17713511707,2019.1968776355936,0,0,0,0,0,0,0,0,0
2024-02-21 12:00:00,2023.895,2024.54,2021.3,2024.173,44288,32169.4,55.68765153415276,57.701928087545916,,2023.1298666666667,73.41306179260827,2016.1104083333335,,,,,-17885.46267939805,-17885.46267939805,-17885.46267939805,2019.2954147121166,0,0,0,0,0,0,0,0,0
2024-02-21 13:00:00,2024.21,2024.73,2021.358,2021.935,49453,34642.0,55.92986934470818,46.0396039603961,,2023.1512333333333,69.31431083110495,2016.0536208333333,,,,,-17883.25869568053,-17883.25869568053,-17883.25869568053,2019.3476837277183,0,0,1,1,0,0,0,0,0
2024-02-21 14:00:00,2021.76,2026.55,2019.915,2025.973,61431,37309.6,57.85839315251078,67.0818134445024,,2023.2262833333334,76.70964433537219,2016.0171125000002,,,,,-15855.002883616075,-15855.002883616075,-15855.002883616075,2019.4788781093475,0,0,0,0,0,0,0,0,0
2024-02-21 15:00:00,2025.905,2027.02,2024.0,2024.35,34916,38331.7,55.5723852040816,58.624283480979514,,2023.2831166666665,73.73722574264656,2015.9702791666666,,,,,-16796.431079913888,-15873.47567511853,-15873.47567511853,2019.5753359685682,0,0,0,0,0,0,0,0,0
2024-02-21 16:00:00,2024.313,2026.21,2023.8,2025.895,17789,37893.3,56.496284269031285,66.67535174570108,,2023.3801500000002,76.5667924251858,2015.9337166666667,,,,,-16788.5311306625,-15866.009824088636,-15866.009824088636,2019.7004778305766,0,0,0,0,0,0,0,0,0
2024-02-21 17:00:00,2025.48,2025.48,2025.48,2025.48,1,36665.0,57.08268921349022,64.51276706618069,,2023.4691500000001,75.80674700560415,2015.8948625,,,,,-16783.516979790682,-15861.271198274826,-15861.271198274826,2019.8149238141293,0,0,0,0,0,0,0,0,0
2024-02-21 18:00:00,2025.704,2026.75,2024.9,2025.8,9168,36210.45,56.30380316073485,66.18030224075045,,2023.5859833333334,76.39280612431764,2015.8561125,,,,,-16790.176971691115,-15867.565226983961,-15867.565226983961,2019.9334401742456,0,0,0,0,0,0,0,0,0
2024-02-21 19:00:00,2025.66,2026.78,2024.9,2026.47,13896,36192.7,56.768996091143066,69.67170401250694,,2023.72165,77.61986740412438,2015.8141958333333,,,,,-16786.199263863768,-15863.806092192783,-15863.806092192783,2020.0628770024782,0,0,0,0,0,0,0,0,0
2024-02-21 20:00:00,2026.392,2028.64,2026.085,2027.05,27955,36540.35,58.831059403052656,72.69411151641482,,2023.89315,78.68209955679264,2015.7717625,,,,,-16768.567256066337,-15847.142954318766,-15847.142954318766,2020.2012358737163,0,0,0,0,0,0,0,0,0
2024-02-21 21:00:00,2026.964,2028.38,2026.4,2027.84,21190,36568.2,59.30582695326253,76.81083897863454,,2024.07565,80.12893300611678,2015.7329958333332,,,,,-16764.50767889481,-15843.306448862524,-15843.306448862524,2020.3524985296822,1,0,0,0,0,0,0,0,0
2024-02-21 22:00:00,2027.73,2028.29,2025.9,2026.36,10983,35748.55,57.44448489261003,69.0984887962478,,2024.2254833333332,77.68874512975063,2015.6925625000001,,,,,-16780.423386980765,-15858.347596827394,-15858.347596827394,2020.4714589548369,0,0,0,0,0,0,0,0,0
2024-02-21 23:00:00,2026.25,2028.94,2025.4,2028.88,13502,34310.0,58.67607278986851,82.2303282959883,,2024.4589333333336,82.32007645372366,2015.676425,,,,,-18794.814827121623,-15848.395371395,-15848.395371395,2020.6379647181075,1,0,0,0,0,0,0,0,0
2024-02-22 00:00:00,2028.773,2030.04,2028.098,2028.373,16786,33204.1,57.870292050505235,78.4780219780225,,2024.66205,81.38829669925761,2015.6607916666665,,,,,-18984.4674208949,-15854.906730905008,-15854.906730905008,2020.7911337335904,1,0,0,0,0,0,0,0,0
2024-02-22 01:00:00,2028.384,2030.6,2028.2,2029.153,17819,32566.1,57.49639260833807,82.76373626373662,,2024.8586,82.82180401382053,2015.6428874999997,,,,,-18366.107696693234,-15857.928140538681,-15857.928140538681,2020.9567152438162,1,0,0,0,0,0,0,0,0
2024-02-22 02:00:00,2029.164,2032.05,2028.7,2031.395,33198,32779.55,59.84953474559482,95.0824175824177,,2025.0889666666665,86.94221862824374,2015.6350625,,,,,-16152.166998388187,-15838.912850540646,-15838.912850540646,2021.1634139518594,1,0,0,0,0,0,0,0,0
2024-02-22 03:00:00,2031.375,2034.86,2031.0,2033.23,59079,34104.1,60.43342538119814,92.1521425132408,,2025.3678,90.3146364772477,2015.6368166666664,,,,,-13111.285209895015,-13111.285209895015,-13111.285209895015,2021.4023562498423,1,0,0,0,0,0,0,0,0
2024-02-22 04:00:00,2033.133,2033.23,2028.4,2030.244,43024,33247.75,56.47596168105098,77.77563793933562,,2025.5727,84.82687642431802,2015.6345,,,,,-13137.765395242272,-13137.765395242272,-13137.765395242272,2021.577438304301,1,0,0,0,0,0,0,0,0
2024-02-22 05:00:00,2030.244,2031.21,2029.0,2029.41,29015,31361.55,54.96605744125334,73.76023110255261,,2025.7637,83.29412629567024,2015.6097083333334,,,,,-17801.39188570304,-13147.868468108098,-13147.868468108098,2021.732538535899,0,0,0,0,0,0,0,0,0
2024-02-22 06:00:00,2029.345,2029.81,2027.1,2029.0,33366,29593.6,53.7561594969618,70.78763708873423,,2025.9778666666668,84.49729078868151,2015.58025,,,,,-17812.33128845432,-13155.964138528248,-13155.964138528248,2021.876448663901,0,0,0,0,0,0,0,0,0
2024-02-22 07:00:00,2028.934,2029.9,2027.5,2028.25,35671,28626.5,51.74059646799793,66.5485829959519,,2026.1783666666668,83.0862432269717,2015.5758333333333,,,,,-19810.837384859842,-13169.450676025497,-13169.450676025497,2022.0026576012497,0,0,0,0,0,0,0,0,0
2024-02-22 08:00:00,2028.25,2028.61,2022.66,2025.535,76928,30258.5,49.04703488720014,48.650881057269316,,2026.3214,77.97825105358234,2015.5783791666665,,,,,-16177.155451744502,-13187.473838158636,-13187.473838158636,2022.0726049754824,0,0,1,1,0,0,0,0,0
2024-02-22 09:00:00,2025.565,2026.79,2021.8,2024.94,86659,32118.8,48.71471025260029,45.071982281285294,,2026.4439,76.85881998795917,2015.5946875,,,,,-15107.85061062334,-13189.697489109454,-13189.697489109454,2022.1293850749778,0,0,1,1,0,0,0,0,0
2024-02-22 10:00:00,2024.794,2025.48,2020.088,2023.34,88629,33478.7,44.97181167149165,33.25608342989578,,2026.5305999999998,73.84858518964464,2015.5740625,,,,,-13370.67552348035,-13214.741976102488,-13214.741976102488,2022.1533576477505,0,0,0,0,0,0,0,0,0
2024-02-22 11:00:00,2023.324,2024.3,2019.6,2020.93,54829,34474.35,44.604805803234235,19.293163383546677,,2026.5546,69.31441902468404,2015.5283124999999,,,,,-12942.301403648537,-12942.301403648537,-12942.301403648537,2022.1291327438346,0,0,0,0,0,0,0,0,0
2024-02-22 12:00:00,2020.96,2024.673,2020.1,2022.95,39461,35557.95,46.64940828402372,30.99652375434611,,2026.6294333333333,73.11484045755579,2015.4910625000002,,,,,-12928.902960130912,-12928.902960130912,-12928.902960130912,2022.1453875409863,0,0,0,0,0,0,0,0,0
2024-02-22 13:00:00,2022.96,2023.24,2019.552,2022.613,41832,37649.5,46.83160817975258,24.214108910891376,,2026.6842166666668,72.48080975316086,2015.4533666666664,,,,,-12886.859105175387,-12886.859105175387,-12886.859105175387,2022.15464719364,0,0,0,0,0,0,0,0,0
2024-02-22 14:00:00,2022.624,2023.62,2022.0,2023.01,28191,38600.65,45.70024570024569,22.589495688529432,,2026.7092166666666,73.22772426249247,2015.4159291666665,,,,,-12894.249766787007,-12894.249766787007,-12894.249766787007,2022.1715848729739,0,0,0,0,0,0,0,0,0
2024-02-22 15:00:00,2022.966,2024.69,2022.4,2024.566,28099,39310.8,48.012121212121215,32.75411549516675,,2026.7394333333334,76.15517760385316,2015.3826625,,,,,-12879.147366003917,-12879.147366003917,-12879.147366003917,2022.2189990339052,0,0,0,0,0,0,0,0,0
2024-02-22 16:00:00,2024.57,2025.03,2023.865,2024.514,8990,38362.55,49.56516298567225,32.41442383067671,,2026.7475000000002,76.05734497290769,2015.3477833333334,,,,,-12869.002070906248,-12869.002070906248,-12869.002070906248,2022.2644445975902,0,0,0,0,0,0,0,0,0
2024-02-22 17:00:00,2024.09,2024.09,2024.09,2024.09,1,37303.1,49.86623863028352,29.644630258688352,,2026.71585,75.25963275135446,2015.3073875000002,,,,,-12867.035284620573,-12867.035284620573,-12867.035284620573,2022.300594209519,0,0,0,0,0,0,0,0,0
2024-02-22 18:00:00,2023.933,2026.05,2023.618,2024.615,11750,37341.45,50.40684755734984,33.07420956362754,,2026.6792833333334,76.24736604455148,2015.2691166666666,,,,,-14396.440652453824,-12863.503739499942,-12863.503739499942,2022.3464240271521,0,0,0,0,0,0,0,0,0
2024-02-22 19:00:00,2024.73,2026.12,2022.6,2024.54,15860,37459.35,50.446316712603306,32.584269662921734,,2026.6437833333332,76.10626128838042,2015.2289291666666,,,,,-16890.59601378774,-12863.245905979864,-12863.245905979864,2022.3898611751292,0,0,0,0,0,0,0,0,0
2024-02-22 20:00:00,2024.54,2027.27,2024.214,2026.83,24014,37820.75,52.0458885218075,47.54376796446318,,2026.5919499999998,80.41465984346765,2015.2072458333334,,,,,-19013.394969831443,-12852.796651934892,-12852.796651934892,2022.4777847162156,0,0,1,1,0,0,0,0,0
2024-02-22 21:00:00,2026.813,2027.38,2024.1,2024.35,16116,37735.6,50.631735688274894,31.343088581134076,,2026.52995,75.7487959060805,2015.1665125,,,,,-19027.06092299662,-12862.03465058614,-12862.03465058614,2022.5148582861914,0,0,0,0,0,0,0,0,0
2024-02-22 22:00:00,2024.293,2026.3,2023.9,2025.7,14454,36798.4,50.259944743174685,40.16200679383421,,2026.5002833333335,78.28868151715842,2015.1305541666666,,,,,-21740.914719108267,-12864.463386835814,-12864.463386835814,2022.577930399336,0,0,0,0,0,0,0,0,0
2024-02-22 23:00:00,2025.7,2026.45,2025.3,2026.07,5913,34140.1,48.63243798800402,42.57904363731404,,2026.4867833333333,78.98479831426839,2015.0995125000002,,,,,-25177.8176036273,-12875.095126809489,-12875.095126809489,2022.6470802924187,0,0,0,0,0,0,0,0,0
2024-02-23 00:00:00,2025.949,2026.16,2022.1,2022.41,15950,32786.4,43.98636829724364,18.669976482885918,,2026.3822833333331,72.09888621312479,2015.0567041666666,,,,,-25237.169541424442,-12905.445725782318,-12905.445725782318,2022.6423856331628,0,0,0,0,0,0,0,0,0
2024-02-23 01:00:00,2022.372,2022.66,2018.025,2020.91,25261,32598.7,42.6208575840363,17.136917136917276,,2026.2776166666667,69.27679108970516,2015.0072666666667,,,,,-21116.025039187174,-11733.912339863298,-11733.912339863298,2022.6080809671596,0,0,0,0,0,0,0,0,0
2024-02-23 02:00:00,2020.86,2022.49,2019.4,2021.86,29026,32381.7,43.38329011558908,22.779922779921904,,2026.2241166666668,71.06411800120391,2014.9575458333334,,,,,-21107.87503884989,-11729.38348609702,-11729.38348609702,2022.5932674826613,0,0,0,0,0,0,0,0,0
2024-02-23 03:00:00,2021.684,2022.62,2018.2,2019.54,43583,32777.3,42.52541788729964,8.999108999108344,,2026.14545,66.69927754364835,2014.8990874999997,,,,,-21117.045239045394,-11734.479252228826,-11734.479252228826,2022.5328067404303,0,0,0,0,0,0,0,0,0
2024-02-23 04:00:00,2019.443,2019.88,2015.955,2016.724,37178,30789.8,41.50269088462834,4.0677069558318255,,2026.0226,61.401264298615175,2014.833729166667,,,,,-17281.858285473438,-10444.074631660273,-10444.074631660273,2022.4177808643822,0,0,0,0,0,0,0,0,0
2024-02-23 05:00:00,2016.684,2023.35,2016.2,2022.9,35961,28254.9,47.586692905010196,36.73631314467164,,2026.0047666666667,73.02077062010855,2014.7978416666667,,,,,-17228.606626651715,-10411.89265852945,-10411.89265852945,2022.4273297581567,0,0,0,0,0,0,0,0,0
2024-02-23 06:00:00,2022.89,2023.93,2021.9,2023.824,36751,25661.0,47.16093402321663,41.62390901877891,,2025.9996666666666,74.75918121613499,2014.7606750000002,,,,,-17232.333181415772,-10414.144755232934,-10414.144755232934,2022.4549865946287,0,0,0,0,0,0,0,0,0
2024-02-23 07:00:00,2023.823,2028.88,2022.9,2027.99,48707,25354.9,48.71191027609356,63.6604072996567,,2026.0746166666665,82.59708007224566,2014.7460791666667,,,,,-15220.449436935232,-10405.940702057176,-10405.940702057176,2022.5645908204776,0,0,0,0,0,0,0,0,0
2024-02-23 08:00:00,2027.935,2029.25,2024.355,2025.273,66669,26715.3,48.1109768948058,49.28854800317375,,2026.0733333333335,77.48532510535804,2014.731775,,,,,-14801.384152727967,-10409.119402830982,-10409.119402830982,2022.6182226854187,0,0,1,1,0,0,0,0,0
2024-02-23 09:00:00,2025.253,2028.69,2024.0,2027.506,74565,28351.95,48.815424203627934,61.10023803226752,,2026.06755,85.51563854092842,2014.733775,,,,,-14796.085564470563,-11387.204490861717,-11387.204490861717,2022.7150103550143,0,0,0,0,0,0,0,0,0
2024-02-23 10:00:00,2027.533,2031.12,2025.6,2030.143,75196,30702.2,50.873505520455986,75.04892885480096,,2026.0635,90.70944615142228,2014.7542458333335,,,,,-12958.005238902397,-12881.556830413174,-12881.556830413174,2022.8620992588753,1,0,0,0,0,0,0,0,0
2024-02-23 11:00:00,2030.153,2038.58,2030.015,2038.3,75634,33078.95,56.1561766782842,98.76243093922665,,2026.1876666666665,99.4861631065111,2014.8202041666666,,,,,-8662.094246725814,-8662.094246725814,-8662.094246725814,2023.16780026365,1,0,0,0,0,0,0,0,0
2024-02-23 12:00:00,2038.265,2039.81,2036.265,2037.89,49823,35120.6,58.180616688104024,91.95137287780405,,2026.3042833333334,96.55432324755061,2014.8880791666668,,,,,-8206.977083680127,-8206.977083680127,-8206.977083680127,2023.4593289713005,1,0,0,0,0,0,0,0,0
2024-02-23 13:00:00,2037.91,2041.53,2037.386,2040.64,38707,37055.9,59.552901336262146,96.52003910068476,,2026.48245,98.45061105114746,2014.9548708333334,,,,,-7649.666074931512,-7649.666074931512,-7649.666074931512,2023.7995402787994,1,0,0,0,0,0,0,0,0
2024-02-23 14:00:00,2040.434,2040.68,2036.7,2037.246,29717,37954.25,57.217149355739856,83.24926686217059,,2026.6223833333331,92.54204240799436,2015.0113416666668,,,,,-7658.799025001981,-7658.799025001981,-7658.799025001981,2024.065806807932,1,0,0,0,0,0,0,0,0
2024-02-23 15:00:00,2037.46,2037.65,2035.6,2036.484,27925,38557.5,58.16506347300008,80.26979472140748,,2026.788283333333,91.2154869259426,2015.0602333333334,,,,,-7655.092615941335,-7655.092615941335,-7655.092615941335,2024.3117116236165,1,0,0,0,0,0,0,0,0
2024-02-23 16:00:00,2036.475,2036.73,2034.47,2035.215,9813,37847.45,55.35308836476526,75.30791788856288,,2026.9075333333335,89.00630200898289,2015.1023375,,,,,-7666.087631027297,-7666.087631027297,-7666.087631027297,2024.5276183241388,1,0,0,0,0,0,0,0,0
2024-02-25 18:00:00,2034.473,2035.04,2032.049,2033.96,11313,37607.3,55.5900693378008,70.40078201368554,,2026.9740333333332,86.82148950245477,2015.1431916666668,,,,,-7665.161019207021,-7665.161019207021,-7665.161019207021,2024.7143981593042,0,0,0,0,0,0,0,0,0
2024-02-25 19:00:00,2033.953,2034.13,2029.795,2030.33,22374,38003.3,52.518712872411676,56.20723362658836,,2027.0093166666666,80.50207165488659,2015.167525,,,,,-7677.170233147936,-7677.170233147936,-7677.170233147936,2024.8255981957536,0,0,0,0,0,0,0,0,0
2024-02-25 20:00:00,2030.293,2034.04,2029.775,2031.26,28683,39141.8,53.26347170152217,59.843597262952244,,2027.0407333333335,82.12109606211486,2015.1917749999998,,,,,-7749.453329247862,-7674.2581751651005,-7674.2581751651005,2024.9530120928673,0,0,0,0,0,0,0,0,0
2024-02-25 21:00:00,2031.27,2031.89,2030.4,2030.84,19239,39306.25,52.84244721169461,58.20136852394903,,2027.0759,81.389923749173,2015.2158083333334,,,,,-10030.858648947109,-7675.904409729431,-7675.904409729431,2025.0695861108304,0,0,0,0,0,0,0,0,0
2024-02-25 22:00:00,2030.85,2032.55,2030.5,2032.5,11798,38633.1,53.36322869955153,64.69208211143712,,2027.1594,84.27979527175242,2015.2534958333333,,,,,-10571.855991950946,-7673.868118476814,-7673.868118476814,2025.2167230195269,0,0,0,0,0,0,0,0,0
2024-02-25 23:00:00,2032.424,2032.92,2031.9,2032.25,10255,37694.55,52.911012584531335,63.71456500488776,,2027.2964833333333,83.84457365690614,2015.2947333333332,,,,,-11244.090059415128,-7675.636314429971,-7675.636314429971,2025.3559958310213,0,0,0,0,0,0,0,0,0
2024-02-26 00:00:00,2032.22,2034.29,2032.0,2032.993,15810,36305.9,52.886220300440236,66.61974584555223,,2027.4473666666668,85.13805229622918,2015.3370625,,,,,-11244.231487162366,-7675.733253957209,-7675.733253957209,2025.5072236363478,0,0,0,0,0,0,0,0,0
2024-02-26 01:00:00,2032.915,2033.93,2031.7,2032.633,16974,35295.7,53.55817989994221,65.21212121212153,,2027.5883666666666,84.5113331708507,2015.3766166666667,,,,,-12379.421344005335,-7673.105845943516,-7673.105845943516,2025.6483281187961,0,0,0,0,0,0,0,0,0
2024-02-26 02:00:00,2032.612,2035.32,2032.1,2035.043,30492,35022.25,53.50015334113279,74.63538611925682,,2027.8068333333333,88.70686953796859,2015.42365,,,,,-16812.206266770627,-7673.332733758998,-7673.332733758998,2025.8343612253545,0,0,0,0,0,0,0,0,0
2024-02-26 03:00:00,2035.044,2037.07,2033.3,2033.984,44380,35403.7,53.1668002393019,70.49462365591384,,2027.9403499999999,86.86327077747981,2015.4645291666668,,,,,-16815.04210770496,-7674.636167197243,-7674.636167197243,2025.995740210991,0,0,0,0,0,0,0,0,0
2024-02-26 04:00:00,2033.96,2034.43,2031.8,2033.053,35499,34743.3,52.19738117238743,66.85434995112475,,2028.0854,85.24250548379258,2015.4963166666666,,,,,-16823.288973437964,-7678.426662082537,-7678.426662082537,2026.1354879295852,0,0,0,0,0,0,0,0,0
2024-02-26 05:00:00,2033.015,2035.45,2031.2,2032.114,36557,33237.7,50.41114376879885,63.182795698925034,,2028.18905,83.60781309842983,2015.5317291666665,,,,,-18150.975297856086,-7685.410972556002,-7685.410972556002,2026.253874307217,0,0,0,0,0,0,0,0,0
2024-02-26 06:00:00,2032.12,2033.0,2030.4,2030.81,37454,31382.15,48.607723109495055,58.08406647116321,,2028.2778833333332,81.33769715539148,2015.5737708333334,,,,,-25157.679706546096,-7692.462470735099,-7692.462470735099,2026.3440946179653,0,0,0,0,0,0,0,0,0
2024-02-26 07:00:00,2030.815,2034.13,2030.5,2032.826,37573,29501.0,51.50224580511537,65.96676441837758,,2028.3949833333331,84.84732425751201,2015.6236041666668,,,,,-27118.20087998529,-7681.144688934041,-7681.144688934041,2026.4724491799857,0,0,0,0,0,0,0,0,0
2024-02-26 08:00:00,2032.806,2034.46,2031.3,2032.63,58144,28626.5,51.88745603751467,65.20039100684322,,2028.49765,84.50611051147267,2015.6693333333335,,,,,-27112.9204107269,-7679.638490566888,-7679.638490566888,2026.594380879392,0,0,0,0,0,0,0,0,0
2024-02-26 09:00:00,2032.604,2033.08,2025.505,2027.405,71329,29701.8,49.11501969705375,44.770283479961,,2028.5035666666665,75.4099787611852,2015.6943541666665,,,,,-17089.40752531756,-7690.478906365368,-7690.478906365368,2026.6104327431665,0,0,0,0,0,0,0,0,0
2024-02-26 10:00:00,2027.56,2030.11,2024.975,2029.066,64798,31006.35,50.44822358447039,51.26490713587519,,2028.5240000000001,78.30159117022399,2015.7358375,,,,,-16325.149040227572,-7685.265987939495,-7685.265987939495,2026.6590578373612,0,0,1,1,0,0,0,0,0
2024-02-26 11:00:00,2029.124,2029.46,2026.2,2027.78,46640,31852.5,51.25283212607558,46.236559139785044,,2028.5476666666666,76.06281118345461,2015.7895666666666,,,,,-16318.496633930712,-7757.391108858785,-7757.391108858785,2026.6812547118689,0,0,1,1,0,0,0,0,0
2024-02-26 12:00:00,2027.78,2028.87,2026.2,2028.623,33476,32130.05,52.04964104847235,49.532746823069786,,2028.5433833333332,77.53037846871639,2015.8542041666667,,,,,-16311.90871394397,-10034.8973965947,-10034.8973965947,2026.719705113614,0,0,1,1,0,0,0,0,0
2024-02-26 13:00:00,2028.624,2030.11,2027.7,2029.215,39108,33594.8,53.30661773810462,51.847507331378175,,2028.5574166666668,78.56098325267217,2015.9098291666667,,,,,-16301.51618240505,-10572.15986184599,-10572.15986184599,2026.7691168935423,0,0,1,1,0,0,0,0,0
2024-02-26 14:00:00,2029.215,2030.28,2028.1,2029.665,24818,34270.05,55.02722239488005,53.60703812316721,,2028.56595,79.34438215939555,2015.9528500000001,,,,,-16287.290430798805,-11232.01812666927,-11232.01812666927,2026.826461113472,0,0,1,1,0,0,0,0,0
2024-02-26 15:00:00,2029.75,2033.64,2029.4,2032.273,27695,34536.1,55.32956039558672,63.80449657868995,,2028.5805833333334,83.88461404547185,2015.9978041666666,,,,,-16284.790736704497,-11230.293437560846,-11230.293437560846,2026.9343133686507,0,0,0,0,0,0,0,0,0
2024-02-26 16:00:00,2032.266,2032.33,2030.4,2030.885,7869,33495.4,54.67260156355909,58.377321603128195,,2028.5414999999998,81.46826363984545,2016.0467708333335,,,,,-16290.222393025519,-11901.554807831068,-11901.554807831068,2027.0125447870932,0,0,0,0,0,0,0,0,0
2024-02-26 17:00:00,2031.17,2031.17,2031.17,2031.17,1,32533.5,54.615175783901215,59.49169110459479,,2028.5569333333333,81.96441628077035,2016.0928541666667,,,,,-16290.697182439806,-11901.901686596746,-11901.901686596746,2027.0948706328934,0,0,0,0,0,0,0,0,0
2024-02-26 18:00:00,2030.823,2031.67,2030.2,2031.26,6517,32269.45,53.84987002231473,59.843597262952244,,2028.5877666666668,82.12109606211486,2016.1402500000002,,,,,-18817.423675204387,-11906.524493975703,-11906.524493975703,2027.1773484421428,0,0,0,0,0,0,0,0,0
2024-02-26 19:00:00,2031.28,2032.51,2030.6,2031.51,13539,32433.65,54.014414248990136,60.82111436950161,,2028.6296,82.55631767696114,2016.1897500000002,,,,,-18815.852847264763,-11905.530569320461,-11905.530569320461,2027.2631435224964,0,0,0,0,0,0,0,0,0
2024-02-26 20:00:00,2031.47,2033.79,2030.9,2033.58,18166,32551.45,55.34455182356785,68.91495601173008,,2028.7184333333332,86.15995264788823,2016.251145833333,,,,,-20765.7400967465,-12541.422783676617,-12541.422783676617,2027.3882297893776,0,0,0,0,0,0,0,0,0
2024-02-26 21:00:00,2033.532,2034.6,2032.1,2032.65,12331,32319.3,54.50458026393987,65.2785923753671,,2028.8370166666666,84.54092824066035,2016.3062041666667,,,,,-20472.419945309714,-15546.117709948967,-15546.117709948967,2027.4924232588949,0,0,0,0,0,0,0,0,0
2024-02-26 22:00:00,2032.67,2033.48,2031.9,2033.45,8674,31228.4,54.95484473707633,68.40664711632488,,2028.97885,85.93363740816838,2016.3611625,,,,,-20467.741872861545,-16287.888840536743,-16287.888840536743,2027.6103950755503,0,0,0,0,0,0,0,0,0
2024-02-26 23:00:00,2033.43,2034.56,2032.9,2033.74,10291,29523.95,53.930066430066496,69.54056695992199,,2029.1521833333331,86.43849448139,2016.4229375,,,,,-20478.3889202071,-16296.361583877046,-16296.361583877046,2027.7317733908858,0,0,0,0,0,0,0,0,0
2024-02-27 00:00:00,2033.74,2033.99,2032.3,2033.63,15589,28528.45,55.42423604778954,69.11045943304067,,2029.3638500000002,86.24699697085781,2016.4859875,,,,,-20462.865080022966,-16284.007969840479,-16284.007969840479,2027.8485699574028,0,0,0,0,0,0,0,0,0
2024-02-27 01:00:00,2033.534,2034.97,2032.8,2033.51,15989,27500.05,54.631606414270806,68.64125122189651,,2029.53985,86.03809059573138,2016.5468833333334,,,,,-22480.825468480423,-16290.561335971264,-16290.561335971264,2027.9606774829988,0,0,0,0,0,0,0,0,0
2024-02-27 02:00:00,2033.413,2036.25,2032.9,2035.326,26552,26954.95,55.39658107698415,75.7419354838712,,2029.7517333333333,89.19954040597482,2016.6078583333333,,,,,-19609.984267890795,-16284.236617800838,-16284.236617800838,2028.1065254536325,1,0,0,0,0,0,0,0,0
2024-02-27 03:00:00,2035.39,2039.47,2034.2,2037.986,40112,27081.9,59.18851317869703,86.14271749755675,,2030.0013333333334,93.83029838793937,2016.6677000000002,,,,,-16724.82146832036,-13561.82467624206,-13561.82467624206,2028.3021586129664,1,0,0,0,0,0,0,0,0
2024-02-27 04:00:00,2038.11,2038.14,2035.0,2036.63,33046,25827.0,59.2892429148841,80.84066471163302,,2030.2024,91.46965634901315,2016.7154916666666,,,,,-17315.837793184655,-13561.129748776128,-13561.129748776128,2028.4670663632046,1,0,0,0,0,0,0,0,0
2024-02-27 05:00:00,2036.529,2036.72,2034.2,2036.374,30644,23792.75,58.647521448999115,79.83968719452615,,2030.4000666666666,91.02398941541041,2016.7584416666666,,,,,-19570.531068033895,-13565.55694067599,-13565.55694067599,2028.6236393065076,1,0,0,0,0,0,0,0,0
2024-02-27 06:00:00,2036.375,2038.733,2035.2,2038.23,33980,22251.85,61.19751725460124,87.09677419354858,,2030.6357333333333,94.25507468402918,2016.806525,,,,,-21240.587731881365,-13547.964696415196,-13547.964696415196,2028.8138642707352,1,0,0,0,0,0,0,0,0
2024-02-27 07:00:00,2038.166,2039.13,2036.8,2038.195,36540,21746.85,63.30709637434146,86.95992179863136,,2030.8620666666668,94.19414365795056,2016.8554291666667,,,,,-21217.83067557349,-13533.4108563342,-13533.4108563342,2028.999629334681,1,0,0,0,0,0,0,0,0
2024-02-27 08:00:00,2038.29,2038.67,2034.8,2035.404,60264,23086.25,58.08901539655836,76.04692082111451,,2031.0431333333333,89.3353295498068,2016.8876541666666,,,,,-21274.12065375885,-13569.410035208179,-13569.410035208179,2029.1264485557765,1,0,0,0,0,0,0,0,0
2024-02-27 09:00:00,2035.36,2036.55,2033.3,2034.84,67057,24483.7,57.159755621993924,73.84164222873883,,2031.1766333333333,88.35346958671346,2016.9152208333333,,,,,-22248.48077089041,-13575.820933963365,-13575.820933963365,2029.2395881883353,0,0,0,0,0,0,0,0,0
2024-02-27 10:00:00,2034.97,2037.48,2032.885,2033.686,74067,26946.15,53.85291809843333,69.32942326490699,,2031.3322333333333,86.34448661258304,2017.0376416666666,,,,,-23069.394187883096,-13598.634576761302,-13598.634576761302,2029.3276359469821,0,0,0,0,0,0,0,0,0
2024-02-27 11:00:00,2033.686,2034.31,2031.6,2033.13,55899,28356.35,55.47472720431471,67.15542521994195,,2031.4560666666666,85.37655374116524,2017.193725,,,,,-25109.596858902867,-13587.445828186748,-13587.445828186748,2029.4029302846657,0,0,0,0,0,0,0,0,0
2024-02-27 12:00:00,2033.12,2033.13,2029.4,2032.28,40252,29975.5,53.391877682098425,63.83186705767358,,2031.5595666666668,83.89680025068765,2017.3605166666666,,,,,-19622.72216800312,-13601.8152626277,-13601.8152626277,2029.4599019621971,0,0,0,0,0,0,0,0,0
2024-02-27 13:00:00,2032.27,2036.11,2031.5,2032.21,46516,32301.25,51.52417891958058,63.558162267840004,,2031.7229,83.7749381985308,2017.5161999999998,,,,,-19641.269325525638,-13614.700386894814,-13614.700386894814,2029.5143593490843,0,0,0,0,0,0,0,0,0
2024-02-27 14:00:00,2032.4,2032.45,2029.0,2030.173,30020,33476.4,43.41271256504614,55.593352883675664,,2031.8772833333335,80.22875248076325,2017.668525,,,,,-18964.53951704822,-13670.660830872284,-13670.660830872284,2029.5274017382112,0,0,0,0,0,0,0,0,0
2024-02-27 15:00:00,2030.22,2030.39,2028.3,2030.055,22052,33902.05,43.619187230230445,55.131964809384606,,2032.0138666666667,80.02332787855592,2017.8210291666667,,,,,-17767.95714207481,-13669.236376472943,-13669.236376472943,2029.5378492285436,0,0,0,0,0,0,0,0,0
2024-02-27 16:00:00,2030.12,2030.6,2029.4,2029.964,6092,33298.35,40.911876872786586,54.77614858260016,,2032.1876000000002,79.86490721075167,2017.9802375,,,,,-17792.19447741451,-14960.724364183998,-14960.724364183998,2029.5462878576811,0,0,1,1,0,0,0,0,0
2024-02-27 17:00:00,2030.29,2030.29,2029.8,2030.0,3,32681.95,43.45769077973196,54.48085274378205,,2032.4088666666669,79.92757912328963,2018.1361958333332,,,,,-17769.40294736128,-14941.53963240596,-14941.53963240596,2029.555272256539,0,0,1,1,0,0,0,0,0
2024-02-27 18:00:00,2029.673,2030.89,2029.283,2029.989,6150,32555.75,44.055137569333944,41.207335710646916,,2032.5270166666667,79.90842937223644,2018.2909208333333,,,,,-18321.743882092684,-16853.397301874844,-16853.397301874844,2029.5638609247262,0,0,0,0,0,0,0,0,0
2024-02-27 19:00:00,2030.012,2031.29,2028.8,2030.724,11434,32612.9,45.848815928123784,41.996779388083155,,2032.642016666667,81.18798091988434,2018.4493541666668,,,,,-18305.18175504938,-17434.047353314472,-17434.047353314472,2029.5868339757217,0,0,0,0,0,0,0,0,0
2024-02-27 20:00:00,2030.724,2033.76,2029.4,2033.38,23115,32989.2,49.47742098244862,53.50827153451297,,2032.73185,85.81177535601152,2018.624125,,,,,-18271.676629894027,-17715.51100284278,-17715.51100284278,2029.6619461742223,0,0,1,1,0,0,0,0,0
2024-02-27 21:00:00,2033.4,2033.65,2030.0,2031.03,18415,33110.5,50.6455897000775,40.1026811180832,,2032.8277999999998,81.72069217645625,2018.78425,,,,,-18260.890215142143,-17705.052912264186,-17705.052912264186,2029.6890363489902,0,0,0,0,0,0,0,0,0
2024-02-27 22:00:00,2030.973,2031.84,2029.4,2030.844,15348,32550.3,49.610996820647145,35.4515252189678,,2032.8834333333334,81.39688729501076,2018.943,,,,,-19080.89684840241,-17714.3151582752,-17714.3151582752,2029.7119069163368,0,0,0,0,0,0,0,0,0
2024-02-27 23:00:00,2030.864,2031.2,2029.4,2029.8,12079,31148.65,49.0387103930196,29.145273331320006,,2032.8777166666666,79.57940183141253,2019.0994583333336,,,,,-21560.580496807917,-17719.438581978226,-17719.438581978226,2029.713651333835,0,0,0,0,0,0,0,0,0
2024-02-28 00:00:00,2030.173,2031.15,2029.5,2030.98,11342,30063.45,48.58245980527476,36.27302929628563,,2032.7557166666668,81.63364785348708,2019.2603166666668,,,,,-21565.550546783346,-17723.523188851497,-17723.523188851497,2029.7387275450462,0,0,0,0,0,0,0,0,0
2024-02-28 01:00:00,2030.97,2032.06,2028.2,2029.292,17346,29398.55,47.3134491026665,26.07671398369067,,2032.6124166666666,78.69503151004483,2019.4144083333335,,,,,-25042.813538525537,-17576.63310467912,-17576.63310467912,2029.7298814550452,0,0,0,0,0,0,0,0,0
2024-02-28 02:00:00,2029.35,2029.39,2027.4,2028.053,28534,29126.25,45.55339526175576,19.598853868195935,,2032.4026333333336,76.538073186867,2019.5605041666665,,,,,-22753.692362092857,-16419.607330060106,-16419.607330060106,2029.696675881678,0,0,0,0,0,0,0,0,0
2024-02-28 03:00:00,2028.09,2029.32,2026.3,2026.79,37640,29181.25,44.82471523976542,12.521559158330733,,2032.2283666666667,74.33933358866334,2019.7043208333334,,,,,-20198.52481916662,-15045.37042338818,-15045.37042338818,2029.6391179434268,0,0,0,0,0,0,0,0,0
2024-02-28 04:00:00,2026.79,2027.41,2024.5,2024.88,41318,28233.95,40.91794605994555,2.538410153641339,,2032.0349666666666,71.01424045123801,2019.8519875,,,,,-21420.97250475223,-13250.381121844026,-13250.381121844026,2029.544877984151,0,0,0,0,0,0,0,0,0
2024-02-28 05:00:00,2024.892,2027.59,2024.1,2027.275,39914,26876.8,44.144395761691314,20.657124268055675,,2031.9026333333334,75.18366352146533,2020.014025,,,,,-20496.434826483353,-12881.949279364304,-12881.949279364304,2029.499929905257,0,0,0,0,0,0,0,0,0
2024-02-28 06:00:00,2027.275,2027.9,2026.3,2027.135,30590,24702.95,44.762461059189974,19.746258945999077,,2031.7888833333334,74.93993941715125,2020.1638541666666,,,,,-20490.036634997858,-12877.928034748178,-12877.928034748178,2029.4530996101034,0,0,0,0,0,0,0,0,0
2024-02-28 07:00:00,2027.27,2030.44,2026.4,2029.564,35680,23692.0,47.801193391508356,35.54977228367031,,2031.776116666667,79.16855262699785,2020.3168291666666,,,,,-20458.57977855564,-12858.15749257304,-12858.15749257304,2029.455295657428,0,0,0,0,0,0,0,0,0
2024-02-28 08:00:00,2029.59,2036.12,2028.7,2035.764,80506,25704.7,53.93912407366173,75.88809368900388,,2031.8511833333332,89.96204867518527,2020.4984499999998,,,,,-16390.68948358021,-12818.223005376205,-12818.223005376205,2029.5802204958948,1,0,0,0,0,0,0,0,0
2024-02-28 09:00:00,2035.82,2037.89,2030.8,2031.725,76315,27194.65,49.151837300670124,49.60962914768993,,2031.8659333333333,82.93060826572881,2020.6713708333334,,,,,-14321.59653879117,-13140.04100265671,-13140.04100265671,2029.622691377164,0,0,1,1,0,0,0,0,0
2024-02-28 10:00:00,2031.724,2034.05,2030.1,2031.8,64427,28915.0,49.35940973079761,50.09759271307733,,2031.8542666666665,83.06117475018276,2020.8490791666666,,,,,-14320.09129999402,-13138.659948564045,-13138.659948564045,2029.6658063993984,0,0,1,1,0,0,0,0,0
2024-02-28 11:00:00,2031.81,2034.12,2031.5,2033.543,47876,30206.2,55.006361945776575,61.437865972673464,,2031.8758166666667,86.09553984889092,2021.0417375,,,,,-14279.141682771547,-13101.088742875563,-13101.088742875563,2029.7425825103014,0,0,0,0,0,0,0,0,0
2024-02-28 12:00:00,2033.57,2035.63,2031.9,2033.735,36349,31719.05,53.9016930456436,62.68705270006451,,2031.8881833333332,85.6788535733969,2021.2330666666667,,,,,-14287.15233469419,-13108.438502690155,-13108.438502690155,2029.8216402823746,0,0,0,0,0,0,0,0,0
2024-02-28 13:00:00,2033.81,2034.85,2031.0,2031.486,31972,33317.5,53.04789788801907,48.05465191932426,,2031.8690666666666,80.76967260195316,2021.3932791666668,,,,,-14293.34374265376,-13528.154441399853,-13528.154441399853,2029.8545979005453,0,0,1,1,0,0,0,0,0
2024-02-28 14:00:00,2031.533,2032.39,2030.4,2032.14,22206,34120.3,52.90148002705964,52.30969420949987,,2031.8206833333336,82.02182653647354,2021.5508208333333,,,,,-14294.405511043604,-14294.405511043604,-14294.405511043604,2029.8998533876631,0,0,1,1,0,0,0,0,0
2024-02-28 15:00:00,2032.18,2034.24,2031.8,2033.645,23169,34707.05,53.60045513654102,62.10149642160052,,2031.8150333333333,84.90331227264026,2021.7256333333332,,,,,-14289.336801040114,-14289.336801040114,-14289.336801040114,2029.9740147067191,0,0,0,0,0,0,0,0,0
2024-02-28 16:00:00,2033.658,2035.3,2032.6,2034.085,8749,33988.75,53.59291172167135,64.96421600520527,,2031.8322333333335,85.74573999617091,2021.9023375000002,,,,,-14289.391503105884,-14289.391503105884,-14289.391503105884,2030.055420356091,0,0,0,0,0,0,0,0,0
2024-02-28 17:00:00,2034.33,2034.33,2034.0,2034.0,2,33068.1,51.46388187227702,64.41119063109964,,2031.8636666666669,85.41545613015691,2022.0811291666666,,,,,-14304.830443275532,-14304.830443275532,-14304.830443275532,2030.1335308440891,0,0,0,0,0,0,0,0,0
2024-02-28 18:00:00,2034.33,2035.98,2033.745,2034.68,6492,32625.3,53.25588977161591,68.83539362394322,,2031.9281666666668,86.7325198527989,2022.2585250000002,,,,,-14291.835462134566,-14291.835462134566,-14291.835462134566,2030.2235599362853,0,0,0,0,0,0,0,0,0
2024-02-28 19:00:00,2034.592,2035.55,2033.5,2034.095,9821,32512.4,52.49662848461049,65.02927781392349,,2031.9493166666666,85.59945767964369,2022.4368375,,,,,-14297.341345289067,-14297.341345289067,-14297.341345289067,2030.3002221157649,0,0,0,0,0,0,0,0,0
2024-02-28 20:00:00,2034.164,2036.6,2033.9,2036.47,21000,32995.3,54.28003417455313,80.48145738451544,,2032.0133166666667,90.19949641681202,2022.6147958333336,,,,,-17014.840084774998,-14284.408744201739,-14284.408744201739,2030.4223959352546,1,0,0,0,0,0,0,0,0
2024-02-28 21:00:00,2036.395,2037.09,2035.1,2036.53,21616,33208.8,54.13686257705112,80.87182823682477,,2032.1654,90.3157079217509,2022.7934041666665,,,,,-17165.04036051303,-14285.446971884854,-14285.446971884854,2030.5433385900021,1,0,0,0,0,0,0,0,0
2024-02-28 22:00:00,2036.54,2036.75,2034.8,2036.524,13016,32432.9,52.51151680600576,80.83279115159326,,2032.2897,90.30408677125683,2022.9765041666667,,,,,-21503.683168596108,-14297.23338066691,-14297.23338066691,2030.661767528814,1,0,0,0,0,0,0,0,0
2024-02-28 23:00:00,2036.524,2036.61,2034.6,2035.19,9922,31047.0,52.152031721286434,72.15354586857555,,2032.4132,87.7203176447803,2023.1518791666667,,,,,-25390.85966981598,-14299.84023407314,-14299.84023407314,2030.7514354985403,0,0,0,0,0,0,0,0,0
2024-02-29 00:00:00,2035.133,2035.93,2034.0,2035.61,14620,29712.1,51.84193471364725,74.88614183474238,,2032.5296500000002,88.5115466718415,2023.3388375,,,,,-28301.259875341202,-14302.088943338109,-14302.088943338109,2030.847644696589,0,0,0,0,0,0,0,0,0
2024-02-29 01:00:00,2035.564,2037.04,2035.0,2036.749,15250,28478.9,52.529294084024016,82.29668184775548,,2032.6552166666665,90.51953202458866,2023.5252083333332,,,,,-29564.584542840465,-14297.104466395567,-14297.104466395567,2030.9645032174485,1,0,0,0,0,0,0,0,0
2024-02-29 02:00:00,2036.813,2037.85,2035.5,2037.266,30302,28464.5,53.03556520287189,85.66037735849099,,2032.7819000000002,91.54471544715469,2023.7145041666668,,,,,-26541.80449392183,-14293.433174743299,-14293.433174743299,2031.0892853319544,1,0,0,0,0,0,0,0,0
2024-02-29 03:00:00,2037.27,2037.5,2035.1,2037.106,32757,28318.35,53.000166861338215,84.61938841899796,,2032.86245,91.08603667136815,2023.8974041666665,,,,,-26542.279639445776,-14293.689870475955,-14293.689870475955,2031.2084281966681,1,0,0,0,0,0,0,0,0
2024-02-29 04:00:00,2037.184,2037.46,2033.6,2034.524,38239,26205.0,49.33933043363638,67.82042940793687,,2032.9231,85.50382785019637,2024.06715,,,,,-26591.41838344177,-14320.23690766016,-14320.23690766016,2031.274083083863,0,0,0,0,0,0,0,0,0
2024-02-29 05:00:00,2034.524,2034.82,2030.0,2030.763,40560,24417.25,44.155865171448326,43.35068314899128,,2032.9163166666667,77.6293372117181,2024.2151208333335,,,,,-25297.377513739804,-14357.825488241653,-14357.825488241653,2031.263962626757,0,0,0,0,0,0,0,0,0
2024-02-29 06:00:00,2030.764,2031.79,2028.4,2030.25,36382,23015.0,44.76654526364136,40.01301236174394,,2032.8994833333334,75.76538833387055,2024.3563708333334,,,,,-20990.830208850763,-14353.397061177166,-14353.397061177166,2031.2438841589003,0,0,0,0,0,0,0,0,0
2024-02-29 07:00:00,2030.235,2030.64,2027.7,2030.24,38651,22553.75,44.947947552217165,39.94795055302572,,2032.8783166666667,75.74390374906017,2024.4994541666667,,,,,-19534.502979781377,-14352.081598605911,-14352.081598605911,2031.2240052646646,0,0,0,0,0,0,0,0,0
2024-02-29 08:00:00,2030.23,2048.7,2030.0,2047.555,104265,25949.55,56.12141741174002,95.34552845528553,,2033.1112333333333,97.86837940984873,2024.707975,,,,,-9388.469440896579,-7999.91293735068,-7999.91293735068,2031.5473912990276,1,0,0,0,0,0,0,0,0
2024-02-29 09:00:00,2047.593,2050.29,2045.8,2047.74,90272,28864.55,56.253521495865975,90.26345933562447,,2033.3627333333336,95.38920531597513,2024.915625,,,,,-8727.076044728381,-7513.732258511378,-7513.732258511378,2031.8680370158786,1,0,0,0,0,0,0,0,0
2024-02-29 10:00:00,2047.67,2050.75,2046.2,2047.958,85469,32027.7,58.511878932523366,89.52345215759885,,2033.6045333333334,94.99327535192342,2025.0997,,,,,-8543.115492700566,-7375.565182241912,-7375.565182241912,2032.1866501442769,1,0,0,0,0,0,0,0,0
2024-02-29 11:00:00,2048.055,2048.39,2043.3,2044.97,69669,34352.7,56.64977418338415,78.31144465290825,,2033.7917000000002,89.6350757643684,2025.271675,,,,,-8551.194038249978,-8055.829144444222,-8055.829144444222,2032.4397857849842,1,0,0,0,0,0,0,0,0
2024-02-29 12:00:00,2044.875,2046.02,2042.9,2045.67,44578,36144.15,57.91399212827226,80.93808630394031,,2033.9923666666666,90.89034340536193,2025.4590291666666,,,,,-8545.709361699486,-8084.1314491652365,-8084.1314491652365,2032.7017702248856,1,0,0,0,0,0,0,0,0
2024-02-29 13:00:00,2045.69,2046.8,2044.6,2046.31,42229,38255.5,58.69416079579923,83.33958724202611,,2034.2057,92.03801667712715,2025.6513208333336,,,,,-8542.324682013903,-8542.324682013903,-8542.324682013903,2032.9712401214224,1,0,0,0,0,0,0,0,0
2024-02-29 14:00:00,2046.31,2046.88,2043.6,2044.375,31693,39515.55,57.865848106863695,76.07879924953103,,2034.3565166666667,88.56809826952392,2025.8209666666667,,,,,-8545.918229471325,-8545.918229471325,-8545.918229471325,2033.197057148721,1,0,0,0,0,0,0,0,0
2024-02-29 15:00:00,2044.45,2045.48,2043.3,2044.01,23683,40208.65,57.64466557827356,74.70919324577866,,2034.4569166666665,87.91356585672017,2025.9853833333332,,,,,-8546.877806601868,-8546.877806601868,-8546.877806601868,2033.4111748289442,0,0,0,0,0,0,0,0,0
2024-02-29 16:00:00,2043.97,2044.24,2042.4,2043.855,9029,39610.1,59.085475988100306,74.12757973733599,,2034.5773333333334,87.63561373621452,2026.1471708333333,,,,,-8540.627002220841,-8540.627002220841,-8540.627002220841,2033.617983248173,0,0,0,0,0,0,0,0,0
2024-02-29 17:00:00,2043.98,2044.07,2043.7,2043.9,5,38529.55,59.202637491192846,74.29643527204546,,2034.7027666666665,87.71630951313566,2026.3118375,,,,,-8540.118709365774,-8540.118709365774,-8540.118709365774,2033.8215875402884,0,0,0,0,0,0,0,0,0
2024-02-29 18:00:00,2043.763,2044.3,2041.43,2044.253,7964,38276.95,59.46479432999934,75.62101313320807,,2034.80315,88.3493230520935,2026.4791208333334,,,,,-8538.981369501103,-8538.981369501103,-8538.981369501103,2034.028150163253,1,0,0,0,0,0,0,0,0
2024-02-29 19:00:00,2044.185,2044.29,2042.5,2043.63,13312,38446.45,58.95861815122526,73.28330206379037,,2034.8937333333333,87.23213485160966,2026.6463291666666,,,,,-8541.177361599908,-8541.177361599908,-8541.177361599908,2034.2182858035846,0,0,0,0,0,0,0,0,0
2024-02-29 20:00:00,2043.664,2044.72,2042.7,2044.32,17996,38615.25,59.336034709645475,75.87242026266401,,2035.0423333333333,88.46947009773146,2026.8166625000001,,,,,-8539.539979567717,-8539.539979567717,-8539.539979567717,2034.4183197480681,1,0,0,0,0,0,0,0,0
2024-02-29 21:00:00,2044.35,2045.92,2043.7,2045.373,13339,38519.7,59.50382125108679,79.82363977485953,,2035.2178833333335,90.35775127768324,2026.9955999999997,,,,,-8538.812055309836,-8538.812055309836,-8538.812055309836,2034.6352441094925,1,0,0,0,0,0,0,0,0
2024-02-29 22:00:00,2045.373,2046.83,2044.9,2046.56,13484,37678.8,58.71693121693117,84.27767354596608,,2035.43245,92.48632654891053,2027.166875,,,,,-9500.159367629247,-8542.225894937408,-8542.225894937408,2034.8713778895026,1,0,0,0,0,0,0,0,0
2024-02-29 23:00:00,2046.486,2046.6,2044.8,2045.386,7435,36412.7,59.644738256476494,79.87242026266411,,2035.6367166666666,90.38106339101583,2027.3373166666668,,,,,-21263.79036205512,-8538.200701707277,-8538.200701707277,2035.0795882283242,1,0,0,0,0,0,0,0,0
2024-03-01 00:00:00,2045.444,2045.69,2043.0,2045.04,14314,35216.45,59.51678644213238,78.57410881801118,,2035.8493833333334,89.76060252846763,2027.5072583333335,,,,,-21265.163235599583,-8538.755807192501,-8538.755807192501,2035.276824104991,1,0,0,0,0,0,0,0,0
2024-03-01 01:00:00,2044.943,2048.13,2044.4,2046.713,17331,34055.0,61.243402071450525,84.8517823639774,,2036.0911,92.76069219044199,2027.6873125,,,,,-28450.95686679029,-8531.265066935155,-8531.265066935155,2035.503283033605,1,0,0,0,0,0,0,0,0
2024-03-01 02:00:00,2046.712,2048.81,2044.7,2045.309,31471,33809.45,59.49732889696045,79.58348968105061,,2036.3433666666667,90.24298395050656,2027.8577500000001,,,,,-26855.456248009097,-8538.840221705177,-8538.840221705177,2035.6974556468008,1,0,0,0,0,0,0,0,0
2024-03-01 03:00:00,2045.309,2045.65,2038.6,2039.79,49639,34358.85,56.62183983448565,58.87429643527204,,2036.5056166666666,80.34609522101674,2028.0082666666667,,,,,-19412.12693599909,-8551.31522848381,-8551.31522848381,2035.7784961290422,0,0,0,0,0,0,0,0,0
2024-03-01 04:00:00,2039.79,2047.54,2039.0,2046.355,52426,31766.9,60.81755207225102,83.50844277673558,,2036.7788,92.11871245404829,2028.1798708333333,,,,,-19371.03279067328,-8533.112572354676,-8533.112572354676,2035.9879318492592,1,0,0,0,0,0,0,0,0
2024-03-01 05:00:00,2046.268,2055.11,2045.7,2054.87,57467,30126.65,65.28645776626102,99.22605611093121,,2037.1933,99.60083160083121,2028.3877458333332,,,,,-11952.232236424668,-7159.480270827191,-7159.480270827191,2036.3618341888778,1,0,0,0,0,0,0,0,0
2024-03-01 06:00:00,2054.83,2057.49,2053.6,2055.37,45978,28152.1,66.85722499889427,93.65079365079396,,2037.6163166666665,96.60827133829311,2028.5976875000001,,,,,-10438.024219169502,-6582.218110107831,-6582.218110107831,2036.7382335118702,1,0,0,0,0,0,0,0,0
2024-03-01 07:00:00,2055.37,2057.02,2051.8,2052.275,44961,26916.7,63.71576544943834,84.3815513626843,,2037.9755,91.65666746660315,2028.7857916666665,,,,,-10454.65449735614,-6592.763459384287,-6592.763459384287,2037.0458922542093,1,0,0,0,0,0,0,0,0
2024-03-01 08:00:00,2052.37,2054.59,2049.7,2051.64,73344,28355.0,63.37156639128685,82.47978436657702,,2038.2798333333335,90.64074874010092,2028.9705416666666,,,,,-10456.476620480287,-6593.91887750497,-6593.91887750497,2037.3348844867992,1,0,0,0,0,0,0,0,0
2024-03-01 09:00:00,2051.475,2056.63,2045.2,2046.42,83858,30436.45,58.92588591641789,66.84636118598458,,2038.5363333333335,82.2894168466527,2029.1353333333332,,,,,-10480.011191548943,-6608.842276212151,-6608.842276212151,2037.5147877642883,0,0,0,0,0,0,0,0,0
2024-03-01 10:00:00,2046.215,2070.96,2046.215,2069.186,119633,34833.45,65.05658269362476,96.21425522833998,,2039.1753666666666,97.66148167677315,2029.4179166666665,,,,,-6098.7126616389605,-4536.8548712583815,-4536.8548712583815,2038.141940481827,1,0,0,0,0,0,0,0,0
2024-03-01 11:00:00,2069.078,2082.07,2069.064,2081.045,83369,37817.75,70.75617803514938,98.23184405727086,,2040.0294500000002,98.79362090272454,2029.7634625,,,,,-4526.900901690451,-3599.308114704518,-3599.308114704518,2038.9915060168403,1,0,0,0,0,0,0,0,0
2024-03-01 12:00:00,2081.035,2085.67,2079.913,2084.78,69335,40833.05,71.63014011823522,98.5544908234532,,2040.9261166666665,98.87012822140426,2030.0837125,,,,,-4178.8184828590565,-3374.2795581883106,-3374.2795581883106,2039.8982088679918,1,0,0,0,0,0,0,0,0
2024-03-01 13:00:00,2084.83,2088.33,2081.8,2085.64,53838,43524.7,71.42410659209625,95.81192589132796,,2041.8652499999998,96.63876046482562,2030.4020874999999,,,,,-3955.7126350450494,-3357.7505458733176,-3357.7505458733176,2040.8039869102097,1,0,0,0,0,0,0,0,0
2024-03-01 14:00:00,2085.613,2086.71,2084.3,2085.21,37243,44988.65,71.12696288878155,95.14245679588994,,2042.8178666666668,95.99126300912259,2030.7021375000002,97.00696456322798,2027.0482851851853,,,-3956.310149027182,-3956.310149027182,-3956.310149027182,2041.6833139020866,1,0,0,0,0,0,0,0,0
2024-03-01 15:00:00,2085.183,2085.36,2082.6,2083.513,32812,45963.65,71.45071781382202,92.50038922621827,,2043.76325,93.81086984453295,2030.9921916666667,95.37902189136815,2027.1395407407406,,,-3955.6591236400104,-3955.6591236400104,-3955.6591236400104,2042.511624517887,1,0,0,0,0,0,0,0,0
2024-03-01 16:00:00,2083.49,2084.05,2081.84,2082.395,10948,45611.25,70.64114675319354,90.75976957807886,,2044.7218333333333,92.37440575613522,2031.2827125000001,94.30651752652487,2027.2244574074077,,,-3957.2870565992475,-3957.2870565992475,-3957.2870565992475,2043.3013943294138,1,0,0,0,0,0,0,0,0
2024-03-03 17:00:00,2082.79,2082.79,2082.79,2082.79,1,44944.35,70.37098445595869,91.06883765919721,,2045.6470833333333,92.8819221379931,2031.5782541666667,94.68544348727004,2027.3055018518521,,,-3957.830314787936,-3957.830314787936,-3957.830314787936,2044.0833469169502,1,0,0,0,0,0,0,0,0
2024-03-03 18:00:00,2082.679,2086.21,2081.693,2083.445,20932,45316.75,70.42370076133749,92.11206200549043,,2046.5855833333335,93.72349993575772,2031.8715458333334,95.31378906774644,2027.3892888888888,,,-3990.627000281098,-3957.724309749973,-3957.724309749973,2044.862785591862,1,0,0,0,0,0,0,0,0
2024-03-03 19:00:00,2083.52,2084.41,2081.9,2082.58,20179,45953.95,69.9720440716988,90.51624608279728,,2047.4691833333334,92.6121033020686,2032.1609624999999,94.48398917902573,2027.473937037037,,,-4579.707757774882,-3958.6325275051286,-3958.6325275051286,2045.6096611246962,1,0,0,0,0,0,0,0,0
2024-03-03 20:00:00,2082.473,2082.89,2079.0,2080.153,33607,46918.6,68.42996911653842,86.51327725548383,,2048.209,89.13066595772945,2032.4375833333334,92.15575295945959,2027.5533814814812,,,-4583.283169217406,-3961.7334222470563,-3961.7334222470563,2046.2936876370784,1,0,0,0,0,0,0,0,0
2024-03-03 21:00:00,2080.16,2083.52,2079.5,2081.54,25351,47319.6,69.10501010719264,88.80092363516415,,2049.0392500000003,90.97434534095446,2032.6992916666668,93.48631070010171,2027.6331777777777,,,-4581.71803823977,-3960.376010240914,-3960.376010240914,2046.9916344165422,1,0,0,0,0,0,0,0,0
2024-03-03 22:00:00,2081.466,2081.93,2079.9,2081.4,13481,46420.1,68.42390145488554,88.57001484413681,,2049.8659166666666,90.78824936860318,2032.9561916666669,93.35200782793899,2027.7062703703702,,,-4583.297237526363,-3961.745623456895,-3961.745623456895,2047.672988190472,1,0,0,0,0,0,0,0,0
2024-03-03 23:00:00,2081.44,2081.55,2079.9,2080.66,8660,44371.15,67.99549806710488,87.34949694870512,,2050.6512,89.80459922903088,2033.1996375,92.64212121793511,2027.7601407407408,,,-4584.290521523071,-3962.607082109179,-3962.607082109179,2048.3261963451164,1,0,0,0,0,0,0,0,0
2024-03-04 00:00:00,2080.713,2082.3,2080.0,2081.56,12365,42368.1,68.23201735919946,88.8339106053109,,2051.448283333333,91.00093047986178,2033.4568291666665,93.5054968246964,2027.8144000000002,,,-4696.6234895899315,-3962.1314752479384,-3962.1314752479384,2048.9842914669953,1,0,0,0,0,0,0,0,0
2024-03-04 01:00:00,2081.56,2083.92,2080.7,2083.54,22754,40632.45,69.47178504115853,92.09962064984336,,2052.31585,93.63285923168954,2033.7257875,95.40492315957103,2027.876585185185,,,-10378.86543630662,-3959.6384776972463,-3959.6384776972463,2049.668562923094,1,0,0,0,0,0,0,0,0
2024-03-04 02:00:00,2083.485,2088.24,2083.428,2087.295,33260,39996.55,70.27037626775646,98.29292429490376,,2053.2351,98.62421906154479,2034.0034625,99.00711805222477,2027.9463722222222,,,-21529.792322960977,-3958.0326236320984,-3958.0326236320984,2050.413640885013,1,0,0,0,0,0,0,0,0
2024-03-04 03:00:00,2087.305,2087.53,2083.1,2083.93,45984,40047.7,68.1864086651504,92.74286656770559,,2054.0731833333334,94.1512694403827,2034.2637125,95.77905258916742,2028.015974074074,,,-21552.128524489446,-3962.2231878842726,-3962.2231878842726,2051.0773311645175,1,0,0,0,0,0,0,0,0
2024-03-04 04:00:00,2083.84,2086.23,2082.8,2085.2,38419,38301.45,68.37002176778967,94.83753917202687,,2054.9251,95.83942576099945,2034.5314625,96.99737150093041,2028.0907814814814,,,-21760.064699483308,-3961.85396789103,-3961.85396789103,2051.7530275771014,1,0,0,0,0,0,0,0,0
2024-03-04 05:00:00,2085.113,2085.81,2082.2,2083.93,32597,35738.4,67.7932481113863,92.74286656770559,,2055.7572666666665,94.1512694403827,2034.7975333333334,95.77905258916742,2028.1817907407406,,,-21766.306838621877,-3963.0137781793946,-3963.0137781793946,2052.3901953478517,1,0,0,0,0,0,0,0,0
2024-03-04 06:00:00,2083.93,2084.6,2081.6,2082.12,33113,31412.4,68.1933550448756,89.757545769421,,2056.5479333333333,91.74531436926753,2035.0557833333332,94.04270831334775,2028.2614481481482,,,-21761.976677004022,-3962.2092196966087,-3962.2092196966087,2052.9789043508645,1,0,0,0,0,0,0,0,0
2024-03-04 07:00:00,2082.1,2083.41,2081.4,2082.465,33014,28894.65,70.29280163278126,90.32657100445358,,2057.3541,92.20390801541967,2035.3210958333334,94.37366896260644,2028.3426796296296,,,-21739.255393585132,-3957.987529393159,-3957.987529393159,2053.5627874330253,1,0,0,0,0,0,0,0,0
2024-03-04 08:00:00,2082.62,2093.16,2081.018,2091.515,74724,29164.1,72.53599358479177,97.48701497097466,,2058.2715166666667,97.94529103172623,2035.6260333333332,98.49182191579875,2028.4381888888888,,,-14169.943548130146,-3603.4897478284643,-3603.4897478284643,2054.3143163947475,1,0,0,0,0,0,0,0,0
2024-03-04 09:00:00,2091.58,2101.43,2090.2,2100.763,97613,31352.85,74.29063479488852,99.09534789095359,,2059.3420666666666,99.24487716517613,2035.9760458333333,99.43157607676713,2028.5494722222224,,,-8937.62534643391,-3147.059691182311,-3147.059691182311,2055.2340923077227,1,0,0,0,0,0,0,0,0
2024-03-04 10:00:00,2100.82,2109.31,2097.2,2108.98,87105,33845.95,72.5716007555101,99.59563778948667,,2060.549666666667,99.65700031181798,2036.3597541666668,99.73646803277386,2028.6748148148147,,,-6619.691188533466,-3076.9433773896317,-3076.9433773896317,2056.29836770757,1,0,0,0,0,0,0,0,0
2024-03-04 11:00:00,2109.09,2119.89,2107.4,2119.15,96379,37024.3,74.4467723824391,99.19730990346048,,2061.949,99.30705122202474,2036.7838375000001,99.45508902667135,2028.8084814814813,,,-4964.231808907074,-2638.577088790421,-2638.577088790421,2057.542954485638,1,0,0,0,0,0,0,0,0
2024-03-04 12:00:00,2119.203,2119.8,2113.7,2116.49,61052,39529.5,73.0756798254473,96.31196442130371,,2063.297,96.81618129038291,2037.2072416666667,97.49635498740807,2028.9386611111108,,,-5018.31537928123,-2640.4127998052713,-2640.4127998052713,2058.7102227136447,1,0,0,0,0,0,0,0,0
2024-03-04 13:00:00,2116.43,2118.1,2113.2,2115.275,41769,41617.9,73.95873801296337,94.99403406009351,,2064.6057666666666,95.63799621928187,2037.6201125,96.6016700784968,2029.0682444444444,,,-5016.10718176306,-2639.2305020578947,-2639.2305020578947,2059.8303173133745,1,0,0,0,0,0,0,0,0
2024-03-04 14:00:00,2115.265,2117.32,2113.0,2116.273,29906,42066.6,74.0115223202443,96.07658097407557,,2065.9225500000002,96.58128544423465,2038.0322500000002,97.33656352631056,2029.2010462962967,,,-5028.800395286443,-2639.1598308739594,-2639.1598308739594,2060.947994198258,1,0,0,0,0,0,0,0,0
2024-03-04 15:00:00,2116.28,2118.54,2115.1,2116.603,26590,42387.15,73.95660797906058,96.43453736847835,,2067.2475,96.8931947069945,2038.4448750000001,97.57956436576795,2029.3362,,,-5120.549609647707,-2676.9710105475947,-2676.9710105475947,2062.050073521065,1,0,0,0,0,0,0,0,0
2024-03-04 16:00:00,2116.585,2117.33,2113.8,2114.295,9370,41175.3,73.76905399709003,93.93101204035166,,2068.5770166666666,94.71172022684328,2038.8523541666666,95.88003122192619,2029.4684425925923,,,-5163.739828161448,-3925.736721368806,-3925.736721368806,2063.084626520648,1,0,0,0,0,0,0,0,0
2024-03-04 17:00:00,2113.9,2114.0,2113.9,2114.0,2,39907.85,73.80417925067336,93.61102071808234,,2069.9643,94.43289224952753,2039.2525625,95.66280319877478,2029.6018314814812,,,-5163.649466838174,-4903.878260575527,-4903.878260575527,2064.0928517380607,1,0,0,0,0,0,0,0,0
2024-03-04 18:00:00,2114.233,2117.49,2113.0,2114.455,9474,39707.5,73.9627457369392,94.10456665581955,,2071.3677166666666,94.8629489603025,2039.6546666666666,95.99784981075393,2029.7378351851848,,,-5163.241547291286,-4903.490472641396,-4903.490472641396,2065.090122000673,1,0,0,0,0,0,0,0,0
2024-03-04 19:00:00,2114.483,2115.93,2113.8,2115.54,15219,40035.45,74.14527610008619,95.1607520302593,,2072.7893833333333,95.860690836426,2040.0687916666668,96.79680711624283,2029.8928851851854,,,-5162.771979573786,-4903.044078992223,-4903.044078992223,2066.0891294858084,1,0,0,0,0,0,0,0,0
2024-03-04 20:00:00,2115.45,2116.86,2110.1,2112.69,41036,41469.0,72.68394222036605,91.14282199532559,,2073.8749666666668,93.12911537360452,2040.47075,94.69816350274678,2030.039748148148,,,-5166.531327895766,-4906.617896257374,-4906.617896257374,2067.011919000941,1,0,0,0,0,0,0,0,0
2024-03-04 21:00:00,2112.62,2113.32,2111.0,2112.225,22392,41450.9,72.7601515684412,90.57079591585685,,2074.9497166666665,92.62519844133355,2040.8677166666666,94.35575322896572,2030.1842685185188,,,-5166.335275858116,-4906.43151976416,-4906.43151976416,2067.9072275355757,1,0,0,0,0,0,0,0,0
2024-03-04 22:00:00,2112.193,2113.98,2110.8,2112.875,19471,40761.45,72.75291899821428,91.37040226350119,,2076.0316666666668,93.25058931062695,2041.2647375000001,94.83439124607894,2030.3192111111111,,,-5166.353881976213,-4906.44920763461,-4906.44920763461,2068.797678475465,1,0,0,0,0,0,0,0,0
2024-03-04 23:00:00,2112.933,2116.05,2112.3,2115.85,15579,39241.2,73.09615724931656,95.03013900848816,,2077.213,96.1129552123924,2041.6718708333333,97.02508063209675,2030.4484444444442,,,-6793.882932807948,-4905.609789069918,-4905.609789069918,2069.729407614565,1,0,0,0,0,0,0,0,0
2024-03-05 00:00:00,2116.02,2119.7,2114.9,2119.163,28129,38726.7,73.46589182864776,99.1056710542504,,2078.4378833333335,99.30052436619053,2042.0871750000001,99.46466178701355,2030.5730796296295,,,-8919.057329975087,-4904.705571463337,-4904.705571463337,2070.7082906320984,1,0,0,0,0,0,0,0,0
2024-03-05 01:00:00,2119.183,2119.55,2114.9,2117.27,30639,38628.8,73.12602143895802,96.77697133718797,,2079.62055,97.4791937268486,2042.4988833333332,98.070720607944,2030.6805055555556,,,-16287.22160577324,-4905.536753634258,-4905.536753634258,2071.6303046789876,1,0,0,0,0,0,0,0,0
2024-03-05 02:00:00,2117.255,2117.75,2113.5,2114.413,36355,38790.9,71.96335061958209,93.26239389838865,,2080.7878499999997,94.73036032135482,2042.8950791666664,95.96692243118667,2030.7915777777778,,,-21011.718034849077,-4970.380414410558,-4970.380414410558,2072.4774867645524,1,0,0,0,0,0,0,0,0
2024-03-05 03:00:00,2114.45,2123.382,2114.355,2120.63,56233,39951.85,72.7474718876366,96.75402797763682,,2082.06485,97.43826040008568,2043.3080791666664,98.02432265567795,2030.9117259259258,,,-15339.19988038202,-4616.053834028712,-4616.053834028712,2073.4310018781257,1,0,0,0,0,0,0,0,0
2024-03-05 04:00:00,2120.643,2125.328,2118.7,2124.473,48588,38645.05,74.00189191811376,99.01415921040493,,2083.408483333333,99.21827141982024,2043.7319125,99.39464740866609,2031.0409166666666,,,-13370.751957459137,-4415.554521620787,-4415.554521620787,2074.4417345142024,1,0,0,0,0,0,0,0,0
2024-03-05 05:00:00,2124.46,2127.35,2122.9,2123.67,40761,35802.45,76.18042897450613,95.85352112676074,,2084.7379833333334,96.69644059428175,2044.1470791666666,97.4312797531796,2031.1671666666666,,,-11790.838092901413,-4231.9315121974605,-4231.9315121974605,2075.416551652535,1,0,0,0,0,0,0,0,0
2024-03-05 06:00:00,2123.673,2127.18,2122.2,2124.47,41255,33509.95,75.29123038768108,96.75492957746467,,2086.0749333333333,97.41460568248115,2044.5574166666665,97.98969719814039,2031.2966574074076,,,-11795.992867317791,-4298.839806242904,-4298.839806242904,2076.387907065356,1,0,0,0,0,0,0,0,0
2024-03-05 07:00:00,2124.443,2125.28,2121.0,2124.42,43799,30880.95,73.82404121507749,96.69859154929595,,2087.4214333333334,97.36972036446893,2044.9641291666667,97.95479610783052,2031.426509259259,,,-11804.498311796653,-4332.197959908763,-4332.197959908763,2077.3390376185175,1,0,0,0,0,0,0,0,0
2024-03-05 08:00:00,2124.43,2141.81,2122.0,2127.76,117424,33699.55,74.32361598322652,86.38697800600744,,2088.8121,88.83635930237199,2045.3853374999999,91.0919212284908,2031.5616018518517,,,-6419.98228955147,-3300.918515621753,-3300.918515621753,2078.3374725171607,1,0,0,0,0,0,0,0,0
2024-03-05 09:00:00,2127.68,2133.26,2124.165,2128.034,106209,36921.55,75.94752885570426,86.65245615734925,,2090.1897833333333,89.05407016010501,2045.7940624999999,91.26564461520914,2031.6969499999998,,,-6414.861151511489,-3298.2472548103347,-3298.2472548103347,2079.321562170286,1,0,0,0,0,0,0,0,0
2024-03-05 10:00:00,2128.135,2139.545,2123.615,2126.66,124902,41671.35,75.5650064065864,85.32118980718914,,2091.5247833333333,87.96233761074245,2046.2048541666666,90.39449157378165,2031.8302203703702,,,-6416.067466393602,-3298.8764863689566,-3298.8764863689566,2080.258956978795,1,0,0,0,0,0,0,0,0
2024-03-05 11:00:00,2126.593,2128.79,2123.5,2128.3,80815,44382.6,78.60057005532872,86.91018312179077,,2092.906683333333,89.26542449644451,2046.6249375,91.43429578625698,2031.9681277777775,,,-6553.368042388543,-3293.8831259782114,-3293.8831259782114,2081.2102647613933,1,0,0,0,0,0,0,0,0
2024-03-05 12:00:00,2128.293,2131.02,2127.2,2130.855,49129,46370.55,75.08236193698983,89.38571843813592,,2094.3369333333335,91.29553851654688,2047.0581666666665,93.05423466605805,2032.1093407407407,,,-6564.713441028784,-3299.6704139738995,-3299.6704139738995,2082.193328825524,1,0,0,0,0,0,0,0,0
2024-03-05 13:00:00,2130.873,2133.59,2129.2,2130.578,44229,48581.9,72.24182988926881,89.11733359170626,,2095.7346833333336,91.07544396329111,2047.4827416666667,92.87860919846314,2032.2492629629628,,,-6913.107997664343,-3304.342956492193,-3304.342956492193,2083.1514411260086,1,0,0,0,0,0,0,0,0
2024-03-05 14:00:00,2130.71,2134.74,2129.3,2129.58,41281,50172.25,70.62349236746614,88.15037302586958,,2097.1392,90.28246791943107,2047.9093666666665,92.24585029355447,2032.3864481481482,,,-7216.0950463883355,-3913.1495982029237,-3913.1495982029237,2084.0708185294543,1,0,0,0,0,0,0,0,0
2024-03-05 15:00:00,2129.553,2130.94,2128.2,2129.603,38594,51341.0,70.39535336852929,88.12664137729804,,2098.6360833333333,90.30074291843798,2048.344920833333,92.26043291360756,2032.5240833333335,,,-7216.900906504679,-4543.386340801311,-4543.386340801311,2084.9724458853066,1,0,0,0,0,0,0,0,0
2024-03-05 16:00:00,2129.528,2130.06,2126.7,2127.625,12633,49920.85,69.39858220900953,85.31725494255257,,2099.9905833333332,88.72909300385369,2048.775608333333,91.00632758904912,2032.65855,,,-7220.421821939224,-5922.7010107265305,-5922.7010107265305,2085.8170509172805,1,0,0,0,0,0,0,0,0
2024-03-05 17:00:00,2127.755,2127.97,2127.4,2127.5,6,48801.55,70.41103263946222,85.18786875064697,,2101.2010833333334,88.62977235707763,2049.2064625,90.92707421919583,2032.794762962963,,,-7444.70576346947,-6432.320931442874,-6432.320931442874,2086.6424558496115,1,0,0,0,0,0,0,0,0
2024-03-05 18:00:00,2127.703,2128.5,2126.6,2127.953,8143,48235.15,71.27129090094097,85.65676431011285,,2102.4108,88.98971038099403,2049.639725,91.21428843154412,2032.9336018518518,,,-8859.492466893325,-6429.60803878605,-6429.60803878605,2087.4604864268467,1,0,0,0,0,0,0,0,0
2024-03-05 19:00:00,2128.01,2128.103,2125.7,2126.89,17272,48319.8,70.46289765767068,84.55646413414752,,2103.654383333333,88.1450876008104,2050.067891666667,90.54031777431172,2033.0674629629627,,,-9853.614139078974,-6432.157370994408,-6432.157370994408,2088.24126887384,1,0,0,0,0,0,0,0,0
2024-03-05 20:00:00,2126.88,2128.02,2124.7,2125.49,29951,48410.9,69.37539746177409,83.1073387848047,,2104.8852166666666,87.03269635691855,2050.4928791666666,89.65268003195486,2033.196138888889,,,-9858.839992975643,-6435.586889114549,-6435.586889114549,2088.9788675100017,1,0,0,0,0,0,0,0,0
2024-03-05 21:00:00,2125.53,2126.79,2123.6,2126.288,21686,47963.25,70.15419517863376,83.76274909775623,,2106.21635,87.66675936593704,2050.9134541666667,90.15863354509838,2033.3279037037037,,,-9855.097572423698,-6433.130888746023,-6433.130888746023,2089.717662212774,1,0,0,0,0,0,0,0,0
2024-03-05 22:00:00,2126.4,2126.61,2123.2,2124.655,19149,47102.95,70.67168338907464,76.4179473785504,,2107.1408333333334,86.36923443645486,2051.3167958333333,89.12326752133517,2033.500035185185,,,-10355.014218126862,-6431.498948631103,-6431.498948631103,2090.409490683808,1,0,0,0,0,0,0,0,0
2024-03-05 23:00:00,2124.695,2126.41,2124.3,2126.119,10456,44814.1,70.6926483284903,75.01830918643557,,2107.8920666666663,87.53247785149593,2051.7156833333333,90.05148298905682,2033.6681259259262,,,-12557.401968011489,-6431.432834031873,-6431.432834031873,2091.1166096801685,1,0,0,0,0,0,0,0,0
2024-03-06 00:00:00,2126.163,2127.99,2124.8,2125.29,17768,43273.1,70.24334446432825,73.69845565992676,,2108.567233333333,86.87378332207702,2052.109183333333,89.52587464018971,2033.8352555555555,,,-12560.150844512937,-6432.849749402931,-6432.849749402931,2091.793310478581,0,0,0,0,0,0,0,0,0
2024-03-06 01:00:00,2125.33,2127.57,2124.6,2127.24,21178,42293.95,71.24689826302709,76.80305683808282,,2109.260566666667,88.42318541178328,2052.5106291666666,90.76222720990086,2034.0038055555553,,,-17781.222718691326,-6429.684962904354,-6429.684962904354,2092.4952251225695,1,0,0,0,0,0,0,0,0
2024-03-06 02:00:00,2127.253,2131.56,2126.6,2128.43,35407,42001.55,71.32276672793093,78.69765960834243,,2109.9809,89.36871796909132,2052.9209625,91.51671929090418,2034.1763425925928,,,-17780.56527965403,-6576.8372566013695,-6576.8372566013695,2093.2068048231126,1,0,0,0,0,0,0,0,0
2024-03-06 03:00:00,2128.5,2129.26,2123.9,2125.13,49317,42277.45,68.69616816212034,73.44371915300135,,2110.674516666667,86.74665289420378,2053.322129166667,89.4244303267776,2034.3387870370373,,,-17803.32609911513,-6585.307422889054,-6585.307422889054,2093.838947301863,0,0,0,0,0,0,0,0,0
2024-03-06 04:00:00,2125.035,2129.9,2124.4,2128.515,38251,38318.8,68.59168651223196,78.83298837764674,,2111.4431833333333,89.43625600889908,2053.7470666666663,91.57061158240444,2034.5062685185185,,,-17804.23148602924,-6925.477172103642,-6925.477172103642,2094.5256018107366,1,0,0,0,0,0,0,0,0
2024-03-06 05:00:00,2128.593,2128.75,2124.1,2125.563,36434,34830.05,68.84818413118094,74.13309982486888,,2112.156066666667,87.09069961463601,2054.1533291666665,89.69896399994937,2034.6722277777778,,,-24573.586314219945,-7222.36600448189,-7222.36600448189,2095.1402037550783,0,0,0,0,0,0,0,0,0
2024-03-06 06:00:00,2125.65,2132.61,2125.2,2132.473,34483,30309.1,70.36172393890591,85.1345327177201,,2112.9732,92.58114496841604,2054.580425,94.08009028543894,2034.8448166666665,,,-21815.497088852568,-7217.019696436235,-7217.019696436235,2095.8794670470566,1,0,0,0,0,0,0,0,0
2024-03-06 07:00:00,2132.53,2135.13,2130.6,2134.153,40676,28302.15,71.5562308464887,87.80926604043917,,2113.83275,93.91601446108605,2055.0218416666667,95.145255576267,2035.0202296296297,,,-17197.349280414594,-7212.800314918811,-7212.800314918811,2096.637358788699,1,0,0,0,0,0,0,0,0
2024-03-06 08:00:00,2134.155,2139.66,2131.3,2139.35,99817,30836.55,73.86970303636978,96.05199807414535,,2114.8193666666666,98.04536967144728,2055.4800708333332,98.4402936812873,2035.2054703703702,,,-12450.366324201857,-7432.108165957514,-7432.108165957514,2097.4831536641705,1,0,0,0,0,0,0,0,0
2024-03-06 09:00:00,2139.35,2149.21,2135.5,2144.875,102378,33744.0,74.95202302894614,93.74549127110079,,2115.87495,96.74683876777604,2055.9640083333334,97.37466842698123,2035.4077944444446,,,-7874.84804679368,-6698.6167714553885,-6698.6167714553885,2098.42160606686,1,0,0,0,0,0,0,0,0
2024-03-06 10:00:00,2144.76,2145.53,2131.818,2140.875,117715,37565.7,70.56495292059004,87.97431828019039,,2116.8662,93.7450752316986,2056.4364458333334,94.95221714853258,2035.598387037037,,,-7891.714906110697,-7268.468795035119,-7268.468795035119,2099.2622673328624,1,0,0,0,0,0,0,0,0
2024-03-06 11:00:00,2140.92,2149.9,2140.3,2148.125,80170,39644.5,70.06660339626487,97.46065808297556,,2117.9906166666665,98.67482922094884,2056.9535291666666,98.92951052999777,2035.8105999999998,,,-7689.63818952702,-7096.655351569996,-7096.655351569996,2100.2298461975583,1,0,0,0,0,0,0,0,0
2024-03-06 12:00:00,2148.123,2149.98,2141.7,2144.78,67803,42403.0,65.821106593601,92.49422632794486,,2119.0442833333336,96.12012684200722,2057.4570291666664,96.865430521062,2036.0190759259258,,,-7682.520139680297,-7091.714608027597,-7091.714608027597,2101.112027460973,1,0,0,0,0,0,0,0,0
2024-03-06 13:00:00,2144.685,2152.24,2143.6,2147.15,62116,45508.5,63.29029808239995,92.85333183566917,,2120.1044500000003,96.26517958689533,2057.969433333333,96.97297683048689,2036.2325018518518,,,-7271.029293993022,-6807.902453431265,-6807.902453431265,2102.0236704815475,1,0,0,0,0,0,0,0,0
2024-03-06 14:00:00,2147.065,2147.47,2139.1,2144.31,57136,47958.15,63.18233510235046,88.86579989329158,,2121.0546999999997,94.18131122280526,2058.4793291666665,95.28402873590571,2036.4447185185186,,,-7271.410250168215,-7093.724741383099,-7093.724741383099,2102.861023541319,1,0,0,0,0,0,0,0,0
2024-03-06 15:00:00,2144.38,2147.26,2142.8,2146.69,30555,48622.3,64.72325069128749,92.20746398584743,,2122.1007,95.92765161243003,2058.9823166666665,96.69941481516739,2036.6591999999998,,,-7265.973003912262,-7088.418558225602,-7088.418558225602,2103.728924065253,1,0,0,0,0,0,0,0,0
2024-03-06 16:00:00,2146.67,2149.3,2144.3,2147.975,16121,47930.8,64.81789627192163,94.01168178371867,,2123.1469500000003,96.870528671534,2059.4974208333333,97.46360435796191,2036.8822462962962,,,-7265.639039266411,-7088.092643691738,-7088.092643691738,2104.6050839847526,1,0,0,0,0,0,0,0,0
2024-03-06 17:00:00,2147.952,2148.05,2147.6,2147.8,6,46846.8,64.60301262907608,93.7659711886782,,2124.21145,96.74212128994417,2060.0053583333333,97.35953185213401,2037.1125611111113,,,-7266.397273715407,-7088.832601139554,-7088.832601139554,2105.4604288563414,1,0,0,0,0,0,0,0,0
2024-03-06 18:00:00,2148.643,2151.368,2146.0,2147.323,14931,46635.9,65.72971634313146,93.09623430962353,,2125.2981666666665,96.39211945555276,2060.5130375,97.0758599362482,2037.3435425925923,,,-7314.748698141003,-7084.952767413468,-7084.952767413468,2106.2893906611666,1,0,0,0,0,0,0,0,0
2024-03-06 19:00:00,2147.33,2149.63,2147.0,2148.86,25339,47380.05,66.40810332492387,95.25427536435419,,2126.40475,97.51990314414671,2061.0257875,97.98991388743538,2037.5739129629628,,,-7312.337941276067,-7082.616724087736,-7082.616724087736,2107.1323730243116,1,0,0,0,0,0,0,0,0
2024-03-06 20:00:00,2148.775,2149.03,2143.9,2146.123,47111,48847.2,64.59220348354998,90.14023210831765,,2127.3148833333335,95.51161169607826,2061.5243416666667,96.36221989628447,2037.793412962963,,,-7620.59096344842,-7088.869822715057,-7088.869822715057,2107.9044646475927,1,0,0,0,0,0,0,0,0
2024-03-06 21:00:00,2146.132,2152.08,2145.3,2150.665,37038,49640.2,65.68542516991619,97.1384447674422,,2128.146583333333,98.84433356568968,2062.039404166667,99.06334744754757,2038.0303111111111,,,-9542.11910734795,-7085.10528522757,-7085.10528522757,2108.7512079218977,1,0,0,0,0,0,0,0,0
2024-03-06 22:00:00,2150.71,2152.49,2149.2,2151.77,23479,49043.8,67.72785832229502,98.40319361277488,,2128.85975,99.4726626872232,2062.555779166667,99.57245163359116,2038.2818944444443,,,-9738.42445341078,-7017.658387428158,-7017.658387428158,2109.603065190771,1,0,0,0,0,0,0,0,0
2024-03-06 23:00:00,2151.77,2161.53,2151.4,2158.233,48250,48990.45,69.79349509550866,93.58934474042387,,2129.511133333333,97.73518804739824,2063.10525,98.14192806663584,2038.5316592592592,,,-6940.039394535852,-5357.17846309541,-5357.17846309541,2110.566034196894,1,0,0,0,0,0,0,0,0
2024-03-07 00:00:00,2158.233,2158.752,2154.1,2154.49,40322,49094.0,67.43942403593897,86.31149134746184,,2130.1444666666666,95.16400480851766,2063.628625,96.03250639645607,2038.7847888888887,,,-6947.962358522018,-5363.320052084635,-5363.320052084635,2111.4358156979456,1,0,0,0,0,0,0,0,0
2024-03-07 01:00:00,2154.472,2156.53,2151.435,2155.42,44096,49477.1,66.87161032847837,88.11977445070951,,2130.81355,95.80285076421082,2064.1579875,96.55662131851528,2039.0314925925923,,,-9238.64640959204,-5364.801434050355,-5364.801434050355,2112.306789644521,1,0,0,0,0,0,0,0,0
2024-03-07 02:00:00,2155.332,2158.28,2152.0,2155.98,48398,50172.85,66.0751866567698,89.2086330935249,,2131.4753333333333,96.18753219989684,2064.6864333333333,96.87221740061531,2039.2729629629632,,,-9242.19711700046,-5366.879241698955,-5366.879241698955,2113.171605691164,1,0,0,0,0,0,0,0,0
2024-03-07 03:00:00,2155.99,2159.9,2154.0,2155.233,47856,50531.85,66.74311319672933,87.75617343962669,,2132.119166666667,95.67439464193713,2065.202425,96.4512347696712,2039.5124685185185,,,-9239.219290250752,-5365.136673110489,-5365.136673110489,2114.004504588369,1,0,0,0,0,0,0,0,0
2024-03-07 04:00:00,2155.243,2157.8,2153.9,2157.68,42211,47651.55,69.15163909028935,92.51409683064293,,2132.84225,97.35531512965801,2065.7209666666668,97.83027693556184,2039.7563388888889,,,-9228.481323716826,-5460.399577224834,-5460.399577224834,2114.8693658836487,1,0,0,0,0,0,0,0,0
2024-03-07 05:00:00,2157.623,2158.95,2155.7,2157.525,36085,44336.9,67.25726634049607,92.21271631343558,,2133.567666666667,97.24884080370936,2066.2513041666666,97.74292444855215,2040.0019499999996,,,-11081.381386329429,-5465.433785967308,-5465.433785967308,2115.7140319057544,1,0,0,0,0,0,0,0,0
2024-03-07 06:00:00,2157.525,2157.74,2152.9,2156.07,39046,40403.45,65.116879885943,89.38362823254909,,2134.26125,96.24935600206076,2066.779054166667,96.92293819952434,2040.244662962963,,,-11791.169144152265,-5471.121764852647,-5471.121764852647,2116.513159986828,1,0,0,0,0,0,0,0,0
2024-03-07 07:00:00,2156.06,2158.8,2153.7,2158.39,37345,38262.2,66.37334238771622,93.89461403849833,,2134.9754166666667,97.84303623561715,2067.3181791666666,98.23040768251016,2040.4929777777775,,,-11784.04230069354,-5467.782773351789,-5467.782773351789,2117.342404343525,1,0,0,0,0,0,0,0,0
2024-03-07 08:00:00,2158.51,2164.78,2157.1,2159.49,92254,39484.75,66.46822037883496,90.20007410151831,,2135.7554166666664,96.44548966907415,2067.8650125,97.07236623646845,2040.7418666666667,,,-9949.385917725836,-5032.85660376996,-5032.85660376996,2118.1770101981083,1,0,0,0,0,0,0,0,0
2024-03-07 09:00:00,2159.57,2159.78,2147.8,2153.85,96617,41209.8,63.14825404767858,79.75175991107764,,2136.4491666666668,92.655803796405,2068.3996583333333,93.9510326965221,2040.9769407407407,,,-9965.286139618345,-5066.253062812946,-5066.253062812946,2118.8834060357694,1,0,0,0,0,0,0,0,0
2024-03-07 10:00:00,2153.965,2157.72,2151.595,2153.61,82160,42461.0,61.87784884575801,78.71570121951207,,2137.1280833333335,92.49454056778092,2068.9357833333333,93.81820999269472,2041.2109962962963,,,-9971.370455719498,-5069.375986121503,-5069.375986121503,2119.571061361794,1,0,0,0,0,0,0,0,0
2024-03-07 11:00:00,2153.62,2158.52,2149.1,2156.065,68824,44374.45,62.626917844626476,83.0050702028079,,2137.798333333333,94.14412901058282,2069.4888041666663,95.17687556726355,2041.4519462962962,,,-10691.340257471109,-5211.149778057992,-5211.149778057992,2120.2937136120554,1,0,0,0,0,0,0,0,0
2024-03-07 12:00:00,2156.103,2158.83,2154.8,2158.163,37970,45466.9,64.09896080414623,87.09633385335381,,2138.4483333333333,95.5538384008062,2070.060608333333,96.33796736988899,2041.700562962963,,,-12271.501997619856,-6045.936334686471,-6045.936334686471,2121.0436004712224,1,0,0,0,0,0,0,0,0
2024-03-07 13:00:00,2158.191,2159.27,2155.6,2157.06,28864,46909.8,62.9335156137574,84.94539781591219,,2139.1115,94.812699479254,2070.6194,95.72753636021504,2041.9428296296296,,,-12278.365632427802,-6177.916620030591,-6177.916620030591,2121.756796501495,1,0,0,0,0,0,0,0,0
2024-03-07 14:00:00,2156.983,2160.85,2155.7,2159.983,21868,47256.65,63.05579460699959,90.48686167575606,,2139.871,96.77675121787333,2071.1917750000002,97.34520620724768,2042.1843722222222,,,-12277.645497014126,-6276.203523430015,-6276.203523430015,2122.513751026218,1,0,0,0,0,0,0,0,0
2024-03-07 15:00:00,2159.99,2160.45,2157.7,2158.55,25761,47277.75,62.40905703233152,86.4800347222223,,2140.503,95.81387535696287,2071.756525,96.55214397981095,2042.4287370370373,,,-12281.454316652924,-6278.1655936158895,-6278.1655936158895,2123.2273401148077,1,0,0,0,0,0,0,0,0
2024-03-07 16:00:00,2158.465,2160.105,2157.9,2159.715,9617,45403.05,63.34883720930253,88.43079031521235,,2141.090366666667,96.5966739459096,2072.3196458333337,97.19688752130695,2042.675888888889,,,-12275.919686635427,-8083.143157284556,-8083.143157284556,2123.9498680333263,1,0,0,0,0,0,0,0,0
2024-03-07 17:00:00,2159.86,2159.86,2159.1,2159.5,8,43551.55,63.22092210813065,87.93969849246191,,2141.6875333333332,96.45220897026697,2072.8820875,97.07790051579472,2042.9270925925923,,,-12276.673014675307,-8083.641269049243,-8083.641269049243,2124.653831042567,1,0,0,0,0,0,0,0,0
2024-03-07 18:00:00,2159.463,2162.59,2158.4,2161.94,12191,42987.15,65.11287864774654,93.5130196436726,,2142.3120333333336,98.09171846127992,2073.4564625,98.42826467137441,2043.183259259259,,,-12265.530750013259,-8076.273837041393,-8076.273837041393,2125.3921710219224,1,0,0,0,0,0,0,0,0
2024-03-07 19:00:00,2161.872,2163.57,2159.3,2160.8,22375,41693.4,64.53589886855727,90.69658719027584,,2142.9183666666668,97.32571812531496,2074.0238999999997,97.79735682819383,2043.4367407407406,,,-12268.928746357133,-8078.520643035123,-8078.520643035123,2126.093316150201,1,0,0,0,0,0,0,0,0
2024-03-07 20:00:00,2160.87,2161.77,2157.3,2157.85,28373,41095.95,62.772020061346076,83.33333333333279,,2143.4198666666666,95.34352427347537,2074.5793583333334,96.16474442698056,2043.6796240740741,,,-12279.316725198185,-9463.275613915615,-9463.275613915615,2126.72216137495,1,0,0,0,0,0,0,0,0
2024-03-07 21:00:00,2157.788,2158.44,2154.6,2155.33,26046,40193.45,62.00020253506399,77.27272727272683,,2143.8748,93.65026037292104,2075.114775,94.77010603679174,2043.916001851852,,,-12283.862175883003,-9970.784470617456,-9970.784470617456,2127.2886532289112,1,0,0,0,0,0,0,0,0
2024-03-07 22:00:00,2155.312,2158.73,2153.6,2157.583,18592,38703.15,63.4447972786154,82.69119769119757,,2144.3901833333334,95.16411893163104,2075.6699125,96.01697916897255,2044.153774074074,,,-12275.354550773747,-9963.865913416543,-9963.865913416543,2127.8885412837844,1,0,0,0,0,0,0,0,0
2024-03-07 23:00:00,2157.592,2159.29,2155.9,2157.652,14419,37031.3,63.220144661192826,82.85714285714263,,2144.8793833333334,95.21048210986048,2076.2197125,96.05516569632294,2044.3890870370371,,,-13218.64207570583,-9964.941835913776,-9964.941835913776,2128.4779167039073,1,0,0,0,0,0,0,0,0
2024-03-08 00:00:00,2157.71,2158.4,2156.1,2157.652,18412,35841.35,64.10260793749843,82.85714285714263,,2145.326,95.21048210986048,2076.767970833333,96.05516569632294,2044.613775925926,,,-14409.104298980406,-9960.71547922649,-9960.71547922649,2129.055621323632,1,0,0,0,0,0,0,0,0
2024-03-08 01:00:00,2157.675,2162.08,2156.0,2161.2,28150,35444.6,64.73087937651692,91.39009139009056,,2145.836366666667,97.59449017302175,2077.3462625,98.01872800123948,2044.8447944444445,,,-14404.762409284356,-9957.70651639594,-9957.70651639594,2129.692143673659,1,0,0,0,0,0,0,0,0
2024-03-08 02:00:00,2161.163,2161.9,2158.6,2161.255,40242,35504.4,65.20088927209885,91.52236652236638,,2146.3642833333333,97.63144632958166,2077.9310333333333,98.04916653753344,2045.074637037037,,,-20946.831602084734,-10678.126851785932,-10678.126851785932,2130.317150729626,1,0,0,0,0,0,0,0,0
2024-03-08 03:00:00,2161.265,2168.72,2160.6,2165.09,51491,36211.7,65.74668841110322,92.02548330404294,,2146.9557333333332,97.62380126337862,2078.527825,98.033926946575,2045.3126,,,-13808.553648074814,-9952.45368828363,-9952.45368828363,2131.0057220023064,1,0,0,0,0,0,0,0,0
2024-03-08 04:00:00,2165.051,2171.02,2164.2,2168.978,51737,34185.85,66.49875490307795,95.72982015892951,,2147.64495,98.68313287976017,2079.1504833333333,98.90762416279722,2045.558911111111,,,-11981.063404689514,-8963.398988358915,-8963.398988358915,2131.7576482992904,1,0,0,0,0,0,0,0,0
2024-03-08 05:00:00,2169.04,2170.52,2166.3,2168.394,34581,31084.05,68.00176422615372,94.50857381848559,,2148.3265166666665,98.30383671360276,2079.7824416666667,98.5952110928037,2045.8046907407409,,,-11972.435337392868,-8956.926079990802,-8956.926079990802,2132.483120610196,1,0,0,0,0,0,0,0,0
2024-03-08 06:00:00,2168.368,2169.66,2166.0,2168.233,32362,28594.15,66.98192266251665,94.1718946047683,,2148.99785,98.13103540772545,2080.387995833333,98.50908351700095,2046.0507425925928,,,-11978.289766575628,-8961.318162521538,-8961.318162521538,2133.191039013954,1,0,0,0,0,0,0,0,0
2024-03-08 07:00:00,2168.233,2169.29,2165.7,2165.92,30958,26700.85,67.34993938247509,89.33500627352595,,2149.64835,96.55684580070219,2080.9800625,97.27173517642784,2046.2920759259262,,,-11976.177156242917,-8959.733249860219,-8959.733249860219,2133.8391372513015,1,0,0,0,0,0,0,0,0
2024-03-08 08:00:00,2165.935,2185.363,2155.81,2171.13,115299,30567.3,66.86561433819364,77.10374338432875,,2150.4090166666665,91.17951451076162,2081.5764791666666,92.9285803005839,2046.5438611111108,,,-6569.701809217679,-5539.851411393728,-5539.851411393728,2134.577570177018,1,0,0,0,0,0,0,0,0
2024-03-08 09:00:00,2171.065,2174.69,2163.7,2170.73,122693,35258.75,66.13838320552762,76.46027379631,,2151.1497166666663,90.93162620923023,2082.18255,92.72984722394743,2046.795225925926,,,-6571.991363518803,-5541.787441882949,-5541.787441882949,2135.293459876483,1,0,0,0,0,0,0,0,0
2024-03-08 10:00:00,2170.8,2177.42,2167.7,2177.152,94436,38887.15,66.50050633795442,86.64074321136323,,2152.0246666666667,94.90831746897938,2082.806075,95.92050676934552,2047.0583407407407,,,-6570.851285023615,-5540.8233997871985,-5540.8233997871985,2136.122341859127,1,0,0,0,0,0,0,0,0
2024-03-08 11:00:00,2177.22,2180.89,2171.9,2180.61,83467,41772.45,65.88490500617885,92.2668922766547,,2152.93285,97.0526407173377,2083.433020833333,97.63855421686762,2047.3291555555554,,,-6572.789393299834,-5542.462250070124,-5542.462250070124,2137.003285584689,1,0,0,0,0,0,0,0,0
2024-03-08 12:00:00,2180.62,2195.15,2180.555,2184.905,104287,46505.95,69.52099737532812,85.6210526315791,,2153.926433333333,94.01052323881913,2084.043875,95.14597606390545,2047.607775925926,,,-5015.833941334929,-4389.184799629728,-4389.184799629728,2137.9518343849923,1,0,0,0,0,0,0,0,0
2024-03-08 13:00:00,2184.895,2185.05,2173.7,2174.29,76779,50344.5,61.26432525981343,70.72280701754367,,2154.7106,87.80473545746852,2084.6122083333335,90.11664818868384,2047.8653592592593,,,-5324.213713116875,-4406.622333136623,-4406.622333136623,2138.671402020933,0,0,0,0,0,0,0,0,0
2024-03-08 14:00:00,2174.3,2177.83,2167.9,2176.35,56473,52558.6,63.74329595319335,73.61403508771905,,2155.5092666666665,89.00906167787187,2085.177666666667,91.09266471463353,2048.130238888889,,,-5317.91231328622,-4401.386914565598,-4401.386914565598,2139.4175128720035,0,0,0,0,0,0,0,0,0
2024-03-08 15:00:00,2176.41,2178.19,2175.2,2177.185,33208,53100.25,63.252177442839205,74.71498944405334,,2156.3768499999996,89.49722303420046,2085.760745833333,91.48828306374423,2048.3965166666667,,,-5319.160708076139,-4529.52838774626,-4529.52838774626,2140.165383904241,0,0,0,0,0,0,0,0,0
2024-03-08 16:00:00,2177.223,2179.16,2176.4,2178.965,11763,52269.75,65.43501304994606,77.22026741731189,,2157.2176833333333,90.53785442852971,2086.3544166666666,92.3316371492737,2048.662924074074,,,-5313.612066471902,-4524.788245276973,-4524.788245276973,2140.93369313386,1,0,0,0,0,0,0,0,0
2024-03-10 18:00:00,2179.03,2181.49,2176.8,2177.163,10054,51470.15,63.64263137630603,74.28591851322372,,2158.0776833333334,89.48436129786609,2086.945866666667,91.47785958628268,2048.930251851852,,,-5318.168196806523,-5029.981633269999,-5029.981633269999,2141.6511051510115,0,0,0,0,0,0,0,0,0
2024-03-10 19:00:00,2177.152,2183.8,2176.9,2181.592,21820,51631.55,64.63810776211164,78.99612703330759,,2158.896333333333,92.07366267173343,2087.561,93.57629511707461,2049.2029592592594,,,-5315.637753527912,-5027.585781559275,-5027.585781559275,2142.4420139599024,1,0,0,0,0,0,0,0,0
2024-03-10 20:00:00,2181.61,2188.99,2179.1,2186.67,32930,52557.1,66.23235613463603,86.71887235708688,,2159.771616666667,95.04238526746565,2088.2124166666667,95.98222323298367,2049.4870888888886,,,-5311.585266561658,-5023.748842034548,-5023.748842034548,2143.317815663667,1,0,0,0,0,0,0,0,0
2024-03-10 21:00:00,2186.633,2186.76,2178.7,2180.145,43895,53831.25,63.04759178870702,76.30739594517757,,2160.4515333333334,91.22771119555681,2088.8327708333336,92.8907145767594,2049.7574870370368,,,-5319.68075295192,-5031.413738173968,-5031.413738173968,2144.047066838644,1,0,0,0,0,0,0,0,0
2024-03-10 22:00:00,2180.24,2180.36,2176.5,2177.372,27524,53799.95,61.22395956351247,71.92888271331984,,2160.9931500000002,89.60654779304284,2089.4433208333335,91.57688262216777,2050.024090740741,,,-5324.3163203774275,-5035.8027447327995,-5035.8027447327995,2144.706966505205,0,0,0,0,0,0,0,0,0
2024-03-10 23:00:00,2177.352,2180.32,2176.5,2179.433,22111,52893.4,63.18289034178143,71.95896520963417,,2161.6357833333336,90.81145863782515,2090.0555416666666,92.55337294254764,2050.2894851851856,,,-5319.336831871405,-5031.088109887387,-5031.088109887387,2145.3946107328247,0,0,0,0,0,0,0,0,0
2024-03-11 00:00:00,2179.453,2181.47,2179.1,2180.563,14141,51025.9,62.16097489546549,73.9750223015166,,2162.1764166666667,91.47208418591056,2090.6735125,93.08876064852983,2050.545231481481,,,-6682.159062335503,-5033.547593512696,-5033.547593512696,2146.0910144806894,0,0,0,0,0,0,0,0,0
2024-03-11 01:00:00,2180.652,2181.66,2176.4,2177.952,26983,49788.2,60.52060563199177,69.31668153434467,,2162.729283333333,89.94562993276828,2091.277508333333,91.85168339161012,2050.803966666667,,,-7676.427666185745,-5037.495533978337,-5037.495533978337,2146.721925085032,0,0,0,0,0,0,0,0,0
2024-03-11 02:00:00,2177.972,2179.99,2177.0,2179.49,27602,49439.25,58.89362129414994,72.06066012488803,,2163.2682833333333,90.8447822274187,2091.8894125,92.58037922506169,2051.0652944444446,,,-7739.4729493792665,-5041.411260423203,-5041.411260423203,2147.370797855626,0,0,0,0,0,0,0,0,0
2024-03-11 03:00:00,2179.443,2182.73,2177.6,2182.211,36521,49647.2,61.6981052453897,75.28366762177588,,2163.899966666667,92.4355451622331,2092.5026125,93.86957386928944,2051.336862962963,,,-7729.181265154532,-5034.661599890736,-5034.661599890736,2148.060702848584,1,0,0,0,0,0,0,0,0
2024-03-11 04:00:00,2182.24,2183.08,2176.4,2177.39,49573,50577.95,58.97643328757266,65.3463414634142,,2164.4116333333336,89.61707103186191,2093.1001375,91.5854109219091,2051.601038888889,,,-9999.6375851705,-5041.211953579827,-5041.211953579827,2148.641481009998,0,0,0,0,0,0,0,0,0
2024-03-11 05:00:00,2177.345,2181.54,2175.785,2180.51,43686,46997.3,59.817026317474614,71.43414634146367,,2164.953883333333,91.4410990938323,2093.7145416666667,93.06364954373603,2051.869409259259,,,-9995.65184297087,-5327.892663148239,-5327.892663148239,2149.2725407919784,0,0,0,0,0,0,0,0,0
2024-03-11 06:00:00,2180.443,2180.78,2176.3,2177.625,30695,42397.4,58.81061428773774,65.80487804878031,,2165.450966666667,89.75445776088858,2094.3208375,91.69675261297624,2052.134140740741,,,-15347.276183555241,-5330.450904199935,-5330.450904199935,2149.833975627781,0,0,0,0,0,0,0,0,0
2024-03-11 07:00:00,2177.633,2179.53,2176.0,2178.93,29312,39141.2,58.437093034335945,68.35121951219463,,2165.97775,90.51739257527025,2094.938004166667,92.31505434422101,2052.4010388888887,,,-16034.440794893413,-5331.400373578181,-5331.400373578181,2150.4101345262407,0,0,0,0,0,0,0,0,0
2024-03-11 08:00:00,2178.874,2180.69,2175.9,2177.074,65104,38223.05,57.658285866507825,64.72975609756094,,2166.4479833333335,89.43232972814967,2095.5390375,91.43569188200622,2052.6639537037036,,,-16040.338615172312,-5333.3800562620345,-5333.3800562620345,2150.9381318623546,0,0,0,0,0,0,0,0,0
2024-03-11 09:00:00,2177.19,2185.07,2174.695,2181.605,83671,37192.25,59.76788132416273,72.82848545636891,,2167.03935,92.08126278865826,2096.1597666666667,93.58245444466552,2052.932611111111,,,-14794.873163175194,-5328.0175868729775,-5328.0175868729775,2151.5453965779516,0,0,0,0,0,0,0,0,0
2024-03-11 10:00:00,2181.595,2183.26,2175.485,2181.96,75597,37133.15,59.15382464425526,72.14361140443489,,2167.560933333333,92.28880444314525,2096.8037458333333,93.75065146734133,2053.200622222222,,,-14799.168767791547,-5329.578483364863,-5329.578483364863,2152.1476659526456,0,0,0,0,0,0,0,0,0
2024-03-11 11:00:00,2181.874,2185.69,2179.8,2184.212,62527,37435.85,59.51607439797993,76.89968321013701,,2168.101633333333,93.60537854428524,2097.4501875,94.81763652386498,2053.47297037037,,,-17531.528600099547,-5328.657665485542,-5328.657665485542,2152.782603260514,1,0,0,0,0,0,0,0,0
2024-03-11 12:00:00,2184.203,2184.7,2178.2,2180.84,45634,38057.15,60.5736985614442,69.77824709609298,,2168.478416666667,91.63402513884833,2098.0879375,93.22000170565998,2053.741074074074,,,-19228.024569700563,-5325.969246157976,-5325.969246157976,2153.3381952751574,0,0,0,0,0,0,0,0,0
2024-03-11 13:00:00,2180.79,2184.16,2177.9,2179.592,43983,39668.15,60.09903914922716,67.14255543822593,,2168.896783333333,90.90441391406023,2098.716975,92.62870625692925,2054.012998148148,,,-19232.34161756065,-5327.175802874339,-5327.175802874339,2153.8580725964416,0,0,0,0,0,0,0,0,0
2024-03-11 14:00:00,2179.592,2180.99,2176.8,2180.708,31831,40757.0,59.679332584428444,69.49947201689538,,2169.31825,91.55685472084187,2099.348195833333,93.15746084089037,2054.288151851852,,,-19236.158866899437,-5328.242672637428,-5328.242672637428,2154.389754327205,0,0,0,0,0,0,0,0,0
2024-03-11 15:00:00,2180.88,2184.14,2180.3,2181.3,30504,41191.2,59.19660389058036,70.74973600844785,,2169.7402500000003,91.90295235311319,2099.9800083333334,93.43794714349343,2054.5619481481476,,,-19240.549305224566,-6691.584725308113,-6691.584725308113,2154.9226304791414,0,0,0,0,0,0,0,0,0
2024-03-11 16:00:00,2181.303,2182.94,2180.6,2182.085,9036,39996.5,59.972264949431285,72.40760295670522,,2170.1877833333333,92.36188249049982,2100.604225,93.80987577110041,2054.8375259259265,,,-19233.49463438463,-7678.42526430072,-7678.42526430072,2155.460499182525,0,0,0,0,0,0,0,0,0
2024-03-11 17:00:00,2182.85,2182.85,2182.2,2182.2,4,37801.95,59.05596543431276,72.65047518479346,,2170.59645,92.42911429406591,2101.2347041666667,93.86436213055866,2055.114175925926,,,-19241.828418060104,-7738.877191066742,-7738.877191066742,2155.9899942482175,0,0,0,0,0,0,0,0,0
2024-03-11 18:00:00,2182.423,2184.76,2180.3,2181.245,11110,36981.25,59.2869945247856,70.6335797254483,,2170.9917833333334,91.87079801227699,2101.8600166666665,93.4118884498393,2055.3927777777776,,,-19239.72719850146,-7738.029377890694,-7738.029377890694,2156.490093372015,0,0,0,0,0,0,0,0,0
2024-03-11 19:00:00,2181.245,2183.75,2180.8,2183.63,14481,36599.75,59.689482768400396,75.67053854276662,,2171.4511166666666,93.26512715580242,2102.4948916666667,94.54188816556274,2055.667351851852,,,-19236.066550537707,-9996.25660138279,-9996.25660138279,2157.0275172656384,1,0,0,0,0,0,0,0,0
2024-03-11 20:00:00,2183.62,2184.51,2179.9,2180.37,19709,36878.15,58.25214310568425,68.785638859556,,2171.81745,91.35925168079498,2103.1151416666667,92.9973183235257,2055.934574074074,,,-19249.139216865275,-10003.07186768301,-10003.07186768301,2157.489744646517,0,0,0,0,0,0,0,0,0
2024-03-11 21:00:00,2180.37,2183.07,2179.5,2182.714,28726,36965.3,58.220424831428545,73.7360084477293,,2172.2045166666667,92.72961122478799,2103.7365333333337,94.10789246761608,2056.2186555555554,,,-19249.427695939903,-14805.698322270919,-14805.698322270919,2157.9892348515364,0,0,0,0,0,0,0,0,0
2024-03-11 22:00:00,2182.725,2182.86,2178.525,2179.05,30683,37119.35,57.080229671011736,65.038002171553,,2172.6245166666668,90.58754750073085,2104.3465333333334,92.3719096758299,2056.504074074074,,,-19259.797820181986,-14813.674503875796,-14813.674503875796,2158.4062797059614,0,0,0,0,0,0,0,0,0
2024-03-11 23:00:00,2179.06,2179.072,2176.5,2177.43,19535,36270.05,57.67542140337113,61.520086862106005,,2173.0215166666667,89.64045600701536,2104.94645,91.604362699112,2056.7937111111114,,,-19254.384525663027,-14809.510868112526,-14809.510868112526,2158.7829870385167,0,0,0,0,0,0,0,0,0
2024-03-12 00:00:00,2177.412,2179.23,2176.8,2178.19,11454,34364.1,59.086572859527735,59.181708784596964,,2173.390266666667,90.0847705349313,2105.548325,91.96444646596733,2057.0713037037035,,,-20738.83809054863,-14799.639224487786,-14799.639224487786,2159.1672843248825,0,0,0,0,0,0,0,0,0
2024-03-12 01:00:00,2178.19,2179.17,2173.9,2176.1,22936,33326.6,57.36983291808276,54.15162454873622,,2173.6892166666667,88.86290558316273,2106.1419499999997,90.97421610711537,2057.3383222222224,,,-17951.909814096045,-14026.044844810873,-14026.044844810873,2159.50258562538,0,0,1,1,0,0,0,0,0
2024-03-12 02:00:00,2176.065,2177.12,2173.3,2175.35,32986,33441.15,57.00589036323893,52.34657039711168,,2173.9940500000002,88.42443729903528,2106.73295,90.61887028456086,2057.6039888888886,,,-18466.789787406236,-15722.838853170546,-15722.838853170546,2159.816395811016,0,0,1,1,0,0,0,0,0
2024-03-12 03:00:00,2175.263,2177.42,2174.3,2176.99,36531,33802.1,57.55697627161017,56.293622141997034,,2174.2774999999997,89.38322128032722,2107.3232166666667,91.39589314988,2057.8731185185184,,,-18461.981009846277,-17076.214880778145,-17076.214880778145,2160.1564671810947,0,0,0,0,0,0,0,0,0
2024-03-12 04:00:00,2176.99,2178.54,2175.5,2177.743,37565,32425.15,56.60911044881062,58.10589651022846,,2174.5973833333333,89.82344343759127,2107.9055375000003,91.75266035572479,2058.1430222222225,,,-18470.25209032446,-17083.86512954973,-17083.86512954973,2160.5047153557266,0,0,0,0,0,0,0,0,0
2024-03-12 05:00:00,2177.74,2179.05,2176.1,2176.885,31042,29793.7,56.204547619803726,56.04091456077066,,2174.88355,89.32183572054964,2108.4899333333333,91.34614473472257,2058.4103092592595,,,-18473.78230698246,-17087.13036626488,-17087.13036626488,2160.8290774278903,0,0,0,0,0,0,0,0,0
2024-03-12 06:00:00,2176.885,2177.64,2175.2,2176.412,29370,27482.35,54.61768112631921,54.90252707581179,,2175.1654166666667,89.04530838935968,2109.073425,91.122039969298,2058.6761,,,-18487.6293095434,-17099.93800543747,-17099.93800543747,2161.137650152091,0,0,1,1,0,0,0,0,0
2024-03-12 07:00:00,2176.48,2176.58,2170.2,2171.92,43946,26553.3,51.19401288981963,44.09145607701584,,2175.33175,86.41917567962585,2109.6304666666665,88.99375538941165,2058.931905555555,,,-14553.612548833255,-13679.832066560024,-13679.832066560024,2161.3511620302675,0,0,0,0,0,0,0,0,0
2024-03-12 08:00:00,2171.872,2182.04,2160.55,2169.86,121921,30367.65,50.587933330125104,39.133574007220574,,2175.48275,85.21484945922249,2110.1790708333333,88.01773886346194,2059.183868518519,,,-8715.25017211843,-8392.848316109332,-8392.848316109332,2161.519653871252,0,0,0,0,0,0,0,0,0
2024-03-12 09:00:00,2169.752,2169.92,2156.055,2160.37,139594,35148.2,47.0661104602135,16.293622141997478,,2175.52475,79.66676410406305,2110.6997625,83.5214297220721,2059.4175444444445,,,-7411.6636427332905,-7116.547627939162,-7116.547627939162,2161.4968884480586,0,0,0,0,0,0,0,0,0
2024-03-12 10:00:00,2160.352,2166.41,2152.545,2161.983,104023,38757.8,48.52328904825853,22.15232953878676,,2175.6356333333333,80.60976322712663,2111.229525,84.28566013777947,2059.658190740741,,,-6582.267201475777,-6347.930942681378,-6347.930942681378,2161.506514419384,0,0,0,0,0,0,0,0,0
2024-03-12 11:00:00,2162.03,2164.912,2157.3,2162.935,67033,40584.25,46.824751055833204,24.386809059969178,,2175.724833333333,81.16632563577895,2111.7680625000003,84.73671243520855,2059.8967259259257,,,-6898.346433887504,-6353.055510466641,-6353.055510466641,2161.5348012625645,0,0,0,0,0,0,0,0,0
2024-03-12 12:00:00,2162.98,2166.51,2161.3,2165.68,43550,42309.95,48.078240353147066,30.829714822203396,,2175.8586333333333,82.77111955568535,2112.3203541666667,86.03727814575801,2060.1399666666666,,,-6941.998217538675,-6349.273675205473,-6349.273675205473,2161.6168844058802,0,0,0,0,0,0,0,0,0
2024-03-12 13:00:00,2165.77,2165.77,2154.695,2154.923,51813,44900.4,41.81101491987472,5.581504518248329,,2175.81315,76.48231511254004,2112.831366666667,80.94067146146617,2060.3647870370373,,,-7156.243380505622,-6368.182184583275,-6368.182184583275,2161.4843322394267,0,0,0,0,0,0,0,0,0
2024-03-12 14:00:00,2154.98,2156.51,2152.6,2153.463,42470,46468.4,39.84984333754598,2.154676681140992,,2175.6842,75.62876351943885,2113.3365875,80.24893159356024,2060.588451851852,,,-7162.892546745081,-6374.0991300722735,-6374.0991300722735,2161.32549397726,0,0,0,0,0,0,0,0,0
2024-03-12 15:00:00,2153.49,2157.39,2150.455,2157.33,32011,47344.9,39.65671160323777,15.382033784539601,,2175.6187833333333,77.8895059923998,2113.8664083333333,82.08109465465118,2060.819109259259,,,-6682.913688132847,-5990.629454794251,-5990.629454794251,2161.246375284641,0,0,0,0,0,0,0,0,0
2024-03-12 16:00:00,2157.292,2158.99,2155.8,2158.045,10157,46867.3,43.41769382247836,16.981765298132046,,2175.5013666666664,78.30751242326807,2114.3997,82.41985767215321,2061.0492055555555,,,-6671.00619337508,-5979.955459564393,-5979.955459564393,2161.182981714648,0,0,0,0,0,0,0,0,0
2024-03-12 17:00:00,2158.19,2158.19,2158.19,2158.19,1,45431.05,42.5257647097561,17.306186374315022,,2175.3215666666665,78.39228295819936,2114.9339750000004,82.48855786451374,2061.2799833333333,,,-6673.830094317686,-6144.67055907368,-6144.67055907368,2161.1237147500015,0,0,0,0,0,0,0,0,0
2024-03-12 18:00:00,2157.591,2161.43,2155.8,2158.76,21351,44964.45,42.40011879325863,18.58149681172449,,2175.161,78.72551885413631,2115.470475,82.75862068965523,2061.5139648148147,,,-6674.227896807785,-6145.036820308186,-6145.036820308186,2161.076908517328,0,0,0,0,0,0,0,0,0
2024-03-12 19:00:00,2158.712,2159.152,2155.4,2156.9,13646,44670.0,40.90470655157916,14.419957489652399,,2174.972116666667,77.63811750950018,2115.9992708333334,81.87736304972,2061.7461629629624,,,-6678.962461448214,-6149.395987314977,-6149.395987314977,2160.9941974575786,0,0,0,0,0,0,0,0,0
2024-03-12 20:00:00,2156.863,2160.53,2156.2,2159.28,22532,45223.9,42.66350500914867,19.74493791251872,,2174.86145,79.02952353113133,2116.534920833333,83.00499379329302,2061.980488888889,,,-6673.3940002876325,-6144.269042386922,-6144.269042386922,2160.9602529534677,0,0,0,0,0,0,0,0,0
2024-03-12 21:00:00,2159.26,2159.58,2156.9,2158.6,30309,45592.55,40.26818366517673,18.22351493455633,,2174.6526166666667,78.63197895352228,2117.056670833333,82.68281358084347,2062.215872222222,,,-6680.977730995159,-6151.251468692042,-6151.251468692042,2160.913515271221,0,0,0,0,0,0,0,0,0
2024-03-12 22:00:00,2158.56,2161.57,2157.0,2160.44,23225,45104.5,38.58473322308302,22.340306521982527,,2174.481116666667,79.7076878105817,2117.5958791666667,83.55459533217727,2062.459824074074,,,-6686.307635830029,-6156.158772123304,-6156.158772123304,2160.9041387311972,0,0,0,0,0,0,0,0,0
2024-03-12 23:00:00,2160.312,2160.72,2157.2,2159.083,17516,44153.75,40.402107143508246,19.304172726256013,,2174.179966666667,78.91435252850046,2118.1302083333335,82.91165629056866,2062.7043740740746,,,-10840.240908587084,-6150.861078141594,-6150.861078141594,2160.868076578104,0,0,0,0,0,0,0,0,0
2024-03-13 00:00:00,2159.005,2159.69,2156.8,2159.34,13902,42970.6,41.59002294647706,19.879181116456397,,2173.8254666666667,79.0646009938615,2118.6699583333334,83.03342145909737,2062.9527259259257,,,-13135.253672086483,-6192.526727509925,-6192.526727509925,2160.8378176359633,0,0,0,0,0,0,0,0,0
2024-03-13 01:00:00,2159.212,2160.63,2158.3,2160.03,21773,42507.15,40.833372702792225,24.847541196315838,,2173.4108833333335,79.46799181525878,2119.2076666666667,83.36033961584754,2063.2074666666663,,,-13139.966535641046,-6194.748575237673,-6194.748575237673,2160.821821247132,0,0,0,0,0,0,0,0,0
2024-03-13 02:00:00,2160.09,2161.51,2158.0,2159.365,25041,42290.7,39.9411597228812,23.12183729077433,,2173.1621333333333,79.0792166033322,2119.7496375,83.045266319849,2063.462587037037,,,-13145.52376379371,-6470.991385181982,-6470.991385181982,2160.792973301644,0,0,0,0,0,0,0,0,0
2024-03-13 03:00:00,2159.392,2160.79,2158.3,2159.605,34606,41823.7,41.093602850513115,23.74464772284968,,2172.88305,79.21952645425311,2120.2977708333333,83.15897698306657,2063.7125777777774,,,-13773.172687884293,-6509.370150129528,-6509.370150129528,2160.769449077849,0,0,0,0,0,0,0,0,0
2024-03-13 04:00:00,2159.74,2161.16,2157.5,2158.212,40775,37766.4,39.656211717580526,20.129752173349143,,2172.5668333333333,78.40514469453372,2120.8453624999997,82.49898134197531,2063.961687037037,,,-18990.54240469973,-6682.915270800751,-6682.915270800751,2160.718806521852,0,0,0,0,0,0,0,0,0
2024-03-13 05:00:00,2158.2,2160.24,2157.2,2158.63,39654,32769.4,38.27410965579693,21.214480342546292,,2172.2279166666667,78.6495176848875,2121.4026541666667,82.69702741374574,2064.2096129629626,,,-19002.976971157517,-6687.291088631314,-6687.291088631314,2160.6774440164686,0,0,0,0,0,0,0,0,0
2024-03-13 06:00:00,2158.58,2163.66,2157.6,2163.325,34558,29296.15,42.997261638038424,33.39820942000763,,2171.997283333333,81.1519099792714,2121.9695291666667,84.92149226293684,2064.465566666667,,,-25573.88303101722,-6672.337306829063,-6672.337306829063,2160.7298708676276,0,0,0,0,0,0,0,0,0
2024-03-13 07:00:00,2163.38,2164.19,2161.2,2163.97,32458,27567.4,41.55691679428268,35.07201245620845,,2171.7035833333334,81.52296296296278,2122.539675,85.22708967033371,2064.7244833333334,,,-24048.271708825097,-6676.897524792511,-6676.897524792511,2160.794031840546,0,0,0,0,0,0,0,0,0
2024-03-13 08:00:00,2163.99,2166.33,2161.7,2163.58,64798,28629.8,42.64313027080826,36.15204517284092,,2171.31875,81.14661092863533,2123.098075,85.04230984260542,2064.9820574074074,,,-19329.889018565627,-6673.458507928413,-6673.458507928413,2160.8491995268714,0,0,0,0,0,0,0,0,0
2024-03-13 09:00:00,2163.59,2171.6,2161.2,2166.023,97334,30905.85,43.31887403849164,44.183340428551595,,2171.083383333333,82.6055538966856,2123.6408208333332,86.19978963527308,2065.242396296296,,,-13037.53781457736,-6671.319062724413,-6671.319062724413,2160.9516510213884,0,0,0,0,0,0,0,0,0
2024-03-13 10:00:00,2165.915,2169.82,2163.398,2168.755,85772,33070.95,45.732489304291704,51.93699446573042,,2170.939766666667,84.23708569722307,2124.2117791666665,87.49419601823163,2065.508475925926,,,-13704.334485036983,-6663.677412365698,-6663.677412365698,2161.106172783341,0,0,1,1,0,0,0,0,0
2024-03-13 11:00:00,2168.923,2174.54,2167.8,2171.678,76566,35298.7,44.82219046327495,60.2327231446002,,2170.8105166666664,85.98268139743195,2124.794604166667,88.87909713733396,2065.7829629629628,,,-11905.173672698711,-6666.559472967302,-6666.559472967302,2161.3155158965424,0,0,0,0,0,0,0,0,0
2024-03-13 12:00:00,2171.75,2174.7,2169.3,2173.63,62363,37909.0,45.72636417738934,65.77266922094536,,2170.694966666667,87.14840250821142,2125.3783,89.80394386483594,2066.0631055555555,,,-11793.70746269639,-6663.696804883991,-6663.696804883991,2161.5593670669077,0,0,0,0,0,0,0,0,0
2024-03-13 13:00:00,2173.58,2179.812,2173.0,2174.52,63202,41069.05,44.95712620712627,68.29856676599962,,2170.6377666666667,87.67990444908922,2125.9649041666667,90.22562090760057,2066.3440055555557,,,-9177.137466508342,-6666.132258327913,-6666.132258327913,2161.816013263602,0,0,0,0,0,0,0,0,0
2024-03-13 14:00:00,2174.472,2176.57,2173.9,2174.81,29699,41486.45,46.75855247597131,69.12161203348923,,2170.5597666666667,87.8530904747685,2126.5620875,90.36302129232162,2066.624875925926,,,-9169.309262663199,-7165.9108475798985,-7165.9108475798985,2162.0733199316496,0,0,0,0,0,0,0,0,0
2024-03-13 15:00:00,2174.81,2175.56,2171.4,2172.56,28412,42224.75,46.26021102791012,62.7359159926208,,2170.3989166666665,86.50940579277388,2127.1471708333333,89.2969838246581,2066.9004407407406,,,-9335.484649620035,-7167.608369288729,-7167.608369288729,2162.280976962706,0,0,0,0,0,0,0,0,0
2024-03-13 16:00:00,2172.505,2175.17,2171.9,2174.065,14811,41838.7,46.481648217785114,67.00723712217977,,2170.3435,87.40818154673035,2127.7322541666667,90.01004444191753,2067.178018518519,,,-9334.505359022674,-7166.854078353431,-7166.854078353431,2162.5143239535437,0,0,0,0,0,0,0,0,0
2024-03-13 17:00:00,2174.128,2174.2,2173.9,2174.2,6,40323.55,46.22131391833766,67.3903788846312,,2170.2383333333332,87.48880262764989,2128.3160666666668,90.07400668997722,2067.4535296296294,,,-9335.656669386408,-7167.740866170468,-7167.740866170468,2162.745723479216,0,0,0,0,0,0,0,0,0
2024-03-13 18:00:00,2174.383,2175.48,2173.32,2174.69,6700,39497.3,46.051915048103176,68.78104157797655,,2170.1894166666666,87.78142729172885,2128.902275,90.30616596071296,2067.733298148148,,,-9336.405824128291,-7168.317896760223,-7168.317896760223,2162.98224380636,0,0,0,0,0,0,0,0,0
2024-03-13 19:00:00,2174.633,2176.22,2174.464,2175.348,9727,39107.85,46.36290288334975,70.64850290903914,,2170.129716666667,88.17438041206323,2129.4883916666668,90.61792269570074,2068.0196462962963,,,-9335.03050201947,-7167.2585656458505,-7167.2585656458505,2163.2271102656405,0,0,0,0,0,0,0,0,0
2024-03-13 20:00:00,2175.392,2176.61,2173.4,2176.205,17564,39290.95,47.32194095517446,73.0807435788276,,2170.1152333333334,88.68617497760516,2130.080516666667,91.023964522273,2068.307311111111,,,-9500.621551615463,-7163.991753397239,-7163.991753397239,2163.484098181172,0,0,0,0,0,0,0,0,0
2024-03-13 21:00:00,2176.205,2176.97,2172.8,2174.75,31364,39770.5,45.23441524987121,68.95132680573289,,2170.0009833333334,87.81725888324868,2130.656683333333,90.33459362651729,2068.5908203703707,,,-11368.824332420585,-8643.968477593584,-8643.968477593584,2163.7071853459015,0,0,0,0,0,0,0,0,0
2024-03-13 22:00:00,2174.75,2175.44,2172.2,2172.74,20873,39562.1,45.849561565743386,63.24677167588981,,2169.8473166666668,86.61690056733336,2131.224225,89.3822668220711,2068.87107962963,,,-11365.519226489616,-8641.448625406658,-8641.448625406658,2163.886052962814,0,0,0,0,0,0,0,0,0
2024-03-13 23:00:00,2172.752,2174.06,2170.7,2172.29,17669,38715.25,44.21043277348272,63.64961375892684,,2169.648616666667,86.34816363093454,2131.7899166666666,89.16905932853848,2069.1547462962963,,,-11374.326065046786,-8648.163064175544,-8648.163064175544,2164.05246775563,0,0,0,0,0,0,0,0,0
2024-03-14 00:00:00,2172.26,2172.49,2170.6,2171.683,9501,37151.55,45.76448537951173,61.88019239177929,,2169.496,85.98566736339201,2132.3586375,88.88146610948438,2069.445112962963,,,-12901.386101014496,-8641.79712690687,-8641.79712690687,2164.2035674040335,0,0,0,0,0,0,0,0,0
2024-03-14 01:00:00,2171.672,2171.95,2168.2,2168.79,21889,36263.3,45.10426110607448,53.447019384928964,,2169.3159666666666,84.25798745894289,2132.9135541666665,87.5107788232841,2069.7334092592596,,,-17671.45969775205,-8940.774770853457,-8940.774770853457,2164.2943878514784,0,0,1,1,0,0,0,0,0
2024-03-14 02:00:00,2168.93,2170.21,2167.0,2168.665,31652,36118.0,44.56366645739399,53.08264101442904,,2169.11525,84.1833383099432,2133.463204166667,87.45155451952502,2070.016372222222,,,-16566.0032277757,-9178.847269001531,-9178.847269001531,2164.3809346266967,0,0,1,1,0,0,0,0,0
2024-03-14 03:00:00,2168.67,2169.06,2167.0,2168.592,31465,36068.35,45.61387110342586,52.86984404605748,,2168.90345,84.13974320692745,2134.0103958333334,87.41696752612978,2070.292764814815,,,-16557.806188702707,-9174.283542919347,-9174.283542919347,2164.4643220598314,0,0,1,1,0,0,0,0,0
2024-03-14 04:00:00,2168.592,2170.09,2167.8,2169.545,37339,34695.4,46.61677798370471,55.64786474274882,,2168.69445,84.70886831890115,2134.562225,87.86849361798903,2070.566951851852,,,-21267.63512554,-9169.925352061191,-9169.925352061191,2164.5649295437947,0,0,0,0,0,0,0,0,0
2024-03-14 05:00:00,2169.58,2172.0,2167.4,2169.935,34186,31538.0,45.8274683289766,56.784725258708214,,2168.490033333333,84.94177366378015,2135.1264375,88.05327344571731,2070.8462148148146,,,-21275.551972628546,-9173.3553436079,-9173.3553436079,2164.6712675726303,0,0,0,0,0,0,0,0,0
2024-03-14 06:00:00,2170.05,2170.9,2167.7,2170.59,25053,28502.05,45.76459860497629,59.12494494200572,,2168.31245,85.3329352045387,2135.70905,88.36360879741501,2071.1248814814817,,,-21276.18256163557,-9337.676461149018,-9337.676461149018,2164.7884701949542,0,0,0,0,0,0,0,0,0
2024-03-14 07:00:00,2170.478,2170.84,2166.6,2168.414,28537,26100.6,45.0612749384919,52.73528116282523,,2168.05885,84.03344281875195,2136.2847333333334,87.33263211757689,2071.3999351851853,,,-20458.42550686143,-9340.786861230765,-9340.786861230765,2164.860262864361,0,0,1,1,0,0,0,0,0
2024-03-14 08:00:00,2168.425,2170.41,2160.3,2162.752,95233,27744.1,42.49037932930195,37.70351065460658,,2167.7652166666667,80.3826824099303,2136.8368666666665,84.65000805450525,2071.6649759259262,,,-12704.316860652349,-9352.156468559571,-9352.156468559571,2164.8185150848685,0,0,0,0,0,0,0,0,0
2024-03-14 09:00:00,2162.76,2167.23,2158.4,2162.55,112561,30212.05,44.59381490883925,37.32448696188915,,2167.4291500000004,79.17598211434054,2137.3160125,84.55430157963069,2071.931096296296,,,-11382.9089127151,-9342.854170755143,-9342.854170755143,2164.773593994079,0,0,0,0,0,0,0,0,0
2024-03-14 10:00:00,2162.394,2163.81,2157.3,2161.943,85326,32993.4,45.354254932106606,36.37169542504439,,2167.1440333333335,78.78824656659225,2137.7918583333335,84.26670836057659,2072.194998148148,,,-10736.887366893416,-9339.49117755124,-9339.49117755124,2164.7175426278595,0,0,0,0,0,0,0,0,0
2024-03-14 11:00:00,2161.943,2162.21,2152.4,2157.21,86799,35912.75,48.03604723430713,21.386734209276874,,2166.807033333333,75.76493133184286,2138.247075,82.02423932304251,2072.4486092592592,,,-8564.769852526324,-7676.798310103997,-7676.798310103997,2164.5688784174067,0,0,0,0,0,0,0,0,0
2024-03-14 12:00:00,2157.123,2160.38,2156.3,2158.612,56515,37997.95,47.89940054088406,25.8255501028974,,2166.4807333333333,76.66049185563719,2138.7205833333333,82.68849911400441,2072.7073092592595,,,-9134.117185152429,-7677.296802346165,-7677.296802346165,2164.450920428943,0,0,0,0,0,0,0,0,0
2024-03-14 13:00:00,2158.612,2165.15,2157.8,2160.192,47066,40350.95,48.304005342104986,30.82792464777606,,2166.2156,77.66975407218139,2139.1977583333337,83.43709431351922,2072.9697055555557,,,-9714.201268042056,-7675.820788916934,-7675.820788916934,2164.366585370944,0,0,0,0,0,0,0,0,0
2024-03-14 14:00:00,2160.26,2162.352,2159.8,2161.303,30198,41525.85,47.2378933020333,34.345417128383545,,2165.9814833333335,78.37943149153614,2139.676895833333,83.9634799253299,2073.233424074074,,,-10478.656578885015,-7679.7100054646935,-7679.7100054646935,2164.3059203140933,0,0,0,0,0,0,0,0,0
2024-03-14 15:00:00,2161.36,2163.48,2160.3,2163.46,25754,42327.2,56.04320926479137,41.17460820009528,,2165.7559833333335,79.75726604918555,2140.173083333333,84.98545451099675,2073.4978092592587,,,-10695.697911914378,-7647.587883902025,-7647.587883902025,2164.2891694167843,0,0,0,0,0,0,0,0,0
2024-03-14 16:00:00,2163.348,2163.85,2161.3,2161.765,9046,41901.3,55.857368629000064,35.80813677378481,,2165.4896833333337,78.67454487384211,2140.663729166667,84.18237295202347,2073.753625925926,,,-10696.646078423519,-7648.265837483637,-7648.265837483637,2164.2391858639767,0,0,0,0,0,0,0,0,0
2024-03-14 17:00:00,2161.878,2161.92,2161.878,2161.92,2,40333.2,53.417416165346374,36.29887604875774,,2165.2402666666667,78.77355477483233,2141.1556666666665,84.25581108868484,2074.006885185185,,,-10709.094815482977,-7657.166875217674,-7657.166875217674,2164.1932613914228,0,0,0,0,0,0,0,0,0
2024-03-14 18:00:00,2161.612,2162.39,2161.1,2161.348,4413,39510.2,52.46444719681241,34.487889821117676,,2164.9892,78.40817630150106,2141.6450333333332,83.98480067468321,2074.2574074074073,,,-10713.95690205713,-7660.643341613902,-7660.643341613902,2164.136919581692,0,0,0,0,0,0,0,0,0
2024-03-14 19:00:00,2161.308,2162.18,2160.4,2161.58,9074,39080.45,52.526080476899985,35.22241570365676,,2164.8168666666666,78.5563717662088,2142.1338958333336,84.09472098246006,2074.507203703704,,,-10713.642446546479,-8546.495398954517,-8546.495398954517,2164.0862875107673,0,0,0,0,0,0,0,0,0
2024-03-14 20:00:00,2161.531,2163.13,2160.2,2162.7,17136,39462.2,52.91204730229085,41.710665258711394,,2164.6975333333335,79.27179814755654,2142.630020833333,84.62537074414142,2074.7595037037036,,,-11348.583528095725,-8544.92451240429,-8544.92451240429,2164.05883627293,0,0,0,0,0,0,0,0,0
2024-03-14 21:00:00,2162.605,2165.93,2161.9,2162.623,28663,39800.9,54.34436060546242,41.44837687774681,,2164.7350833333335,79.22261258383902,2143.12295,84.58888857302593,2075.009416666667,,,-11377.742079146048,-8539.09499143086,-8539.09499143086,2164.0304038714858,0,0,0,0,0,0,0,0,0
2024-03-14 22:00:00,2162.69,2163.04,2161.2,2162.263,17877,39112.15,52.33605337760558,40.22209353816809,,2164.7397499999997,78.99265410412,2143.6099916666667,84.4183225781997,2075.2576370370366,,,-11660.54384576581,-8547.268810022058,-8547.268810022058,2163.9954057750206,0,0,0,0,0,0,0,0,0
2024-03-14 23:00:00,2162.41,2164.86,2161.3,2164.63,17572,38417.5,54.60066530350665,48.284906495896024,,2164.768,80.50463110827215,2144.1019499999998,85.53979399418182,2075.554535185185,,,-14145.646221824032,-8538.05183026666,-8538.05183026666,2164.0079719972973,0,0,1,1,0,0,0,0,0
2024-03-15 00:00:00,2164.63,2165.45,2163.4,2164.5,11420,37121.55,53.18062170970158,47.84208195660349,,2164.7483333333334,80.42159054615135,2144.5982583333334,85.47820071827232,2075.8671833333333,,,-15515.294739765988,-8543.83141347303,-8543.83141347303,2164.0177151260636,0,0,1,1,0,0,0,0,0
2024-03-15 01:00:00,2164.435,2169.25,2163.1,2169.07,30746,36949.55,57.448871518713474,63.40906768402853,,2164.9841166666665,83.34078569147245,2145.11505,87.64344126370455,2076.194627777778,,,-12432.944382678326,-8526.459619378556,-8526.459619378556,2164.117760371092,0,0,0,0,0,0,0,0,0
2024-03-15 02:00:00,2169.065,2170.08,2166.7,2168.843,33757,37384.75,57.09105018878588,62.63582791157114,,2165.2404500000002,83.19578409453835,2145.623925,87.53588992807789,2076.5168444444444,,,-15233.736936220992,-8527.915953647695,-8527.915953647695,2164.2113294726546,0,0,0,0,0,0,0,0,0
2024-03-15 03:00:00,2168.792,2169.98,2166.2,2166.972,34922,37704.0,55.09033847597811,53.15920035021239,,2165.40115,82.00063877355487,2146.1308541666667,86.64942054941208,2076.837875925926,,,-17123.04284628718,-9102.90651703136,-9102.90651703136,2164.2659962157704,0,0,1,1,0,0,0,0,0
2024-03-15 04:00:00,2166.912,2169.44,2164.9,2169.06,43941,35139.4,56.963698266078715,60.77630234933595,,2165.5847333333336,83.29170669228297,2146.6694791666664,87.6387033194037,2077.1630722222226,,,-20455.60604799585,-9674.221152972925,-9674.221152972925,2164.360926983775,0,0,0,0,0,0,0,0,0
2024-03-15 05:00:00,2169.06,2172.712,2167.1,2171.745,36094,31316.05,58.42400355279218,70.57128264993409,,2165.8106500000004,84.39146382127363,2147.1919375,88.91084136414882,2077.4963888888888,,,-16798.081813036915,-10309.058667030416,-10309.058667030416,2164.507146251423,0,0,0,0,0,0,0,0,0
2024-03-15 06:00:00,2171.81,2172.66,2168.2,2169.3,34687,28784.1,57.58330141708174,61.65183131475342,,2165.9863166666664,82.760920306769,2147.6687291666667,87.75241398262126,2077.8236666666667,,,-16804.800979722582,-10313.197610195593,-10313.197610195593,2164.6020542464444,0,0,0,0,0,0,0,0,0
2024-03-15 07:00:00,2169.3,2169.37,2165.8,2166.923,32885,26088.4,55.52373213262796,52.98044651977158,,2166.153366666667,81.17572524174705,2148.133533333333,86.62620462233832,2078.146014814815,,,-16821.261731676335,-10323.337277803184,-10323.337277803184,2164.6480135682973,0,0,1,1,0,0,0,0,0
2024-03-15 08:00:00,2166.912,2167.33,2157.3,2161.725,75557,27040.5,48.941378854042675,34.017948343790614,,2166.1941166666666,77.70923641213726,2148.589575,84.1634211748206,2078.4590240740745,,,-13679.980671852996,-10355.743507020323,-10355.743507020323,2164.5901321114993,0,0,0,0,0,0,0,0,0
2024-03-15 09:00:00,2161.73,2163.34,2156.3,2160.095,83639,28869.15,47.4691398341062,28.071647453669062,,2166.2190333333333,76.6222074024673,2149.0414708333333,83.39113625380207,2078.7713574074073,,,-12849.322813587125,-10362.991631379995,-10362.991631379995,2164.50111959444,0,0,0,0,0,0,0,0,0
2024-03-15 10:00:00,2160.048,2166.66,2158.9,2164.212,91768,31947.65,50.39361251588156,43.09061724792055,,2166.2819,79.2271796421257,2149.5322708333333,85.34174792241139,2079.0891574074076,,,-12831.503701463216,-10348.593873001817,-10348.593873001817,2164.4953944539557,0,0,0,0,0,0,0,0,0
2024-03-15 11:00:00,2164.223,2164.32,2158.054,2159.983,64309,33875.4,46.320124774577216,27.663067269809343,,2166.2969,72.10871944545798,2149.9105916666667,83.3380712776341,2079.3988592592596,,,-12856.323880242795,-10368.648460148845,-10368.648460148845,2164.4060401083325,0,0,0,0,0,0,0,0,0
2024-03-15 12:00:00,2160.03,2163.47,2157.6,2158.732,54457,36145.95,43.781255041135616,23.09937253757451,,2166.2867666666666,68.64571674558752,2150.2342875,82.74535444561309,2079.7071592592592,,,-12871.793474036616,-10381.147818820771,-10381.147818820771,2164.2936828784646,0,0,0,0,0,0,0,0,0
2024-03-15 13:00:00,2158.79,2160.61,2154.7,2156.8,43654,38328.55,40.65405296748604,16.05136436597155,,2166.232933333333,66.98235040895403,2150.5343708333335,81.82998360671277,2080.0116518518516,,,-11736.875122321195,-10396.543654157762,-10396.543654157762,2164.145293118495,0,0,0,0,0,0,0,0,0
2024-03-15 14:00:00,2156.752,2160.27,2156.1,2159.28,28733,39544.55,41.04513004842503,25.098497008609943,,2166.2315166666663,69.11752044769706,2150.8412041666666,83.00499379329302,2080.3208555555557,,,-11734.703919340189,-10394.618304212217,-10394.618304212217,2164.0489506805047,0,0,0,0,0,0,0,0,0
2024-03-15 15:00:00,2159.252,2159.44,2155.9,2156.794,22290,40205.35,39.15442976015666,16.029476141834994,,2166.1846666666665,66.97718467498908,2151.1394708333332,81.82714084013219,2080.6241962962963,,,-11745.200811902192,-10403.926596297037,-10403.926596297037,2163.9052882907918,0,0,0,0,0,0,0,0,0
2024-03-15 16:00:00,2156.86,2158.28,2155.1,2155.625,10535,39875.3,38.38666327679523,11.764920472785393,,2166.14155,65.97072750753331,2151.4399375000003,81.27327515137729,2080.9266981481483,,,-11749.463339569089,-10407.706462796452,-10407.706462796452,2163.7413221860234,0,0,0,0,0,0,0,0,0
2024-03-17 18:00:00,2155.511,2156.03,2151.435,2154.97,12211,39052.7,39.142511480914536,12.457271734150405,,2166.08055,65.40680154971996,2151.742333333333,80.96293979967959,2081.233235185185,,,-9927.586071904316,-9927.586071904316,-9927.586071904316,2163.567632637785,0,0,0,0,0,0,0,0,0
2024-03-17 19:00:00,2154.835,2156.93,2153.6,2156.56,11756,38746.65,39.206304184291376,18.06040102900239,,2165.9678,66.77572105036582,2152.0497083333335,81.71627294349521,2081.5446685185184,,,-9927.286251895024,-9927.286251895024,-9927.286251895024,2163.4288676350566,0,0,0,0,0,0,0,0,0
2024-03-17 20:00:00,2156.57,2157.52,2154.6,2156.515,15432,38639.65,39.083198558007076,17.901821898015772,,2165.84355,66.7369780456305,2152.3541666666665,81.6949521941419,2081.850851851852,,,-9927.864837345436,-9927.864837345436,-9927.864837345436,2163.2919593650554,0,0,0,0,0,0,0,0,0
2024-03-17 21:00:00,2156.543,2156.61,2149.9,2152.27,35474,39842.35,36.77348561719809,7.923241508424399,,2165.65505,63.08222126560475,2152.6445416666666,79.68369483848345,2082.146074074074,,,-9284.38714579448,-9263.223366573782,-9263.223366573782,2163.0737027439654,0,0,0,0,0,0,0,0,0
2024-03-17 22:00:00,2152.26,2153.48,2146.445,2147.88,33085,39959.3,34.47890061704699,4.3006563370994,,2165.3526666666667,59.12667531344579,2152.9267375,77.60373729046444,2082.434416666667,,,-9212.502069282347,-8040.378038538725,-8040.378038538725,2162.7728373430946,0,0,0,0,0,0,0,0,0
2024-03-17 23:00:00,2147.86,2148.1,2145.7,2146.652,22913,39417.1,33.37047165670707,2.790806754222043,,2164.984283333333,57.91930585683293,2153.1980375000003,77.02191773033516,2082.724098148148,,,-9765.739844397975,-7819.967156609207,-7819.967156609207,2162.453612841251,0,0,0,0,0,0,0,0,0
2024-03-18 00:00:00,2146.672,2148.27,2145.7,2147.292,13745,38358.25,34.40630608118862,4.666979362101591,,2164.57785,58.47462039045538,2153.4725875,77.3251461655816,2083.0169537037036,,,-10072.966096940876,-7816.132437134598,-7816.132437134598,2162.1533828839983,0,0,0,0,0,0,0,0,0
2024-03-18 01:00:00,2147.36,2148.32,2145.9,2147.003,18618,37092.1,35.09227186895454,3.8197701688565178,,2164.1340666666665,58.18758141554503,2153.7490166666666,77.18821957529072,2083.312690740741,,,-10069.693359403826,-7813.592951766001,-7813.592951766001,2161.853375302137,0,0,0,0,0,0,0,0,0
2024-03-18 02:00:00,2147.01,2149.11,2146.3,2147.994,19849,36279.85,36.01459786788258,7.336104892869604,,2163.6919666666668,58.79772826561832,2154.025825,77.3342946407114,2083.6093166666665,,,-11330.211611880119,-7810.178447105374,-7810.178447105374,2161.5789322268474,0,0,0,0,0,0,0,0,0
2024-03-18 03:00:00,2148.11,2152.19,2146.8,2152.085,32164,36153.7,39.15391937661886,20.41893188359521,,2163.3132166666664,62.26737461886235,2154.3114291666666,79.07942676706338,2083.9038537037036,,,-11854.508050778746,-7798.5564957180795,-7798.5564957180795,2161.39093356889,0,0,0,0,0,0,0,0,0
2024-03-18 04:00:00,2152.13,2154.42,2149.8,2153.52,46465,36832.7,41.4105391053911,25.00799488327524,,2162.9958833333335,63.524690709003536,2154.5873666666666,79.77653631284912,2084.19865,,,-14113.276062337793,-7790.202357820951,-7790.202357820951,2161.235073498219,0,0,0,0,0,0,0,0,0
2024-03-18 05:00:00,2153.483,2155.92,2152.9,2154.84,36650,34887.35,42.3265210972105,29.229293252319582,,2162.6754666666666,64.68124627624161,2154.882825,80.41777993684725,2084.50077962963,,,-14436.331358289402,-7786.811339044781,-7786.811339044781,2161.1084383794428,0,0,0,0,0,0,0,0,0
2024-03-18 06:00:00,2154.86,2158.48,2154.2,2158.21,33979,32404.35,44.44099378881988,40.00639590662048,,2162.408966666667,67.63396768653837,2155.187033333333,82.0548943405392,2084.809175925926,,,-15293.005867621134,-7778.9834377727175,-7778.9834377727175,2161.051043560048,0,0,0,0,0,0,0,0,0
2024-03-18 07:00:00,2158.2,2161.29,2158.065,2161.03,39287,29780.3,45.53004294098512,49.02462424048734,,2162.1812999999997,70.10479094381955,2155.5082833333336,83.37637028014622,2085.1238796296298,,,-13471.263355092979,-7774.951714271441,-7774.951714271441,2161.050626855889,0,0,1,1,0,0,0,0,0
2024-03-18 08:00:00,2160.974,2163.6,2158.0,2159.11,65338,29831.75,44.407245523213305,42.884553885514286,,2161.9106666666667,68.42252830056431,2155.829075,82.44092570036543,2085.433148148148,,,-11739.06566746802,-7779.108375821016,-7779.108375821016,2161.012198601317,0,0,0,0,0,0,0,0,0
2024-03-18 09:00:00,2159.13,2161.1,2155.2,2156.67,77627,30990.25,42.93845498265053,35.08154780940282,,2161.5850833333334,66.28465285809413,2156.1382624999997,81.25213154689402,2085.7393888888887,,,-11747.271201214182,-7784.545924097943,-7784.545924097943,2160.9262144705976,0,0,0,0,0,0,0,0,0
2024-03-18 10:00:00,2156.77,2160.8,2156.585,2158.45,66352,32125.15,44.92492308946054,42.87155346334868,,2161.3134166666664,65.03096712720327,2156.417158333333,82.11936662606564,2086.0443703703704,,,-11736.173614025298,-7777.191903267162,-7777.191903267162,2160.8771805206848,0,0,0,0,0,0,0,0,0
2024-03-18 11:00:00,2158.435,2161.32,2156.7,2158.215,52203,33298.65,47.553887792622405,44.12905500705314,,2161.0713333333338,62.29198570699352,2156.6565416666667,82.00487210718639,2086.3490944444447,,,-11721.486660376351,-7767.459322550586,-7767.459322550586,2160.8244640747303,0,0,0,0,0,0,0,0,0
2024-03-18 12:00:00,2158.323,2160.78,2154.465,2159.872,46530,34510.65,48.57846571968473,52.46557085739647,,2160.8643666666667,59.797150997150716,2156.868591666667,82.81218026796577,2086.6588944444447,,,-11715.762761342483,-7778.640705787509,-7778.640705787509,2160.8056033999833,0,0,1,1,0,0,0,0,0
2024-03-18 13:00:00,2159.872,2161.17,2157.7,2159.905,34006,35684.2,48.911557359538556,52.58773878276429,,2160.6680666666666,58.559670781893225,2157.0384041666666,82.82825822168093,2086.9677925925926,,,-11713.90191419246,-8858.421810901795,-8858.421810901795,2160.7877696692904,0,0,1,1,0,0,0,0,0
2024-03-18 14:00:00,2159.905,2160.64,2158.7,2159.39,23075,36227.4,51.21921209816325,50.681178735376754,,2160.5114,57.95414462081112,2157.2171541666667,82.56885205946858,2087.2801074074073,,,-11701.009988278358,-9683.22139575509,-9683.22139575509,2160.7600910619776,0,0,1,1,0,0,0,0,0
2024-03-18 15:00:00,2159.38,2161.0,2159.0,2160.125,21293,36704.25,50.85253845720399,53.40219161854024,,2160.3690666666666,58.81834215167546,2157.4040291666665,82.835089438863,2087.5914129629627,,,-11836.4263364001,-9994.501247818665,-9994.501247818665,2160.7475150013443,0,0,1,1,0,0,0,0,0
2024-03-18 16:00:00,2160.21,2160.4,2158.9,2159.995,7995,36332.4,49.887151286017,52.92092403376271,,2160.2257833333333,58.66549088771297,2157.5862041666664,82.77137956383231,2087.9028203703706,,,-12117.993345167724,-9999.10710264303,-9999.10710264303,2160.732613714189,0,0,1,1,0,0,0,0,0
2024-03-18 17:00:00,2159.951,2160.228,2159.8,2159.8,4,34558.9,49.129896143292335,52.19902265659808,,2160.0633666666668,58.43621399176975,2157.7661916666666,82.60762607626081,2088.2113203703702,,,-12486.131570575846,-11259.77499385966,-11259.77499385966,2160.714146115888,0,0,1,1,0,0,0,0,0
2024-03-18 18:00:00,2160.283,2162.55,2159.698,2161.15,9342,33371.75,48.65010168065266,57.19680142159105,,2159.9169500000003,60.023515579071216,2157.9614208333332,83.16414954196584,2088.521255555556,,,-15225.723900865138,-11715.36256044322,-11715.36256044322,2160.72277688587,0,0,0,0,0,0,0,0,0
2024-03-18 19:00:00,2161.2,2162.25,2160.0,2162.035,7037,32577.95,50.159288276382846,60.47312305641912,,2159.7743666666665,61.06407995296864,2158.1615666666667,83.58612143742243,2088.8301166666665,,,-19651.782352557504,-11706.931350411207,-11706.931350411207,2160.7487615019913,0,0,0,0,0,0,0,0,0
2024-03-18 20:00:00,2162.15,2162.83,2160.0,2160.592,17747,32778.05,49.22826592282661,55.13105286539385,,2159.644,59.36743092298657,2158.3538041666666,82.73524342417508,2089.134268518518,,,-22393.316319969712,-11712.132592609847,-11712.132592609847,2160.7456573138334,0,0,0,0,0,0,0,0,0
2024-03-18 21:00:00,2160.58,2162.212,2158.3,2160.412,26716,33182.95,49.45357743321493,54.464682363393656,,2159.605,59.15579071134602,2158.540770833333,82.64531761296917,2089.4389203703704,,,-23043.36532640219,-11710.873869088126,-11710.873869088126,2160.739050238312,0,0,1,1,0,0,0,0,0
2024-03-18 22:00:00,2160.53,2162.84,2159.5,2160.752,23417,33361.35,49.517234945659794,55.72338220050362,,2159.575033333333,59.21991701244792,2158.7410291666665,82.81517747858011,2089.7412203703707,,,-23042.66847350186,-11710.51824052698,-11710.51824052698,2160.7393066692366,0,0,0,0,0,0,0,0,0
2024-03-18 23:00:00,2160.732,2162.34,2159.4,2161.5,30435,33274.9,49.29729223273692,58.49252184214454,,2159.56765,60.10669828097199,2158.9463416666667,83.18886918292407,2090.044175925926,,,-25136.330839012102,-11711.746970766773,-11711.746970766773,2160.754369903509,0,0,0,0,0,0,0,0,0
2024-03-19 00:00:00,2161.435,2162.11,2159.1,2160.19,20483,31975.8,48.5955412909706,53.64282541092901,,2159.6173166666667,57.80325890162936,2159.1434875,82.5344091124822,2090.333824074074,,,-25144.70995473468,-11715.667367089489,-11715.667367089489,2160.7431942618555,0,0,1,1,0,0,0,0,0
2024-03-19 01:00:00,2160.24,2160.47,2156.6,2157.505,29174,31602.0,47.32522317915056,43.702798756109196,,2159.5988666666667,53.89467238211887,2159.31705,81.19301576199638,2090.6186555555555,,,-25159.877932189247,-11722.764116317534,-11722.764116317534,2160.679071603205,0,0,0,0,0,0,0,0,0
2024-03-19 02:00:00,2157.552,2157.75,2153.7,2156.672,39558,31880.95,45.44778509976199,40.618984155190795,,2159.5402,52.87446417636249,2159.4733375,80.7768590912497,2090.907483333334,,,-23066.21679321841,-11733.252597207973,-11733.252597207973,2160.5997236506664,0,0,0,0,0,0,0,0,0
2024-03-19 03:00:00,2156.76,2157.25,2153.7,2155.635,36297,31731.45,44.981033799467916,36.779949652007765,,2159.4457333333335,51.60440906307431,2159.633191666667,80.25878650113665,2091.1954,,,-23071.32348140543,-11735.860146371628,-11735.860146371628,2160.501412291247,0,0,0,0,0,0,0,0,0
2024-03-19 04:00:00,2155.79,2155.94,2146.9,2153.003,57466,31337.85,40.69949176285348,27.03613208944281,,2159.2714499999997,47.83464323287345,2159.7939833333335,78.94387130617247,2091.471961111111,,,-13213.30306296825,-11759.779375626455,-11759.779375626455,2160.3529288795394,0,0,0,0,0,0,0,0,0
2024-03-19 05:00:00,2153.003,2154.55,2151.1,2153.065,39690,29441.0,40.84930172133812,27.265659706797685,,2159.12645,44.95094833224344,2159.929129166667,78.9748457522544,2091.746988888889,,,-13212.363226340369,-11758.942448484084,-11758.942448484084,2160.208613456182,0,0,0,0,0,0,0,0,0
2024-03-19 06:00:00,2153.128,2156.35,2152.1,2154.083,41153,28181.05,42.450122424114504,31.034355101437182,,2158.9958333333334,44.616318273769444,2160.052504166667,79.48342617340695,2092.02302037037,,,-13202.320436486065,-11883.897613423205,-11883.897613423205,2160.087314179822,0,0,0,0,0,0,0,0,0
2024-03-19 07:00:00,2154.075,2156.7,2153.4,2155.571,36037,27372.75,42.042732925117036,36.54301791796251,,2158.89955,46.62306136210367,2160.185425,80.22681287937445,2092.303003703704,,,-13204.876204986675,-12163.336803901251,-12163.336803901251,2159.997882215865,0,0,0,0,0,0,0,0,0
2024-03-19 08:00:00,2155.533,2158.68,2150.5,2156.892,62215,28157.0,41.09478985550684,41.43343699096674,,2158.8214166666667,48.40458530006714,2160.3205166666667,80.88676841605664,2092.5859425925923,,,-13210.823150216347,-12533.959584193615,-12533.959584193615,2159.936379597729,0,0,0,0,0,0,0,0,0
2024-03-19 09:00:00,2156.872,2158.71,2150.265,2151.3,73018,30107.6,39.600425227057315,20.731526728862463,,2158.6314166666666,40.054682159945514,2160.4325166666667,78.09307321459802,2092.8596462962964,,,-13220.198085150161,-12618.560327981832,-12618.560327981832,2159.765362179952,0,0,0,0,0,0,0,0,0
2024-03-19 10:00:00,2151.125,2155.41,2148.285,2154.93,63289,32118.3,43.16988438977157,34.16999851917652,,2158.5032,44.10006949270313,2160.545725,79.90657707391391,2093.1401833333334,,,-13197.804991281188,-12597.18632101947,-12597.18632101947,2159.669612433814,0,0,0,0,0,0,0,0,0
2024-03-19 11:00:00,2154.845,2155.65,2150.4,2154.28,49637,33535.5,45.528367388614704,31.763660595292194,,2158.37015,43.196664350243594,2160.6550833333336,79.58184497789331,2093.4213907407407,,,-13183.008987524328,-12583.063668331786,-12583.063668331786,2159.5628874351246,0,0,0,0,0,0,0,0,0
2024-03-19 12:00:00,2154.28,2156.02,2152.7,2154.4,40605,35166.0,46.51626558351798,32.20790759662453,,2158.19965,43.36344683808221,2160.770666666667,79.6417955186971,2093.6972166666665,,,-13176.811382788426,-12577.148110278473,-12577.148110278473,2159.46065204037,0,0,0,0,0,0,0,0,0
2024-03-19 13:00:00,2154.54,2157.36,2153.9,2156.79,38347,37083.15,45.36182977127845,41.055827039834426,,2158.07115,46.685198054204335,2160.889375,80.83581045637345,2093.979272222222,,,-13610.998511844005,-12584.060899573322,-12584.060899573322,2159.4077678415506,0,0,0,0,0,0,0,0,0
2024-03-19 14:00:00,2156.825,2157.68,2155.1,2156.65,23545,37793.3,47.80495515074869,40.53753887161337,,2157.86415,46.49061848505927,2160.9968541666667,80.76586815876904,2094.261487037037,,,-13800.756376392152,-13168.72675564143,-13168.72675564143,2159.3531585773617,0,0,0,0,0,0,0,0,0
2024-03-19 15:00:00,2156.752,2157.95,2155.8,2157.691,21215,38502.2,49.31251733565783,44.39138160817381,,2157.678283333333,47.93745656706025,2161.109825,81.28593910024217,2094.5470259259255,,,-15457.534875935056,-13159.26902549771,-13159.26902549771,2159.320244546127,0,0,0,0,0,0,0,0,0
2024-03-19 16:00:00,2157.712,2158.47,2156.9,2156.995,8732,38051.45,50.13091641490414,41.81474900044425,,2157.512,46.97011813759547,2161.224054166667,80.93822596357997,2094.829601851852,,,-17754.183603599537,-13154.134777823643,-13154.134777823643,2159.274200099669,0,0,0,0,0,0,0,0,0
2024-03-19 17:00:00,2157.328,2157.328,2157.0,2157.0,3,36715.8,48.41666666666648,41.83325929216685,,2157.311,46.97706740792224,2161.3382083333336,80.94072390278018,2095.1135537037035,,,-17768.69884278868,-13164.88916771221,-13164.88916771221,2159.229166434329,0,0,0,0,0,0,0,0,0
2024-03-19 18:00:00,2157.912,2159.63,2156.68,2158.633,5212,35805.55,51.29239461959043,47.97106824925807,,2157.0924666666665,49.24669909659466,2161.4674083333334,81.7565508455523,2095.397744444444,,,-16461.960764967844,-13146.848214431633,-13146.848214431633,2159.217361158401,0,0,1,0,1,0,0,0,0
2024-03-19 19:00:00,2158.633,2158.74,2156.5,2157.09,8490,34708.3,51.024174717915166,48.11998310097293,,2156.888966666667,47.102154273801524,2161.5907,80.98568680838312,2095.67942962963,,,-18486.212651229947,-13148.5308988838,-13148.5308988838,2159.1752351948685,0,0,1,0,1,0,0,0,0
2024-03-19 20:00:00,2157.08,2157.46,2154.8,2157.17,12714,34319.85,51.55047500916217,53.0282015718918,,2156.7264166666664,47.21334259902727,2161.7124375,81.02565383558566,2095.9612555555555,,,-18481.57360062398,-13145.229140469453,-13145.229140469453,2159.135527567247,0,0,1,0,1,0,0,0,0
2024-03-19 21:00:00,2157.065,2160.04,2156.3,2158.652,22238,33973.05,51.47660859990415,61.79389312977196,,2156.6752,49.273106323836124,2161.8447791666667,81.76604301451303,2096.2418518518516,,,-17837.587336453224,-13145.692543287885,-13145.692543287885,2159.1259527639354,0,0,0,0,0,0,0,0,0
2024-03-19 22:00:00,2158.643,2159.72,2156.8,2158.905,15534,32771.85,51.68200883934383,63.000954198475,,2156.655366666667,49.62473940236309,2161.9840083333333,81.89243873804118,2096.522601851852,,,-17835.839992859517,-13144.403959602567,-13144.403959602567,2159.1215774616794,0,0,0,0,0,0,0,0,0
2024-03-19 23:00:00,2158.923,2159.87,2158.0,2159.87,11300,31522.0,55.6075318006082,76.10096670246944,,2156.583,50.96594857539949,2162.1239333333333,82.37454100367188,2096.8059351851853,,,-17802.445497229877,-13119.77709033491,-13119.77709033491,2159.136397709963,0,0,0,0,0,0,0,0,0
2024-03-20 00:00:00,2159.785,2160.2,2156.4,2156.85,15242,29410.8,56.75492499548186,62.29050279329628,,2156.530783333333,46.24561403508746,2162.258079166667,80.85478630342408,2097.0938685185183,,,-17553.756399534403,-13112.578889614248,-13112.578889614248,2159.0911225077857,0,0,0,0,0,0,0,0,0
2024-03-20 01:00:00,2156.871,2158.29,2156.1,2157.403,15716,28212.1,58.17927298732547,65.37988826815595,,2156.5086333333334,47.02175438596449,2162.388429166667,80.94019036077644,2097.3888481481486,,,-21349.191091966662,-13103.643205851115,-13103.643205851115,2159.057694339315,0,0,0,0,0,0,0,0,0
2024-03-20 02:00:00,2157.372,2158.22,2156.1,2157.04,18850,27096.95,57.447588778192504,63.35195530726306,,2156.5126333333333,46.51228070175421,2162.5207208333336,79.75564409030538,2097.664996296296,,,-27936.698816290766,-13108.233445557093,-13108.233445557093,2159.017739995962,0,0,0,0,0,0,0,0,0
2024-03-20 03:00:00,2156.972,2159.51,2156.5,2158.29,27941,26692.15,58.49860703260326,70.33519553072671,,2156.4961333333335,48.26666666666649,2162.650095833333,80.27294621354022,2097.9410333333335,,,-33260.3395709125,-13101.639855504329,-13101.639855504329,2159.003329302973,0,0,0,0,0,0,0,0,0
2024-03-20 04:00:00,2158.15,2158.39,2154.1,2156.24,30444,25103.6,56.11140756551645,58.88268156424531,,2156.4869,45.38947368421009,2162.765970833333,78.92770105605183,2098.205925925926,,,-34393.25561368057,-13541.376894005674,-13541.376894005674,2158.948609910835,0,0,0,0,0,0,0,0,0
2024-03-20 05:00:00,2156.085,2156.24,2152.8,2154.8,27115,22808.45,52.09448721707087,50.837988826817416,,2156.47315,43.20900774102772,2162.8895958333333,78.14784727863533,2098.466851851852,,,-28387.91233490585,-13772.554324674058,-13772.554324674058,2158.866459219531,0,0,1,0,1,0,0,0,0
2024-03-20 06:00:00,2154.8,2154.835,2152.0,2154.245,28734,21080.7,50.566999827944834,47.73743016759793,,2156.4610666666663,42.427867698803524,2162.9968041666666,77.84727863525579,2098.729027777778,,,-25627.23170941587,-15448.290347620488,-15448.290347620488,2158.77494517558,0,0,1,0,1,0,0,0,0
2024-03-20 07:00:00,2154.3,2155.08,2152.1,2153.865,28139,20005.8,49.2261044877999,45.614525139664366,,2156.41615,40.97927090779107,2163.1147291666666,77.64148388843742,2098.992,,,-25643.584091612764,-15771.984176783784,-15771.984176783784,2158.6777185384394,0,0,1,0,1,0,0,0,0
2024-03-20 08:00:00,2153.912,2155.28,2149.2,2153.22,47260,20338.55,45.860157961106644,42.011173184357226,,2156.3612333333335,35.04260263361708,2163.201175,77.29217438396952,2099.2515648148146,,,-19121.271291262663,-15797.292045405535,-15797.292045405535,2158.5696449040147,0,0,0,0,0,0,0,0,0
2024-03-20 09:00:00,2153.095,2158.66,2150.3,2157.835,66390,21740.7,47.42600261025062,67.79329608938635,,2156.4539833333333,41.558339859044466,2163.2998500000003,79.79149742756564,2099.5195555555556,,,-19107.03633990681,-15785.51877736686,-15785.51877736686,2158.5550974801727,0,0,0,0,0,0,0,0,0
2024-03-20 10:00:00,2157.89,2164.89,2155.3,2156.935,80130,24569.95,48.2184689481183,58.5461177696722,,2156.6049000000003,39.65925598433617,2163.3731208333334,79.00851414446575,2099.784687037037,,,-13390.576998418575,-12647.193803383796,-12647.193803383796,2158.5230163419515,0,0,0,0,0,0,0,0,0
2024-03-20 11:00:00,2157.24,2158.76,2154.3,2155.799,46338,25826.1,49.27099549707885,52.626367899948576,,2156.7573500000003,37.86553401124205,2163.4186375,78.38450975006862,2100.0385185185187,,,-13383.86873488154,-12640.855191225046,-12640.855191225046,2158.4690754242893,0,0,1,0,1,0,0,0,0
2024-03-20 12:00:00,2155.799,2158.68,2155.2,2157.65,38335,27306.25,49.33121551580023,61.87467087941093,,2156.9299833333334,33.09545049063358,2163.488533333333,79.40126338917882,2100.2939,,,-13383.484923417416,-12640.49252926346,-12640.49252926346,2158.4528561089564,0,0,0,0,0,0,0,0,0
2024-03-20 13:00:00,2157.603,2159.615,2156.2,2157.12,36639,29138.05,49.08909408535039,58.203335126411446,,2157.0986,32.149866190900845,2163.5260125,79.11013457841244,2100.5436907407407,,,-13385.028081036597,-12641.950652903626,-12641.950652903626,2158.42646291868,0,0,0,0,0,0,0,0,0
2024-03-20 14:00:00,2157.17,2183.7,2156.66,2181.725,164822,37118.55,63.15605697566649,94.64769647696497,,2157.6607833333333,76.0481712756465,2163.67995,92.62565229332593,2100.843488888889,,,-6046.504182679227,-5887.699966184768,-5887.699966184768,2158.8878200886074,1,0,0,0,0,0,0,0,0
2024-03-20 15:00:00,2181.79,2188.78,2178.2,2182.78,94684,41428.25,63.60392506690487,85.67335243553012,,2158.1723666666667,77.93041926851052,2163.8284083333333,93.20516341664384,2101.146803703704,,,-5269.3180266121135,-5147.996233937713,-5147.996233937713,2159.3609325621005,1,0,0,0,0,0,0,0,0
2024-03-20 16:00:00,2182.765,2187.19,2182.5,2185.855,24812,42033.15,65.27385006059959,93.0157593123205,,2158.711283333333,82.24450811843344,2164.0015125,94.89425981873109,2101.4527333333335,,,-5265.098913439566,-5265.098913439566,-5265.098913439566,2159.8855675608706,1,0,0,0,0,0,0,0,0
2024-03-20 17:00:00,2185.7,2185.8,2185.7,2185.8,2,40921.35,64.93514048048456,92.88443170964659,,2159.227283333333,81.75609756097579,2164.1644708333333,94.86404833836863,2101.757048148148,,,-5265.954672863808,-5265.954672863808,-5265.954672863808,2160.398724638873,1,0,0,0,0,0,0,0,0
2024-03-20 18:00:00,2186.572,2222.91,2186.1,2200.812,56932,42991.25,70.23909874351742,70.92750953821863,,2159.937316666667,72.03138843184405,2164.384625,89.46761355512132,2102.0901444444444,,,-2820.459776497736,-2820.459776497736,-2820.459776497736,2161.198987517311,0,0,0,0,0,0,0,0,0
2024-03-20 19:00:00,2200.812,2206.312,2196.3,2203.96,38224,44337.45,71.27372579246605,75.06906985922922,,2160.6528166666667,76.0156942159222,2164.618625,90.96801868357093,2102.4306759259257,,,-2819.0561310643507,-2819.0561310643507,-2819.0561310643507,2162.04574023974,1,0,0,0,0,0,0,0,0
2024-03-20 20:00:00,2203.892,2204.04,2192.3,2198.94,56574,46404.05,67.58328680439276,68.46467570056588,,2161.3166499999998,69.66206809264666,2164.8336958333334,88.57537772270159,2102.761787037037,,,-2824.0628316315374,-2824.0628316315374,-2824.0628316315374,2162.7763196409337,0,0,0,0,0,0,0,0,0
2024-03-20 21:00:00,2199.0,2212.452,2197.6,2204.84,77240,49480.25,69.02867303845352,76.22681226154484,,2162.1194833333334,77.1294772813571,2165.066945833333,91.38744578428116,2103.106324074074,,,-2822.1019223464186,-2822.1019223464186,-2822.1019223464186,2163.6092638064597,1,0,0,0,0,0,0,0,0
2024-03-20 22:00:00,2204.774,2206.33,2202.2,2203.42,35795,50327.5,69.0427915910792,74.35863702144475,,2162.8689833333333,74.8872567968047,2165.3056833333335,90.71064296268062,2103.449083333333,,,-2822.0827681575356,-2822.0827681575356,-2822.0827681575356,2164.3975952162327,0,0,0,0,0,0,0,0,0
2024-03-20 23:00:00,2203.43,2205.02,2201.4,2202.79,23306,50095.75,68.76760376255558,73.52979871069603,,2163.6119,73.94119932651226,2165.5228708333334,90.41037128830853,2103.793583333333,,,-2866.729646381289,-2822.4561066849046,-2822.4561066849046,2165.157840855515,0,0,0,0,0,0,0,0,0
2024-03-21 00:00:00,2202.674,2204.12,2201.5,2203.3,17700,49458.55,68.81456063393281,74.2007630574928,,2164.3357,74.60173552648665,2165.7375791666664,90.65344835803837,2104.138787037037,,,-3039.6231443901434,-2822.3924017990316,-2822.3924017990316,2165.9131311356036,0,0,0,0,0,0,0,0,0
2024-03-21 01:00:00,2203.242,2205.15,2201.6,2204.91,22628,49234.2,69.05050292274511,76.3189054071832,,2165.0857833333334,76.68695764797307,2165.9320666666667,91.42080930365569,2104.486083333333,,,-3039.2792553232257,-2822.072306440447,-2822.072306440447,2166.6853463606412,1,0,0,0,0,0,0,0,0
2024-03-21 02:00:00,2204.835,2209.54,2204.0,2207.075,39944,49794.7,70.4222530033369,79.1672148401525,,2165.8805333333335,79.49099857531404,2166.1511708333333,92.45269529574375,2104.8420129629626,,,-3078.980574504005,-2820.211296970101,-2820.211296970101,2167.485141482213,1,0,0,0,0,0,0,0,0
2024-03-21 03:00:00,2207.14,2210.21,2205.9,2206.492,46998,50737.65,71.73587015361191,78.40021049861897,,2166.653316666667,78.73591503691276,2166.3639708333335,92.1377262714301,2105.1944314814814,,,-3124.665162414011,-2818.4291545874194,-2818.4291545874194,2168.257554522169,1,0,0,0,0,0,0,0,0
2024-03-21 04:00:00,2206.492,2206.67,2196.4,2201.49,72378,51993.55,69.17659341411682,71.81949743454791,,2167.3449,72.25747960108787,2166.5535958333335,89.74236184273533,2105.5354129629627,,,-3150.9183495635975,-2821.901243502757,-2821.901243502757,2168.9156227494527,0,0,0,0,0,0,0,0,0
2024-03-21 05:00:00,2201.472,2206.04,2199.6,2205.354,56541,51501.1,70.77112037632769,76.90303907380596,,2168.1041333333333,77.26201269265634,2166.7624333333333,91.59275931424192,2105.8831555555557,,,-4713.551508887655,-2819.73799976078,-2819.73799976078,2169.637174774216,1,0,0,0,0,0,0,0,0
2024-03-21 06:00:00,2205.42,2211.78,2204.8,2207.594,49652,49977.2,72.8814411816486,79.85001973424569,,2168.8782,80.16319129646445,2166.9704083333336,92.66545350062265,2106.237033333334,,,-5220.535904029594,-2816.874995005224,-2816.874995005224,2170.3887950757166,1,0,0,0,0,0,0,0,0
2024-03-21 07:00:00,2207.595,2208.84,2205.1,2207.435,43165,49818.55,72.77029517204441,79.640836732009,,2169.6348666666663,79.95725942235474,2167.1783666666665,92.5893113686429,2106.5879314814815,,,-5678.392111873027,-2817.025783242375,-2817.025783242375,2171.122383292039,1,0,0,0,0,0,0,0,0
2024-03-21 08:00:00,2207.5,2208.87,2203.135,2207.68,75031,51653.35,72.59284238924279,79.96316274174443,,2170.4196666666667,80.27457583214608,2167.3934083333334,92.70663729527821,2106.939283333333,,,-5741.665736513883,-2817.2665277584533,-2817.2665277584533,2171.846296494177,1,0,0,0,0,0,0,0,0
2024-03-21 09:00:00,2207.68,2208.12,2191.2,2191.785,102944,54968.6,63.61203409962279,59.05144059992094,,2170.94255,59.68786426628677,2167.5325541666666,85.04396713276631,2107.2645333333335,,,-10011.236429043554,-2829.45050318868,-2829.45050318868,2172.2411223061736,0,0,0,0,0,0,0,0,0
2024-03-21 10:00:00,2191.814,2191.92,2175.4,2176.6,126595,53057.25,56.70860395136375,39.07380607814749,,2171.2066833333333,40.02072270431301,2167.6038458333333,77.71522063423322,2107.5615333333335,,,-5718.15663405114,-2838.816166122148,-2838.816166122148,2172.327436715952,0,0,0,0,0,0,0,0,0
2024-03-21 11:00:00,2176.572,2176.86,2166.0,2174.633,96860,53166.05,58.1435282456495,36.48598868569899,,2171.425566666667,37.47312524284416,2167.6904416666666,76.67270662704449,2107.8535333333334,,,-4537.708756898175,-2836.869450216184,-2836.869450216184,2172.373091434448,0,0,0,0,0,0,0,0,0
2024-03-21 12:00:00,2174.574,2180.46,2172.5,2179.815,53324,54591.65,58.59211534876025,43.30351269569802,,2171.75265,44.18469110218912,2167.799629166667,79.17663260129022,2108.15395,,,-4603.337450090062,-2836.2608664377135,-2836.2608664377135,2172.520455960498,0,0,0,0,0,0,0,0,0
2024-03-21 13:00:00,2179.94,2183.79,2178.0,2180.803,46543,56918.7,59.13634766553444,44.603341665570184,,2172.14095,45.46431809351127,2167.902704166667,79.65403106955618,2108.4551814814813,,,-4602.148650796104,-2835.5225238562807,-2835.5225238562807,2172.6844667335577,0,0,0,0,0,0,0,0,0
2024-03-21 14:00:00,2180.774,2183.98,2179.9,2182.83,27727,55458.45,59.66625413102311,47.27009603999467,,2172.576916666667,48.08962569615346,2168.0054833333334,80.63347104442997,2108.757662962963,,,-4600.991144318409,-2879.2642141151173,-2879.2642141151173,2172.885368382398,0,0,1,1,0,0,0,0,0
2024-03-21 15:00:00,2182.86,2183.68,2179.8,2181.393,22643,54679.4,58.41962971835329,45.37955532166826,,2173.0062166666667,46.22846781505012,2168.1068708333337,79.93911719939125,2109.0593907407406,,,-4603.7142207986835,-3054.7738963440556,-3054.7738963440556,2173.0538363352216,0,0,1,1,0,0,0,0,0
2024-03-21 16:00:00,2181.46,2182.42,2179.9,2180.815,9523,52326.85,58.245020232969175,43.59128978224482,,2173.4697499999997,45.47986012174617,2168.1936708333333,79.65982943151901,2109.3584444444446,,,-4604.095630771126,-3055.0283920230886,-3055.0283920230886,2173.207522744425,0,0,0,0,0,0,0,0,0
2024-03-21 17:00:00,2180.5,2180.7,2180.4,2180.5,5,48465.1,57.82110453513657,43.16917922948093,,2173.927,45.07188188058563,2168.285129166667,79.50762242999693,2109.6528703703702,,,-4605.021615257436,-3097.591043368575,-3097.591043368575,2173.3519282346347,0,0,0,0,0,0,0,0,0
2024-03-21 18:00:00,2181.203,2182.6,2180.4,2181.025,5507,46950.7,58.249454155967264,43.87269681742075,,2174.376033333333,45.7518456158532,2168.373920833333,79.76130076586708,2109.945966666667,,,-4604.085945487163,-3144.8816456963445,-3144.8816456963445,2173.5038702497905,0,0,0,0,0,0,0,0,0
2024-03-21 19:00:00,2181.025,2181.9,2180.2,2181.82,7844,46177.6,58.47469201562462,44.93802345058668,,2174.8135166666666,46.78150498640115,2168.4669208333335,80.145442245899,2110.2381703703704,,,-4603.593944919979,-3167.0721629952836,-3167.0721629952836,2173.6685460864283,0,0,0,0,0,0,0,0,0
2024-03-21 20:00:00,2181.732,2186.1,2180.5,2184.943,22222,46403.7,58.89295999351038,49.12294807370232,,2175.281033333333,50.826317834477884,2168.562766666667,81.65446594670355,2110.5325296296296,,,-4602.680297087113,-3702.5251098339395,-3702.5251098339395,2173.891802599568,0,0,1,1,0,0,0,0,0
2024-03-21 21:00:00,2184.885,2185.95,2172.3,2173.375,48310,47687.8,55.155079739919266,33.621440536013594,,2175.6489500000002,35.84380261624164,2168.6151625,76.06484501461676,2110.8039481481483,,,-4923.827665640509,-3709.093165102946,-3709.093165102946,2173.8815688847253,0,0,0,0,0,0,0,0,0
2024-03-21 22:00:00,2173.45,2177.18,2171.5,2172.512,46137,47997.45,54.832613050764174,31.626644959978755,,2175.941983333333,34.72607175236412,2168.6762541666667,75.6478461501294,2111.074025925926,,,-4924.579862256219,-3709.659790808718,-3709.659790808718,2173.85444870879,0,0,0,0,0,0,0,0,0
2024-03-21 23:00:00,2172.51,2176.25,2171.7,2173.723,28420,47068.55,54.75536876116186,33.26956993623678,,2176.2660333333333,36.294521435047436,2168.7528916666665,76.23299751153635,2111.340290740741,,,-5012.451641117863,-3709.7955214177537,-3709.7955214177537,2173.8518457640616,0,0,0,0,0,0,0,0,0
2024-03-22 00:00:00,2173.77,2175.45,2172.7,2173.57,19386,44418.95,54.630185081111094,33.06199972866685,,2176.5855333333334,36.09636057505548,2168.819504166667,76.15906839651146,2111.609735185185,,,-8145.716878545073,-4545.2721409603,-4545.2721409603,2173.8462646598227,0,0,0,0,0,0,0,0,0
2024-03-22 01:00:00,2173.6,2175.82,2172.4,2174.165,24843,42834.05,54.523934604697686,33.869217202550715,,2176.8751166666666,36.86698614169166,2168.8883083333335,76.4465705104975,2111.8813740740743,,,-10504.856046742845,-4545.500872718703,-4545.500872718703,2173.852576250717,0,0,0,0,0,0,0,0,0
2024-03-22 02:00:00,2174.165,2176.233,2169.3,2170.13,35465,42124.7,54.17589052123169,28.395061728395444,,2177.0997833333336,31.64097914777915,2168.9403,74.49687130052438,2112.146651851852,,,-12590.02446118335,-4546.250128043482,-4546.250128043482,2173.778861869515,0,0,0,0,0,0,0,0,0
2024-03-22 03:00:00,2170.043,2170.48,2162.0,2168.42,54037,42668.3,53.43926575718798,26.075159408493075,,2177.2786,29.426240124336545,2168.9703833333333,73.67060472083313,2112.40542962963,,,-8749.214664907968,-4235.758807237452,-4235.758807237452,2173.672745792891,0,0,0,0,0,0,0,0,0
2024-03-22 04:00:00,2168.42,2169.29,2164.8,2167.883,49673,41400.4,53.38127342692663,25.34662867996199,,2177.460066666667,28.730734360834063,2168.998,73.41112802300015,2112.665972222222,,,-8749.45529698374,-4235.875304485868,-4235.875304485868,2173.5580973613487,0,0,0,0,0,0,0,0,0
2024-03-22 05:00:00,2167.883,2170.16,2165.2,2166.66,41583,38332.35,52.610534457807226,23.687423687423724,,2177.6210666666666,27.14674264991585,2169.0045416666667,72.82017829963034,2112.928175925926,,,-8752.653383992534,-4237.423594901938,-4237.423594901938,2173.4215013739954,0,0,0,0,0,0,0,0,0
2024-03-22 06:00:00,2166.592,2168.64,2165.4,2167.172,36614,33833.3,53.44262914582998,24.382037715371318,,2177.7633833333334,27.80986918792928,2168.9970166666667,73.06757507670757,2113.192827777778,,,-8749.200708938499,-4235.752050731542,-4235.752050731542,2173.29774887154,0,0,0,0,0,0,0,0,0
2024-03-22 07:00:00,2167.183,2168.16,2164.5,2165.994,36222,30801.4,53.530962955485975,22.78388278388321,,2177.9117833333335,26.284160082891223,2168.987016666667,72.49836921069812,2113.455603703703,,,-8748.834178607976,-4235.574602339305,-4235.574602339305,2173.1531201810144,0,0,0,0,0,0,0,0,0
2024-03-22 08:00:00,2166.005,2176.19,2165.3,2174.58,70336,31652.0,56.10502993220968,34.432234432234566,,2178.20195,37.40448128480779,2169.0134625,76.64709719504242,2113.734511111111,,,-8738.153402770948,-4230.403716488112,-4230.403716488112,2173.181375226935,0,0,0,0,0,0,0,0,0
2024-03-22 09:00:00,2174.495,2180.13,2172.0,2178.06,82783,33464.0,57.13115188955633,39.15343915343931,,2178.5254166666664,41.91166947286635,2169.0640458333337,78.32862216423864,2114.019566666667,,,-8733.895635313076,-4228.3424027931605,-4228.3424027931605,2173.2779816580846,0,0,0,0,0,0,0,0,0
2024-03-22 10:00:00,2177.954,2179.87,2170.8,2173.91,81068,36131.05,55.97465751842354,33.52326685660022,,2178.7755,36.536718041704475,2169.0756291666667,76.3233553187891,2114.298116666667,,,-8738.694367143504,-4230.665613663254,-4230.665613663254,2173.2904968727757,0,0,0,0,0,0,0,0,0
2024-03-22 11:00:00,2173.89,2173.96,2164.9,2166.12,66841,38340.95,52.34938153275518,22.954822954823044,,2178.8796666666667,26.447351379355087,2169.056420833333,72.55925201130682,2114.558801851852,,,-8808.562081282926,-4237.9482090543115,-4237.9482090543115,2173.1485068356915,0,0,0,0,0,0,0,0,0
2024-03-22 12:00:00,2166.13,2167.56,2161.4,2162.525,48918,40310.7,51.56129551218317,18.077601410935106,,2178.97425,21.791218754047748,2168.995475,70.8221594066344,2114.8081944444443,,,-11264.488545049731,-4444.572792264221,-4444.572792264221,2172.9381403636976,0,1,0,0,0,0,0,0,0
2024-03-22 13:00:00,2162.505,2164.93,2156.7,2159.152,55394,43080.15,50.924940001655145,13.501560168227133,,2179.0034,17.42261365108175,2168.906066666667,69.19233649827265,2115.04665,,,-8987.516261196408,-4036.3715928662864,-4036.3715928662864,2172.6651474852083,0,1,0,0,0,0,0,0,0
2024-03-22 14:00:00,2159.27,2164.82,2158.4,2163.1,37237,44666.65,51.48621231292809,18.857685524352306,,2179.1043999999997,22.535940940292814,2168.8152125,71.09999758401587,2115.2915574074077,,,-8985.120732765878,-4094.1536127714285,-4094.1536127714285,2172.475738624115,0,1,0,0,0,0,0,0,0
2024-03-22 15:00:00,2163.12,2165.21,2161.3,2163.93,21338,45341.35,51.854050051183755,19.98371998372,,2179.1983999999998,23.61093122652507,2168.7720458333333,71.50105095310573,2115.5379222222223,,,-8983.550789367437,-5976.280380320276,-5976.280380320276,2172.3065160771025,0,1,0,0,0,0,0,0,0
2024-03-22 16:00:00,2163.858,2167.24,2163.0,2165.055,17156,45088.05,44.79621906450562,21.509971509971525,,2179.345316666667,25.067996373526757,2168.724983333333,72.04464738711313,2115.7881166666666,,,-9013.673840953768,-7183.34619365812,-7183.34619365812,2172.1629216993383,0,0,0,0,0,0,0,0,0
2024-03-22 17:00:00,2165.04,2165.04,2164.7,2164.7,2,42672.65,44.331293267783536,21.028354361687683,,2179.5103166666668,24.60821137158398,2168.6729625,71.87311251238188,2116.0396907407408,,,-9015.658159334998,-7184.92757391908,-7184.92757391908,2172.0151410716285,0,1,0,0,0,0,0,0,0
2024-03-24 18:00:00,2164.872,2167.81,2164.6,2166.49,12481,40989.85,43.87907982324707,23.45679012345673,,2179.7144,26.926563916591057,2168.6209833333332,72.73803483849142,2116.2988759259256,,,-9017.588220984748,-7186.465714886892,-7186.465714886892,2171.905732337537,0,0,0,0,0,0,0,0,0
2024-03-24 19:00:00,2166.394,2168.95,2165.4,2168.275,18371,40487.4,44.52059505868666,25.87844254510957,,2179.954566666667,29.238440616500792,2168.5839499999997,73.60054118044997,2116.5585333333333,,,-9014.850213151032,-7184.283690276554,-7184.283690276554,2171.8338366476846,0,0,0,0,0,0,0,0,0
2024-03-24 20:00:00,2168.294,2169.44,2163.5,2165.472,27903,40913.25,38.03720854659203,20.895193499518104,,2180.1587666666665,25.60808185468253,2168.5167833333335,72.2461404653187,2116.8094629629627,,,-9042.521517086563,-7206.336025351705,-7206.336025351705,2171.7078596843644,0,0,0,0,0,0,0,0,0
2024-03-24 21:00:00,2165.53,2176.9,2163.4,2175.1,67147,43028.45,40.64129504241569,30.316280425593682,,2180.446516666667,38.07796917497743,2168.468575,76.8983595467614,2117.081475925926,,,-9031.407191453512,-7197.478588291081,-7197.478588291081,2171.7750307797232,0,0,0,0,0,0,0,0,0
2024-03-24 22:00:00,2175.19,2178.29,2173.3,2175.12,37889,43149.65,42.01678419175797,30.34543069523365,,2180.7496,38.103872555368554,2168.4476375,76.90802348336597,2117.351374074074,,,-9025.536559147315,-7192.800053769508,-7192.800053769508,2171.841267793986,0,0,0,0,0,0,0,0,0
2024-03-24 23:00:00,2175.08,2175.172,2169.5,2170.51,28588,41877.2,38.39402831681291,22.611135725890403,,2180.994783333333,32.13314337521097,2168.4190458333333,74.68048609601138,2117.6139296296296,,,-9040.998598733078,-7205.122352663878,-7205.122352663878,2171.814906055491,0,0,0,0,0,0,0,0,0
2024-03-25 00:00:00,2170.56,2171.65,2168.6,2169.345,18283,40307.7,38.46034014480863,19.704691950232313,,2181.1897,30.62427146742646,2168.3770125,74.11756178879463,2117.8766240740742,,,-9142.165126694797,-7204.89680222852,-7204.89680222852,2171.765997024689,0,0,0,0,0,0,0,0,0
2024-03-25 01:00:00,2169.44,2171.1,2167.4,2169.792,26973,39577.2,38.811203038111984,19.821886792452922,,2181.4009,31.203212019168614,2168.3321333333333,74.33355077190696,2118.1465629629633,,,-9809.582199916042,-7203.7033910268065,-7203.7033910268065,2171.726907974695,0,0,0,0,0,0,0,0,0
2024-03-25 02:00:00,2169.772,2170.62,2163.9,2165.423,32204,39356.7,37.48438728778258,13.174747017066835,,2181.1292,25.54461857272367,2168.2799291666665,72.22246382063729,2118.408568518518,,,-9815.727710570647,-7245.181581922109,-7245.181581922109,2171.60207811381,0,0,0,0,0,0,0,0,0
2024-03-25 03:00:00,2165.412,2168.75,2163.2,2165.872,38817,39486.45,37.001025586382326,13.852892312339558,,2180.8474,26.126149462504877,2168.2231875,72.43941919741005,2118.670974074074,,,-9817.966532717015,-9046.943979571452,-9046.943979571452,2171.488611220467,0,0,0,0,0,0,0,0,0
2024-03-25 04:00:00,2165.87,2169.02,2163.3,2165.69,43133,38126.3,36.03509363927793,13.578009364144739,,2180.5113166666665,25.890428700945765,2168.1543500000002,72.35147737430852,2118.937187037037,,,-10670.512349727178,-9051.066608453673,-9051.066608453673,2171.3737872359034,0,0,0,0,0,0,0,0,0
2024-03-25 05:00:00,2165.614,2168.85,2163.9,2168.45,34956,35734.95,37.34902096413736,17.74656396314755,,2180.22215,29.465095194922924,2168.1171,73.68510062573986,2119.2010333333333,,,-12501.18292546139,-9045.458724011252,-9045.458724011252,2171.315890458955,0,0,0,0,0,0,0,0,0
2024-03-25 06:00:00,2168.45,2171.11,2167.1,2168.372,34454,33404.25,38.613609483730755,20.93557181805126,,2179.6814833333333,29.364072011397507,2168.066525,73.64741127298203,2119.4677407407407,,,-13893.959388595647,-9040.06141919011,-9040.06141919011,2171.2575955983816,0,0,0,0,0,0,0,0,0
2024-03-25 07:00:00,2168.354,2171.9,2167.4,2170.53,34951,31809.75,37.884944545720316,24.80628497632422,,2179.124316666667,32.159046755602084,2168.0369625,74.69015003261595,2119.7355833333336,,,-14084.261467556387,-9043.171384781277,-9043.171384781277,2171.24318776475,0,0,0,0,0,0,0,0,0
2024-03-25 08:00:00,2170.391,2177.08,2169.7,2174.405,57772,32252.45,38.58362514361195,31.75670827952406,,2178.7154,37.17782670638566,2168.018108333333,76.56253774975252,2120.0113703703705,,,-14079.631377444448,-9040.18939332634,-9040.18939332634,2171.305797908022,0,0,0,0,0,0,0,0,0
2024-03-25 09:00:00,2174.414,2181.29,2172.5,2177.025,69216,32943.55,39.71370198487329,36.900871459695225,,2178.251816666667,40.571169537624996,2168.0179041666665,77.82851344495191,2120.2914166666665,,,-11738.453830929295,-8609.135006161505,-8609.135006161505,2171.419049434596,0,0,0,0,0,0,0,0,0
2024-03-25 10:00:00,2177.045,2180.48,2175.0,2177.691,68247,34494.05,39.88491557552324,38.110021786492084,,2177.823,41.43375210464962,2168.0015958333333,78.15032253388414,2120.571455555556,,,-11737.507376586287,-8608.438732917706,-8608.438732917706,2171.5432464754954,0,0,0,0,0,0,0,0,0
2024-03-25 11:00:00,2177.778,2177.87,2174.5,2175.55,51434,35998.85,43.964010856229386,34.222948438635136,,2177.369,38.66079523377846,2167.9748875,77.11579812036447,2120.846455555555,,,-11714.958480617763,-8591.850301519959,-8591.850301519959,2171.622588129446,0,0,0,0,0,0,0,0,0
2024-03-25 12:00:00,2175.46,2177.88,2174.4,2175.8,40735,37177.8,49.66541196152249,34.67683369644196,,2176.9106666666667,38.98458748866772,2167.9398375,77.23659732792167,2121.1204555555555,,,-11683.44161436407,-8568.664449119418,-8568.664449119418,2171.7053091565854,0,0,0,0,0,0,0,0,0
2024-03-25 13:00:00,2175.705,2176.65,2173.7,2174.703,35307,38943.05,50.02949106841935,32.68518518518525,,2176.4072166666665,37.563787074213366,2167.9142666666667,76.70653040516059,2121.395164814815,,,-11681.429015652646,-8567.183850880716,-8567.183850880716,2171.7646693713064,0,0,0,0,0,0,0,0,0
2024-03-25 14:00:00,2174.74,2174.74,2172.5,2173.211,26308,39634.4,47.12844595182176,29.976397966593776,,2175.8428166666663,35.631394897034,2167.8876791666667,75.98560073445914,2121.662444444444,,,-11697.465749298844,-8578.98151300596,-8578.98151300596,2171.7933095817757,0,0,0,0,0,0,0,0,0
2024-03-25 15:00:00,2173.24,2173.71,2170.1,2170.93,25481,39989.9,45.754753489332,25.835148874364418,,2175.2501166666666,32.67711436342444,2167.8469375,74.88342876470728,2121.9264388888887,,,-11705.05940580791,-8584.567899595995,-8584.567899595995,2171.7762143425325,0,0,0,0,0,0,0,0,0
2024-03-25 16:00:00,2170.865,2172.23,2170.1,2171.725,9518,39070.65,45.17387941000073,27.278503994190245,,2174.754033333333,33.70677373397238,2167.8070416666665,75.26757024473922,2122.1904611111113,,,-11708.270428910902,-8586.930136600191,-8586.930136600191,2171.7752001971357,0,0,0,0,0,0,0,0,0
2024-03-25 17:00:00,2171.235,2171.67,2171.1,2171.2,4,35713.5,45.53483033844686,26.32534495279575,,2174.1848,33.02680999870481,2167.7616875,75.01389190886906,2122.4493592592594,,,-11706.27512250711,-8585.46225970533,-8585.46225970533,2171.763810094222,0,0,0,0,0,0,0,0,0
2024-03-25 18:00:00,2171.852,2173.56,2170.9,2171.775,11428,34390.45,46.03981215392164,28.895917193790016,,2173.5878166666666,33.77153218495047,2167.71825,75.29173008625074,2122.705924074074,,,-11769.094985247939,-8583.408653298357,-8583.408653298357,2171.7640316765146,0,0,0,0,0,0,0,0,0
2024-03-25 19:00:00,2171.952,2173.33,2170.7,2172.815,13156,33618.85,46.65465214476629,30.889400038336618,,2173.010816666667,35.11850796528976,2167.683125,75.79425478968867,2122.969944444444,,,-12175.073880708736,-9225.624062277175,-9225.624062277175,2171.784842930445,0,0,0,0,0,0,0,0,0
2024-03-25 20:00:00,2172.872,2174.5,2171.7,2173.833,19229,33666.15,46.88263952702115,33.31971995332602,,2172.4467,36.43699002719888,2167.6423041666667,76.28614916286159,2123.2373944444444,,,-14941.630447307756,-10577.375490110066,-10577.375490110066,2171.8254004961786,0,0,0,0,0,0,0,0,0
2024-03-25 21:00:00,2173.94,2174.32,2167.2,2169.45,47514,34693.2,44.79998654806528,36.201022146507405,,2172.0744499999996,30.760264214479978,2167.5968041666665,74.16829745596866,2123.497487037037,,,-15063.1654609788,-11581.191981694581,-11581.191981694581,2171.7783628625907,0,0,0,0,0,0,0,0,0
2024-03-25 22:00:00,2169.354,2171.62,2168.7,2170.83,24331,34299.55,43.9790441897967,48.06122448979614,,2171.9782833333334,32.54759746146885,2167.5472875,74.83510908168445,2123.7615240740743,,,-15068.991879419313,-11714.875377612969,-11714.875377612969,2171.7595833999653,0,0,1,1,0,0,0,0,0
2024-03-25 23:00:00,2170.743,2172.43,2169.0,2170.39,22297,33473.55,48.592923607772086,46.56462585034018,,2171.9075666666668,31.977723092863673,2167.5112041666666,74.62250247638376,2124.029774074074,,,-15036.246106403163,-11689.370239868495,-11689.370239868495,2171.7324629366,0,0,1,1,0,0,0,0,0
2024-03-26 00:00:00,2170.265,2172.71,2169.5,2172.26,11816,31907.7,49.88232876968193,52.92517006802841,,2171.78165,34.39968915943581,2167.4896624999997,75.52608054891176,2124.3025888888887,,,-15943.657162878659,-11682.242516474853,-11682.242516474853,2171.7429092150833,0,0,1,1,0,0,0,0,0
2024-03-26 01:00:00,2172.214,2173.41,2170.8,2172.83,21686,31244.2,49.58050302056614,54.8639455782315,,2171.6487666666667,35.13793550058295,2167.467329166667,75.80150274214203,2124.579422222222,,,-19827.89791179191,-11683.910983855261,-11683.910983855261,2171.76443576528,0,0,1,1,0,0,0,0,0
2024-03-26 02:00:00,2172.835,2174.08,2170.0,2171.335,31505,31096.75,48.96315608792059,49.77891156462644,,2171.4571833333334,33.201657816345296,2167.447475,75.07912348095005,2124.85795,,,-19833.67831378297,-11687.323625826766,-11687.323625826766,2171.755932086759,0,0,1,1,0,0,0,0,0
2024-03-26 03:00:00,2171.45,2174.24,2169.0,2172.895,27173,30707.85,49.41605973662916,55.08503401360583,,2171.3155500000003,35.22212148685423,2167.4372458333332,75.83291053610694,2125.1356259259255,,,-22410.412066278408,-11684.82001251163,-11684.82001251163,2171.778487887021,0,0,0,0,0,0,0,0,0
2024-03-26 04:00:00,2172.923,2179.26,2171.0,2178.243,39345,29786.5,53.68581734919169,73.27551020408181,,2171.2726833333336,42.148685403445285,2167.4424666666664,78.41704718417051,2125.42382962963,,,-17524.993222642934,-11661.217151192874,-11661.217151192874,2171.906498027872,0,0,0,0,0,0,0,0,0
2024-03-26 05:00:00,2178.243,2195.23,2177.4,2190.852,56833,29167.35,59.272793412480475,88.63742538281824,,2171.4452166666665,58.47947157104005,2167.4970875,84.50967601652533,2125.734648148148,,,-7520.254037058524,-6568.614444544197,-6568.614444544197,2172.2816564827654,0,0,0,0,0,0,0,0,0
2024-03-26 06:00:00,2190.843,2200.11,2190.2,2197.645,51417,28325.85,61.69779580542723,94.3215848882743,,2171.7222166666666,67.27755472089126,2167.5835875000002,87.7920320842696,2126.0551648148144,,,-6397.758140974029,-5693.584947695896,-5693.584947695896,2172.783900908849,0,0,0,0,0,0,0,0,0
2024-03-26 07:00:00,2197.76,2199.07,2194.5,2196.49,45105,28009.4,61.73079343107023,91.66090762497046,,2171.966716666667,65.7816345033026,2167.6672458333333,87.23393974535523,2126.3736388888888,,,-6397.657874715617,-5693.495547463864,-5693.495547463864,2173.253328613624,0,0,0,0,0,0,0,0,0
2024-03-26 08:00:00,2196.443,2197.33,2186.1,2187.823,64015,29173.4,57.631615902556504,71.69546187514358,,2172.0147166666666,54.55640461080174,2167.7335083333332,83.04607281776232,2126.6768481481486,,,-6410.113594948112,-5704.601419933421,-5704.601419933421,2173.5418369579083,0,0,0,0,0,0,0,0,0
2024-03-26 09:00:00,2187.88,2192.94,2178.2,2182.985,81648,31490.45,56.11367381745695,60.550564386086435,,2172.1748833333336,48.290376894185066,2167.7881958333332,80.70836655311554,2126.970125925926,,,-6414.725998731458,-5724.494230324766,-5724.494230324766,2173.7288302854745,0,0,0,0,0,0,0,0,0
2024-03-26 10:00:00,2182.975,2186.34,2178.6,2179.325,75598,33954.95,51.77008647124211,52.1193273439296,,2172.288433333333,43.55005828260586,2167.867175,78.939866154478,2127.256764814815,,,-6427.924380214944,-5833.001694362762,-5833.001694362762,2173.839645527346,0,0,1,1,0,0,0,0,0
2024-03-26 11:00:00,2179.49,2181.63,2171.3,2174.215,70462,36204.0,48.5828855325329,40.347846118406366,,2172.2966333333334,36.93174459266975,2167.9181416666665,76.47073035200901,2127.5297,,,-6437.608977415518,-6417.804042615731,-6417.804042615731,2173.8470782891804,0,0,0,0,0,0,0,0,0
2024-03-26 12:00:00,2174.272,2178.463,2173.7,2176.79,44666,37961.4,51.07392160372297,46.27965906473163,,2172.3503,40.26680481802892,2167.9758708333334,77.71496218984808,2127.811996296296,,,-6741.884999669709,-6430.039739885314,-6430.039739885314,2173.9053539666224,0,0,1,1,0,0,0,0,0
2024-03-26 13:00:00,2176.79,2179.23,2175.7,2176.752,39422,39932.3,54.2078267477204,46.192121630960585,,2172.393416666667,40.217588395285745,2168.0220041666666,77.69660071029938,2128.0917222222224,,,-6797.789049348347,-6420.517086758613,-6420.517086758613,2173.961723195006,0,0,1,1,0,0,0,0,0
2024-03-26 14:00:00,2176.655,2178.59,2175.4,2177.573,25596,40640.7,56.08925074051884,48.08339092375005,,2172.5174666666667,41.280922160341966,2168.116379166667,78.09330530791718,2128.3722833333336,,,-6791.741399098272,-6414.800210451112,-6414.800210451112,2174.033233626788,0,0,1,1,0,0,0,0,0
2024-03-26 15:00:00,2177.61,2178.2,2176.0,2177.91,21263,41046.05,57.78172344556355,48.859709744298286,,2172.6756333333333,41.71739411993268,2168.2182416666665,78.25614263970428,2128.6602462962965,,,-6786.3011139647315,-6409.657479654867,-6409.657479654867,2174.110001277743,0,0,1,1,0,0,0,0,0
2024-03-26 16:00:00,2177.865,2178.955,2174.1,2178.515,10985,40633.85,56.5773192357253,50.25339783460009,,2172.852833333333,42.50097137676472,2168.3065125,78.54847672199271,2128.9521074074073,,,-6790.172551476266,-6413.317170356289,-6413.317170356289,2174.197228975213,0,0,1,1,0,0,0,0,0
2024-03-26 17:00:00,2178.78,2178.78,2177.6,2178.3,5,38258.4,56.16378422894807,49.75812024879108,,2173.0468333333333,42.222510037560355,2168.3909083333333,78.44458940349367,2129.241811111111,,,-6791.501818614734,-6414.573733731486,-6414.573733731486,2174.278471965803,0,0,1,1,0,0,0,0,0
2024-03-26 18:00:00,2178.123,2179.52,2176.4,2178.383,9396,37511.65,55.76839845575889,49.94932043307956,,2173.2336833333334,42.3300090661831,2168.4750458333333,78.48469474040247,2129.5359648148146,,,-7266.340094621202,-6415.775149025285,-6415.775149025285,2174.359749748658,0,0,1,1,0,0,0,0,0
2024-03-26 19:00:00,2178.403,2179.91,2177.5,2179.435,9446,36869.1,56.33910671725914,52.37272517853021,,2173.4577,43.6925268747573,2168.5611916666667,78.96811958782838,2129.8372814814816,,,-7341.065231804043,-6414.041000555213,-6414.041000555213,2174.4602497536353,0,0,1,1,0,0,0,0,0
2024-03-26 20:00:00,2179.435,2180.23,2176.1,2177.5,14105,36983.55,54.730681974426076,47.91522690624288,,2173.5063666666665,41.18637482191448,2168.647025,77.40908412516795,2130.123577777778,,,-7346.648101442479,-6418.928344046046,-6418.928344046046,2174.5204428278207,0,0,1,1,0,0,0,0,0
2024-03-26 21:00:00,2177.412,2180.352,2173.1,2175.14,38171,37807.8,52.93519064843548,42.47869154572662,,2173.4577,38.12977593575967,2168.7131083333334,76.11619419029047,2130.4037925925927,,,-7628.249223448203,-6424.384106203418,-6424.384106203418,2174.5327112866757,0,0,0,0,0,0,0,0,0
2024-03-26 22:00:00,2175.043,2177.67,2174.2,2175.894,22054,37335.25,54.5354848817169,44.21561852107769,,2173.490766666667,39.10633337650557,2168.7851666666666,76.36317932733392,2130.677688888889,,,-8132.018882513654,-6419.521467998367,-6419.521467998367,2174.559667498821,0,0,0,0,0,0,0,0,0
2024-03-26 23:00:00,2175.943,2181.69,2175.2,2177.672,22275,37090.35,51.20137513545837,48.311448974890716,,2173.6832999999997,41.40914389327832,2168.8569666666667,77.25705092755526,2130.9599092592593,,,-9797.128580704964,-6429.652460846313,-6429.652460846313,2174.621297845379,0,0,1,1,0,0,0,0,0
2024-03-27 00:00:00,2177.672,2180.12,2176.7,2178.46,11773,35711.75,51.548992690980675,50.1266989173003,,2173.948883333333,42.42973708068929,2168.9377041666667,77.6419697198331,2131.2394537037035,,,-14094.089144341919,-6428.596193585534,-6428.596193585534,2174.6973117494313,0,0,1,1,0,0,0,0,0
2024-03-27 01:00:00,2178.265,2178.46,2175.2,2177.03,17395,33739.85,53.11568162703569,44.665547830256756,,2174.24685,40.57764538272292,2169.0114125,76.92269000553308,2131.511466666667,,,-20386.7595608565,-6423.83566810375,-6423.83566810375,2174.7435035959775,0,0,0,0,0,0,0,0,0
2024-03-27 02:00:00,2177.03,2180.08,2176.0,2177.7,20741,32206.05,54.011542487300424,42.25715021901484,,2174.4901833333333,41.44540862582565,2169.0850375,77.25969518635881,2131.7696148148148,,,-24669.248632277806,-6421.1135141679715,-6421.1135141679715,2174.8020480792256,0,0,0,0,0,0,0,0,0
2024-03-27 03:00:00,2177.592,2180.83,2176.4,2180.53,30394,31470.5,55.04036800600842,47.2379412557266,,2174.76685,45.110736951172605,2169.173225,78.6831648307431,2132.033762962963,,,-24657.271618090286,-6729.257026405508,-6729.257026405508,2174.9154728697363,0,0,1,1,0,0,0,0,0
2024-03-27 04:00:00,2180.53,2182.71,2176.0,2177.39,33084,29923.95,55.68282189360921,38.44486589000253,,2174.9724333333334,41.04390622976303,2169.2473291666665,77.10376741612596,2132.2870037037032,,,-22033.47739964997,-6793.047824192806,-6793.047824192806,2174.9644734069693,0,0,0,0,0,0,0,0,0
2024-03-27 05:00:00,2177.334,2193.96,2176.2,2189.172,52642,28473.65,59.98936754012905,70.36575453806554,,2175.3803,56.303587618184416,2169.376329166667,83.0300286705901,2132.568348148148,,,-10129.96468101562,-6779.204861651759,-6779.204861651759,2175.245810567227,0,0,0,0,0,0,0,0,0
2024-03-27 06:00:00,2189.21,2194.52,2188.2,2193.685,47004,27043.95,61.572485635153534,82.59279328095333,,2175.8335500000003,62.14868540344528,2169.522391666667,85.30003520949656,2132.859461111111,,,-9857.738162300837,-6774.116086032909,-6774.116086032909,2175.610943031242,0,0,0,0,0,0,0,0,0
2024-03-27 07:00:00,2193.77,2197.6,2186.9,2188.365,47585,25900.1,58.061773873618556,68.17935518829519,,2176.168383333333,55.25838621940156,2169.626725,82.62411347517727,2133.143072222222,,,-8632.809086230129,-6785.40091972476,-6785.40091972476,2175.8634986147817,0,0,0,0,0,0,0,0,0
2024-03-27 08:00:00,2188.365,2189.39,2184.2,2186.02,54941,26413.85,57.01531220683409,61.82606339745319,,2176.51085,52.221214868540535,2169.7185999999997,81.44459534228666,2133.4246648148146,,,-8637.080358339452,-6788.764666644672,-6788.764666644672,2176.064617454093,0,0,0,0,0,0,0,0,0
2024-03-27 09:00:00,2186.09,2193.47,2183.3,2193.303,76554,28270.45,58.698159762273875,81.55784340287134,,2176.814233333333,61.653930837974414,2169.8424458333334,85.10789195714501,2133.726466666667,,,-8630.211592807045,-7256.275644925169,-7256.275644925169,2176.4059715639128,0,0,0,0,0,0,0,0,0
2024-03-27 10:00:00,2193.283,2195.2,2189.1,2193.49,74636,30722.45,57.50084499956753,82.06448117041374,,2177.1204000000002,61.896127444631446,2169.9568916666667,85.2019516120919,2134.026892592593,,,-8635.0985918385,-7337.032818467325,-7337.032818467325,2176.7442691567067,0,0,0,0,0,0,0,0,0
2024-03-27 11:00:00,2193.53,2194.08,2187.8,2190.405,57865,32552.55,55.23949750947659,73.70631265239814,,2177.4519833333334,57.900531019298484,2170.0471000000002,83.6502188018713,2134.3223833333336,,,-8644.328581593973,-7344.8819940663925,-7344.8819940663925,2177.014778678356,0,0,0,0,0,0,0,0,0
2024-03-27 12:00:00,2190.47,2192.78,2189.4,2192.45,46380,34322.3,55.717750246003924,79.24681658087172,,2177.8370666666665,60.54915166429217,2170.13365,84.67883909260095,2134.618587037037,,,-9053.342947666613,-7618.229203291313,-7618.229203291313,2177.320426625319,0,0,0,0,0,0,0,0,0
2024-03-27 13:00:00,2192.48,2194.12,2188.4,2190.275,44511,36547.6,55.70307598162622,73.35410457870508,,2178.17845,57.732159046755925,2170.2030041666667,83.58482973693488,2134.911225925926,,,-9462.0398393677,-8044.094768130783,-8044.094768130783,2177.5769528307587,0,0,0,0,0,0,0,0,0
2024-03-27 14:00:00,2190.392,2192.46,2188.5,2192.4,25610,37358.3,56.337232385548056,79.11135193714448,,2178.6280666666667,60.48439321331466,2170.277504166667,84.65368945224094,2135.206424074074,,,-9459.208783993052,-8041.683527051234,-8041.683527051234,2177.8704785172786,0,0,0,0,0,0,0,0,0
2024-03-27 15:00:00,2192.42,2194.26,2190.1,2193.31,22669,38019.45,57.11358336200639,81.52675903287097,,2179.0853666666667,61.66299702111139,2170.3545875,85.11141290679547,2135.503974074074,,,-9455.742931419574,-8038.731622197778,-8038.731622197778,2178.1762116159466,0,0,0,0,0,0,0,0,0
2024-03-27 16:00:00,2193.352,2195.19,2192.2,2194.335,14979,38063.15,58.10478982182064,84.05136702568328,,2179.5627833333333,62.99054526615748,2170.4453166666667,85.62698053417846,2135.7989592592594,,,-9805.070417491612,-8034.962776342971,-8034.962776342971,2178.4961876235516,0,0,0,0,0,0,0,0,0
2024-03-27 17:00:00,2194.74,2194.74,2193.6,2193.6,2,36154.7,58.80237939924838,80.27870342320456,,2179.98195,62.03859603678289,2170.5267125,85.25728082088429,2136.0945444444446,,,-9801.840836114632,-8629.78620653368,-8629.78620653368,2178.7952730171446,0,0,0,0,0,0,0,0,0
2024-03-27 18:00:00,2194.503,2194.532,2189.9,2192.345,16613,35882.65,57.9779002104742,76.40534791856501,,2180.3815,60.413158917238654,2170.6023166666664,84.62602484784463,2136.3895296296296,,,-9805.657869395993,-8633.15142771235,-8633.15142771235,2179.063584442548,0,0,0,0,0,0,0,0,0
2024-03-27 19:00:00,2192.345,2192.46,2189.9,2190.67,9078,35222.8,57.4665214523479,71.3157095107871,,2180.717166666667,58.24375080948094,2170.6689,83.78351189578,2136.683151851852,,,-9900.62373153104,-8635.238687949599,-8635.238687949599,2179.2934144535866,0,0,0,0,0,0,0,0,0
2024-03-27 20:00:00,2190.565,2190.89,2186.6,2189.06,24783,35873.3,56.57639422601339,66.42357945913072,,2180.9614166666665,56.15852868799392,2170.7260333333334,82.97369347618333,2136.9762074074074,,,-14872.193047370823,-8638.871860301986,-8638.871860301986,2179.486812187179,0,0,0,0,0,0,0,0,0
2024-03-27 21:00:00,2188.965,2190.54,2186.8,2189.291,30954,36551.25,56.3074237412717,67.12549377089074,,2181.16585,56.45771273151189,2170.7805583333334,83.0898848146473,2137.2659574074078,,,-14874.073959851532,-8639.969699015219,-8639.969699015219,2179.6809545201063,0,0,0,0,0,0,0,0,0
2024-03-27 22:00:00,2189.294,2196.11,2188.4,2194.7,34866,37257.5,57.7285757672279,83.56122759039727,,2181.4493333333335,63.463281958295525,2170.8636833333335,85.81057290880739,2137.5660870370375,,,-16593.063421020932,-8634.169078501109,-8634.169078501109,2179.978361361292,0,0,0,0,0,0,0,0,0
2024-03-27 23:00:00,2194.714,2196.43,2193.4,2194.76,23468,36911.2,59.6842572469316,83.74354299605025,,2181.7695,63.54099209946947,2170.9554333333335,85.84075247723976,2137.876003703704,,,-16173.76803315403,-8626.186705114564,-8626.186705114564,2180.27106707691,0,0,0,0,0,0,0,0,0
2024-03-28 00:00:00,2194.763,2196.87,2193.7,2195.61,13395,35926.75,59.52007745147777,86.32634457611681,,2182.0996666666665,64.64188576609284,2171.0526,86.26829636336214,2138.184418518518,,,-20711.586392877565,-8626.856826728661,-8626.856826728661,2180.574808322912,0,0,0,0,0,0,0,0,0
2024-03-28 01:00:00,2195.61,2200.632,2193.9,2197.3,25535,34571.4,60.24003774848574,90.03350083752137,,2182.4762833333334,66.83072140914433,2171.1593374999998,87.11835420753499,2138.4983444444442,,,-15153.648533719293,-7674.197160582242,-7674.197160582242,2180.90600023731,0,0,0,0,0,0,0,0,0
2024-03-28 02:00:00,2197.154,2198.94,2194.5,2198.614,29489,33695.65,60.07107918067879,93.96386695381665,,2182.8996666666667,68.5325735008421,2171.2836041666665,87.77928675619947,2138.8131425925926,,,-15154.85262841575,-7674.810841273099,-7674.810841273099,2181.256653697957,0,0,0,0,0,0,0,0,0
2024-03-28 03:00:00,2198.614,2198.87,2192.0,2193.71,36371,33134.95,57.723378756269845,79.29528595357749,,2183.2793333333334,62.18106462893432,2171.3879583333332,85.31261002967666,2139.117762962963,,,-15171.58367476986,-8007.251139693214,-8007.251139693214,2181.503254614829,0,0,0,0,0,0,0,0,0
2024-03-28 04:00:00,2193.665,2197.37,2190.725,2194.743,41143,32445.05,58.688164380307704,82.38513998564225,,2183.6629666666663,63.518974226136635,2171.496920833333,85.83220159951716,2139.4234629629627,,,-15164.708064564345,-8322.2390516659,-8322.2390516659,2181.7654277907727,0,0,0,0,0,0,0,0,0
2024-03-28 05:00:00,2194.645,2197.91,2191.9,2197.764,34756,30355.15,59.13139902917627,91.42139267767433,,2184.1056999999996,67.43167983421873,2171.6145,87.35174287007709,2139.729927777778,,,-15161.549322767962,-8320.49622904531,-8320.49622904531,2182.0822312008563,0,0,0,0,0,0,0,0,0
2024-03-28 06:00:00,2197.78,2213.78,2196.6,2212.114,65164,29881.55,61.66557602893077,96.42335766423325,,2184.7780166666666,86.0173552648623,2171.7902458333333,94.56968965343805,2140.0655370370373,,,-7818.007446545424,-5478.316288157201,-5478.316288157201,2182.676919691928,1,0,0,0,0,0,0,0,0
2024-03-28 07:00:00,2212.23,2213.35,2206.6,2210.314,54760,29726.3,57.24215947486722,92.55903821382499,,2185.403,83.68605102965937,2171.9557624999998,93.66430260047281,2140.397285185185,,,-7834.281973970235,-5608.146745699104,-5608.146745699104,2183.2241886089196,1,0,0,0,0,0,0,0,0
2024-03-28 08:00:00,2210.4,2216.89,2205.685,2215.612,92064,32010.5,56.761069006781106,97.42805393439366,,2186.0993166666667,90.54785649527292,2172.1524208333335,96.32915849303366,2140.738677777778,,,-7031.492013843583,-5182.780462199133,-5182.780462199133,2183.8655314087428,1,0,0,0,0,0,0,0,0
2024-03-28 09:00:00,2215.66,2217.06,2201.6,2206.9,99316,34750.75,53.70652576409278,78.99090157154708,,2186.7234833333337,79.26434399689191,2172.336370833333,91.94708515668238,2141.063474074074,,,-7002.276671818466,-5168.761505689016,-5168.761505689016,2184.3216594996584,1,0,0,0,0,0,0,0,0
2024-03-28 10:00:00,2206.54,2215.0,2204.0,2214.295,87765,37858.5,59.5116272384951,94.24677486475265,,2187.4479,88.84211889651628,2172.5519750000003,95.6667169659475,2141.398131481482,,,-6983.218557982607,-5180.343545671802,-5180.343545671802,2184.9151909947145,1,0,0,0,0,0,0,0,0
2024-03-28 11:00:00,2214.285,2217.0,2211.9,2215.842,70880,40269.05,62.091782283884825,97.46566791510644,,2188.2054333333335,90.84574536977108,2172.7765541666668,96.44484683869032,2141.737375925926,,,-7021.507659339498,-6283.199697026453,-6283.199697026453,2185.5276030542254,1,0,0,0,0,0,0,0,0
2024-03-28 12:00:00,2215.755,2225.514,2212.7,2220.302,76765,43358.35,64.9917681922953,90.77750645857667,,2189.0061333333333,93.46981732528131,2173.0394375,97.41229507382805,2142.083398148148,,,-5721.313336766996,-5018.023006129975,-5018.023006129975,2186.2162049739436,1,0,0,0,0,0,0,0,0
2024-03-28 13:00:00,2220.31,2223.29,2216.608,2222.03,51676,45942.05,67.93739636712874,93.83515589057593,,2189.8261333333335,95.6348510286417,2173.303679166667,98.27022947759345,2142.432083333333,,,-6101.893137580437,-5011.045159503658,-5011.045159503658,2186.9253890338655,1,0,0,0,0,0,0,0,0
2024-03-28 14:00:00,2221.905,2222.43,2217.7,2220.375,26455,46434.15,66.46419316576394,90.90667799129399,,2190.643466666667,93.56127997594395,2173.5544416666667,97.44853883046852,2142.7779074074074,,,-6106.127818661712,-5014.535004581985,-5014.535004581985,2187.5877575678483,1,0,0,0,0,0,0,0,0
2024-03-28 15:00:00,2220.385,2222.26,2217.824,2221.712,26234,47291.95,66.81854229324725,93.02564478849446,,2191.4570833333332,95.23642468739804,2173.8061458333336,98.1123457157893,2143.12642962963,,,-6105.109252081806,-5447.349174350467,-5447.349174350467,2188.263485140762,1,0,0,0,0,0,0,0,0
2024-03-28 16:00:00,2221.722,2236.242,2218.9,2233.692,26729,47389.25,69.37529778139923,96.0734193588122,,2192.381233333333,97.18362748779553,2174.0987791666666,98.7979749413128,2143.4937740740743,,,-4660.56572757121,-4264.98670927559,-4264.98670927559,2189.16305969243,1,0,0,0,0,0,0,0,0
2024-03-28 17:00:00,2233.927,2233.927,2231.9,2232.1,8,45841.95,68.54856376132979,93.62200117027459,,2193.0687000000003,95.42532747233298,2174.3918416666666,98.04753419879124,2143.853244444444,,,-4662.382046792753,-4266.652101524231,-4266.652101524231,2190.0132961341637,1,0,0,0,0,0,0,0,0
2024-03-28 19:00:00,2233.48,2233.48,2233.48,2233.48,1,44098.7,68.71454739838349,95.7469742231527,,2193.66595,96.94948200834955,2174.6900083333335,98.6980418776102,2144.2177814814813,,,-4662.017383838134,-4266.317740223208,-4266.317740223208,2190.874022943388,1,0,0,0,0,0,0,0,0
2024-03-28 20:00:00,2233.48,2233.48,2233.48,2233.48,1,42925.35,68.81529774407372,95.7469742231527,,2194.2824499999997,96.94948200834955,2174.9905583333334,98.6980418776102,2144.5827925925923,,,-4787.976866753692,-4266.114786382326,-4266.114786382326,2191.71770565738,1,0,0,0,0,0,0,0,0
2024-03-28 21:00:00,2233.48,2233.48,2233.48,2233.48,2,42255.7,68.79763634998946,95.7469742231527,,2195.0434,96.94948200834955,2175.2901416666664,98.6980418776102,2144.944366666667,,,-5367.54544082033,-4266.150363905561,-4266.150363905561,2192.5446817829766,1,0,0,0,0,0,0,0,0
2024-03-28 22:00:00,2233.48,2233.48,2233.48,2233.48,1,40979.0,68.57203730558552,95.7469742231527,,2195.884983333333,96.94948200834955,2175.5850583333336,98.6980418776102,2145.3060055555557,,,-6157.346465834528,-4266.604815870437,-4266.604815870437,2193.3552821437097,1,0,0,0,0,0,0,0,0
2024-03-29 00:00:00,2233.48,2233.48,2233.48,2233.48,1,39504.6,69.49625956006294,95.7469742231527,,2196.7875666666664,96.94948200834955,2175.8802958333335,98.6980418776102,2145.6728129629632,,,-6154.678541769874,-4264.743041053795,-4264.743041053795,2194.149831012151,1,0,0,0,0,0,0,0,0
2024-03-29 01:00:00,2233.48,2233.48,2233.48,2233.48,2,37686.15,70.6577624180276,95.6257324760062,,2197.7753166666666,96.94948200834955,2176.1770333333334,98.6980418776102,2146.040664814815,,,-6151.325667057199,-4262.403282667822,-4262.403282667822,2194.928646239633,1,0,0,0,0,0,0,0,0
2024-03-29 02:00:00,2233.48,2233.48,2233.48,2233.48,1,35629.05,70.5002420755846,95.6257324760062,,2198.72015,96.94948200834955,2176.4639083333336,98.6980418776102,2146.4106537037037,,,-6617.144587570258,-4262.720595311235,-4262.720595311235,2195.6920393834025,1,0,0,0,0,0,0,0,0
2024-03-29 04:00:00,2233.48,2233.48,2233.48,2233.48,2,33891.35,70.12201277817039,95.6257324760062,,2199.6656166666667,96.94948200834955,2176.751325,98.6980418776102,2146.7816722222224,,,-8798.693563478027,-4263.482509209576,-4263.482509209576,2196.4403158312557,1,0,0,0,0,0,0,0,0
2024-03-29 09:00:00,2233.48,2233.48,2233.48,2233.48,1,30633.2,69.95126408772464,95.6257324760062,,2200.5973999999997,96.94948200834955,2177.0197,98.6980418776102,2147.1542648148147,,,-9101.812657855073,-4281.478774953026,-4281.478774953026,2197.173774923706,1,0,0,0,0,0,0,0,0
2024-03-29 12:00:00,2233.48,2233.48,2233.48,2233.48,1,27895.25,70.68432315178511,95.6257324760062,,2201.523566666667,96.94948200834955,2177.2890208333333,98.6980418776102,2147.5269870370366,,,-10929.630624672576,-4426.47815067976,-4426.47815067976,2197.8927100737315,1,0,0,0,0,0,0,0,0
2024-03-29 14:00:00,2233.48,2233.48,2233.48,2233.48,1,23292.1,70.5396727203099,95.6257324760062,,2202.4396500000003,96.94948200834955,2177.5661375,98.6980418776102,2147.9034814814813,,,-11579.982349690687,-4658.0076175487775,-4658.0076175487775,2198.5974088841526,1,0,0,0,0,0,0,0,0
2024-03-29 16:00:00,2233.48,2233.48,2233.48,2233.48,1,18326.35,69.9126026655434,95.6257324760062,,2203.359316666667,96.94948200834955,2177.8345541666667,98.6980418776102,2148.2801944444445,,,-11662.023006485191,-4659.385278762756,-4659.385278762756,2199.2881532626843,1,0,0,0,0,0,0,0,0
2024-03-29 17:00:00,2233.48,2233.48,2233.48,2233.48,1,13938.15,71.60365440315533,95.6257324760062,,2204.2776000000003,96.94948200834955,2178.0917833333338,98.6980418776102,2148.6570759259257,,,-12382.057119114477,-4655.670069637347,-4655.670069637347,2199.9652195347103,1,0,0,0,0,0,0,0,0
2024-03-31 18:00:00,2238.562,2245.559,2233.48,2236.862,39526,12370.45,69.63909204717672,87.99735022564474,,2205.234716666667,91.29071991508017,2178.3732916666663,96.07286224538171,2149.040153703704,,,-15830.301690847107,-3868.1947476981654,-3868.1947476981654,2200.695848850855,1,0,0,0,0,0,0,0,0
2024-03-31 19:00:00,2236.852,2247.392,2235.2,2245.922,34106,10237.5,70.735057119948,98.02132127281564,,2206.3750833333334,98.55445856114562,2178.702454166667,99.34166920444987,2149.4400296296294,,,-15545.89521909202,-3741.1367160429436,-3741.1367160429436,2201.591416200343,1,0,0,0,0,0,0,0,0
2024-03-31 20:00:00,2245.942,2256.352,2243.5,2249.98,50596,10183.5,74.70509458625048,92.24364592462771,,2207.6224166666666,94.24140548747438,2179.0701833333333,97.2564283622962,2149.8460592592596,,,-9438.505182816389,-3224.3130196622596,-3224.3130196622596,2202.5496059785537,1,0,0,0,0,0,0,0,0
2024-03-31 21:00:00,2250.012,2259.64,2249.995,2255.84,69524,12336.95,77.22749110875407,95.49976314542903,,2208.95485,96.66491135685472,2179.4691208333334,98.38668591322079,2150.2580222222223,,,-8242.555462122546,-3121.7486107045365,-3121.7486107045365,2203.604861305711,1,0,0,0,0,0,0,0,0
2024-03-31 22:00:00,2255.83,2258.182,2254.6,2257.315,31789,12614.7,76.14698385726433,97.24656560871647,,2210.2822333333334,97.95945234333875,2179.85705,99.01290651269431,2150.6770685185184,,,-8246.685841524266,-3363.66277941424,-3363.66277941424,2204.668428408568,1,0,0,0,0,0,0,0,0
2024-03-31 23:00:00,2257.312,2265.17,2255.8,2264.374,40712,13313.85,77.41491336633669,99.11526064243607,,2211.7141333333334,99.33372394743427,2180.2920125,99.66980545069886,2151.109531481481,,,-6803.613400547995,-3341.489832678398,-3341.489832678398,2205.850716954933,1,0,0,0,0,0,0,0,0
2024-04-01 00:00:00,2264.382,2265.651,2257.6,2260.255,29634,14795.15,76.80065073591479,93.98110450524841,,2213.101216666667,95.50149644438169,2180.715025,97.76610322457793,2151.5363,,,-6703.799537670875,-3317.3554655884964,-3317.3554655884964,2206.928029490479,1,0,0,0,0,0,0,0,0
2024-04-01 01:00:00,2260.27,2263.41,2257.3,2261.571,31402,16365.2,76.67013929081301,95.44901897357538,,2214.4990666666663,96.59861109953238,2181.151570833333,98.31091570724197,2151.9633203703706,,,-6704.20521808212,-3317.559227348814,-3317.559227348814,2208.0100685104694,1,0,0,0,0,0,0,0,0
2024-04-01 02:00:00,2261.53,2262.81,2258.4,2260.41,30894,17909.85,77.27481313826584,94.15399716679123,,2215.8304,95.63071587564924,2181.572945833333,97.8302718680527,2152.3913166666666,,,-6702.325656217543,-3449.6199361920153,-3449.6199361920153,2209.0476909162026,1,0,0,0,0,0,0,0,0
2024-04-01 03:00:00,2260.4,2263.1,2256.3,2257.414,27465,19283.0,75.11317810293419,90.79160657790341,,2217.164133333333,93.13302932030611,2181.9921958333334,96.58995408837072,2152.8160592592594,,,-6709.044859957968,-3975.3433831874304,-3975.3433831874304,2210.0054396109313,1,0,0,0,0,0,0,0,0
2024-04-01 04:00:00,2257.42,2260.19,2255.2,2257.25,28969,20731.4,74.84148691490017,89.79854525142393,,2218.298766666667,92.99630682528712,2182.415633333333,96.52205952366172,2153.2428370370376,,,-6709.88938200588,-4037.428024182922,-4037.428024182922,2210.9409754602198,1,0,0,0,0,0,0,0,0
2024-04-01 05:00:00,2257.195,2258.4,2249.1,2251.73,34160,22439.35,71.54612548895942,83.09553010892414,,2219.266183333333,88.39442772465439,2182.8188,94.23682783345967,2153.6629296296296,,,-6720.132649003925,-4373.839028018383,-4373.839028018383,2211.7486789164527,1,0,0,0,0,0,0,0,0
2024-04-01 06:00:00,2251.742,2253.44,2244.9,2247.745,35484,24213.45,69.84190968990255,78.25648747434758,,2220.25585,85.07223783044748,2183.1987375,92.51893662445532,2154.0712074074077,,,-6725.430015573372,-4479.276950032526,-4479.276950032526,2212.4614773537505,1,0,0,0,0,0,0,0,0
2024-04-01 07:00:00,2247.772,2251.06,2245.9,2246.734,33463,25886.55,69.96703304771768,77.02881567922672,,2221.26775,84.2293936690816,2183.57465,92.09324098958837,2154.4778722222222,,,-6725.0410834363065,-4490.887923039899,-4490.887923039899,2213.140141168528,1,0,0,0,0,0,0,0,0
2024-04-01 08:00:00,2246.73,2252.65,2243.2,2252.512,65855,29179.2,72.03920171062003,83.37908438855969,,2222.254566666667,89.04636059724416,2183.992325,94.47827493895815,2154.890738888889,,,-6718.599976032427,-4592.1173842043845,-4592.1173842043845,2213.9197819374676,1,0,0,0,0,0,0,0,0
2024-04-01 09:00:00,2252.512,2257.91,2239.19,2246.358,101821,34270.2,69.77921073706887,75.59423663204808,,2223.1357,83.91593233903872,2184.40265,91.89202819067805,2155.280727777778,,,-7111.16478691317,-6406.094009845478,-6406.094009845478,2214.5621228892005,1,0,0,0,0,0,0,0,0
2024-04-01 10:00:00,2246.334,2246.66,2228.0,2235.815,120331,40286.7,64.99265255613699,62.257276947793436,,2223.892533333333,75.12650999158008,2184.7741625,87.46128404587506,2155.6586722222223,,,-5744.8868488058015,-5744.8868488058015,-5744.8868488058015,2214.9829719408995,0,0,0,0,0,0,0,0,0
2024-04-01 11:00:00,2235.824,2240.57,2233.3,2239.68,66845,43628.9,64.64078327214015,67.14652566064943,,2224.6797,78.31249843425103,2185.1591125,89.08556803711687,2156.043635185185,,,-5745.821403755196,-5745.821403755196,-5745.821403755196,2215.4720220014756,0,0,0,0,0,0,0,0,0
2024-04-01 12:00:00,2239.692,2243.424,2236.6,2238.02,53468,46302.25,63.93577816148228,65.04661547608521,,2225.47545,76.84895811513942,2185.5383500000003,88.38794541733387,2156.4222962962963,,,-5747.69387755578,-5747.69387755578,-5747.69387755578,2215.918516615308,0,0,0,0,0,0,0,0,0
2024-04-01 13:00:00,2238.042,2239.32,2234.3,2239.17,38589,48231.65,64.00535006944799,66.50137253165704,,2226.25495,77.719160966252,2185.91825,88.87123819609928,2156.8027314814817,,,-5747.509096519511,-5747.509096519511,-5747.509096519511,2216.3789420288663,0,0,0,0,0,0,0,0,0
2024-04-01 14:00:00,2239.17,2241.222,2237.5,2239.3,26093,47560.0,63.64061525670337,66.66582332924355,,2227.02145,77.80987107477014,2186.281645833333,88.92587129282933,2157.187572222222,,,-5748.4778219524205,-5748.4778219524205,-5748.4778219524205,2216.8328243649285,0,0,0,0,0,0,0,0,0
2024-04-01 15:00:00,2239.324,2244.7,2238.6,2244.63,24399,47074.65,64.56497518484755,73.40830603028456,,2227.8597,82.29825433049004,2186.661270833333,91.16582825875926,2157.5810722222222,,,-6109.672479003561,-5746.022747908851,-5746.022747908851,2217.3832634864148,0,0,0,0,0,0,0,0,0
2024-04-01 16:00:00,2244.64,2252.38,2242.3,2251.585,22863,45688.0,68.08379004993154,82.20642370115519,,2228.8261166666666,88.15504711539285,2187.064375,94.08869893381419,2157.984664814815,,,-6153.607435755198,-5736.676874319614,-5736.676874319614,2218.0605255955948,1,0,0,0,0,0,0,0,0
2024-04-01 17:00:00,2251.998,2251.998,2249.9,2250.0,8,42212.2,67.2064071345386,80.20138897673672,,2229.7870333333335,86.82032151308209,2187.4468333333334,93.4225954082984,2158.3845074074075,,,-6156.107102180818,-5739.007178734883,-5739.007178734883,2218.692990435286,1,0,0,0,0,0,0,0,0
2024-04-01 18:00:00,2251.667,2255.86,2248.4,2253.58,14801,41362.8,67.3201762551976,84.73011094103816,,2230.835533333333,89.83503296814348,2187.8324583333333,94.9271068413245,2158.7911370370375,,,-6712.270344034789,-5738.705011141302,-5738.705011141302,2219.3838223078546,1,0,0,0,0,0,0,0,0
2024-04-01 19:00:00,2253.415,2253.682,2248.2,2249.0,17202,40187.3,62.1848572938689,78.88295646218829,,2231.834533333333,85.97822334127723,2188.2070000000003,93.00234081806764,2159.188025925926,,,-7124.391916796463,-5752.344274271973,-5752.344274271973,2219.970281272055,1,0,0,0,0,0,0,0,0
2024-04-01 20:00:00,2248.942,2253.61,2247.2,2250.37,35772,40494.2,63.26972768833237,80.2190262909218,,2232.8525166666664,87.13189783664981,2188.5974166666665,93.57808960668375,2159.588535185185,,,-7237.480014415507,-5749.462888931707,-5749.462888931707,2220.5722559003316,1,0,0,0,0,0,0,0,0
2024-04-01 21:00:00,2250.294,2250.36,2246.3,2248.915,45222,41185.2,61.32085092496278,77.66329445052466,,2233.7561,85.90664499667379,2188.9743541666667,92.96661917789801,2159.9819518518516,,,-7243.995817703268,-5754.639050954945,-5754.639050954945,2221.133498357751,1,0,0,0,0,0,0,0,0
2024-04-01 22:00:00,2248.952,2255.11,2247.1,2254.19,35723,41426.65,66.460146188653,84.70357419320423,,2234.7466,90.34871285294456,2189.37425,95.18346214136533,2160.3850259259257,,,-7226.813285895544,-5740.989226876726,-5740.989226876726,2221.7880825486864,1,0,0,0,0,0,0,0,0
2024-04-01 23:00:00,2254.194,2255.27,2250.5,2251.474,28928,41499.8,63.37653179440322,81.07866428209208,,2235.677666666667,88.06157421832262,2189.755925,94.04205067429862,2160.7830814814815,,,-7237.1229294737805,-5749.179220221525,-5749.179220221525,2222.3759224982173,1,0,0,0,0,0,0,0,0
2024-04-02 00:00:00,2251.53,2259.88,2249.9,2256.66,23881,41245.4,64.31105813056587,88.0001601580226,,2236.667,92.42869533730243,2190.1590708333333,96.22149097923523,2161.1932111111114,,,-6786.979115023296,-5746.697144483396,-5746.697144483396,2223.054815122015,1,0,0,0,0,0,0,0,0
2024-04-02 01:00:00,2256.612,2257.11,2251.7,2253.62,29525,41013.65,61.79899426304977,83.94282358593817,,2237.583766666666,89.86871689501564,2190.5516958333333,94.94391702493373,2161.5969333333333,,,-8169.680232268459,-5753.369115659503,-5753.369115659503,2223.6600663077174,1,0,0,0,0,0,0,0,0
2024-04-02 02:00:00,2253.524,2256.16,2252.1,2255.7,38397,41159.3,61.89399612835761,86.7188959773643,,2238.6169333333332,91.62028109236971,2190.9499250000003,95.81804657261368,2162.0023981481486,,,-8492.595793086977,-5753.116793369769,-5753.116793369769,2224.2945204402376,1,0,0,0,0,0,0,0,0
2024-04-02 03:00:00,2255.604,2257.62,2252.8,2256.315,39017,41437.0,62.78985352521683,87.34118859405321,,2239.643133333333,92.13817146802991,2191.3512583333336,96.0765031456057,2162.4080444444444,,,-8489.093614053125,-5750.73742124988,-5750.73742124988,2224.9285893424108,1,0,0,0,0,0,0,0,0
2024-04-02 04:00:00,2256.42,2262.83,2255.4,2261.011,49584,40623.45,63.658670522240314,93.28032903216481,,2240.6972499999997,96.09266448282551,2191.772970833333,98.05001870132932,2162.822683333333,,,-8582.08183765403,-5748.429867673552,-5748.429867673552,2225.643092523749,1,0,0,0,0,0,0,0,0
2024-04-02 05:00:00,2261.011,2266.8,2259.4,2260.67,46422,37853.5,60.20178185173432,90.59815950920232,,2241.506516666667,94.88740617180976,2192.1876375,97.43621915516516,2163.2414722222225,,,-7724.8163764122155,-5587.108809660453,-5587.108809660453,2226.3366946519914,1,0,0,0,0,0,0,0,0
2024-04-02 06:00:00,2260.702,2264.72,2255.1,2262.102,46287,34151.3,61.359058623979756,92.7944785276069,,2242.36965,96.08173477898222,2192.6045833333333,98.03513174404002,2163.6698777777783,,,-8901.799760718452,-5584.1261375670365,-5584.1261375670365,2227.0449185202688,1,0,0,0,0,0,0,0,0
2024-04-02 07:00:00,2262.111,2262.16,2255.6,2260.552,50011,33309.6,60.23655393550747,90.4171779141104,,2243.11865,94.78899082568803,2193.021083333333,97.38686741948973,2164.096362962963,,,-10663.724127143867,-5587.019190887841,-5587.019190887841,2227.708425084224,1,0,0,0,0,0,0,0,0
2024-04-02 08:00:00,2260.56,2261.53,2253.235,2257.532,75746,34423.5,58.89155058705249,85.2420382165605,,2243.9625166666665,92.27022518765637,2193.4257500000003,96.08614864864865,2164.517274074074,,,-10670.28511908755,-5590.485694363241,-5590.485694363241,2228.29899092414,1,0,0,0,0,0,0,0,0
2024-04-02 09:00:00,2257.62,2266.791,2254.3,2265.3,107423,37865.2,61.12431827716424,97.26775956284153,,2244.8125999999997,98.7489574645538,2193.8613666666665,99.34268185801928,2164.9205055555553,,,-10659.393569379688,-5584.731138460891,-5584.731138460891,2229.031684173167,1,0,0,0,0,0,0,0,0
2024-04-02 10:00:00,2265.15,2276.96,2257.171,2260.644,133780,43249.55,59.197161353232765,74.60939931528135,,2245.5593,87.45502075964919,2194.2744666666667,93.15489176036237,2165.314772222222,,,-7133.407823375009,-4429.744359981139,-4429.744359981139,2229.657670625183,0,0,0,0,0,0,0,0,0
2024-04-02 11:00:00,2260.654,2261.17,2250.4,2258.582,90725,46565.85,58.381973847653946,69.54864793213117,,2246.1973000000003,85.86959864677829,2194.684433333334,92.28981372713537,2165.704816666667,,,-7136.066621501489,-4431.409367141226,-4431.409367141226,2230.2304296227044,0,0,0,0,0,0,0,0,0
2024-04-02 12:00:00,2258.62,2261.382,2253.9,2260.204,60156,48430.5,58.82795983086694,71.72460344245731,,2246.8335333333334,87.11671536214065,2195.112345833333,92.97029702970303,2166.1033981481482,,,-7328.439518315887,-4430.498448057867,-4430.498448057867,2230.823965669779,0,0,0,0,0,0,0,0,0
2024-04-02 13:00:00,2260.251,2266.721,2258.9,2265.93,49149,50887.55,60.32873712488705,81.34807900432865,,2247.5927833333335,91.51929878517592,2195.5675875,95.37254572914911,2166.511287037037,,,-8091.541991408417,-4427.433134957335,-4427.433134957335,2231.519134666417,1,0,0,0,0,0,0,0,0
2024-04-02 14:00:00,2265.844,2272.69,2264.9,2271.35,55025,52898.75,61.65187746913968,90.33758181191848,,2248.4200833333334,95.68660618176217,2196.0497333333333,97.64641718409123,2166.928027777778,,,-8086.652337512434,-4424.73064242414,-4424.73064242414,2232.3078646730223,1,0,0,0,0,0,0,0,0
2024-04-02 15:00:00,2271.365,2279.344,2270.4,2277.45,48063,54441.8,63.039274996144925,96.31115612340247,,2249.149383333333,98.5548493426623,2196.5682625,99.21327218954565,2167.359648148148,,,-7557.216435198515,-4216.579785376778,-4216.579785376778,2233.2017683428635,1,0,0,0,0,0,0,0,0
2024-04-02 16:00:00,2277.42,2281.011,2275.1,2280.145,21631,53734.75,63.62076111639756,98.3663767897229,,2249.9501333333333,99.34752798999443,2197.0977625,99.64275548551839,2167.7969351851852,,,-7143.769360307116,-4547.545092082774,-4547.545092082774,2234.131337286569,1,0,0,0,0,0,0,0,0
2024-04-02 17:00:00,2280.78,2280.78,2278.7,2278.7,5,51473.9,63.08858092227899,95.64052743770132,,2250.7038000000002,98.25881892018131,2197.617,99.0466604238256,2168.2318333333333,,,-7145.507886307961,-4648.180126903151,-4648.180126903151,2235.0138850630724,1,0,0,0,0,0,0,0,0
2024-04-02 18:00:00,2280.447,2288.33,2279.0,2281.71,31117,51243.6,63.7207264616856,89.02701806729671,,2251.507633333333,95.27294798100618,2198.1425791666666,97.34913706803351,2168.6722222222224,,,-5765.038949481477,-4017.359380970433,-4017.359380970433,2235.938560606378,1,0,0,0,0,0,0,0,0
2024-04-02 19:00:00,2281.722,2283.731,2277.3,2279.922,19367,50765.55,63.07901139999107,86.06331841538221,,2252.2816666666668,93.9962155021601,2198.6552041666664,96.63316381692232,2169.1086462962962,,,-5766.730789876136,-4277.829999213087,-4277.829999213087,2236.809519802291,1,0,0,0,0,0,0,0,0
2024-04-02 20:00:00,2279.911,2285.791,2279.193,2283.16,38833,51513.15,63.049041713641515,91.43046577158947,,2253.1096666666667,96.30832946552889,2199.2046208333336,97.92976414527686,2169.5522203703704,,,-5766.809803022325,-4374.725433915861,-4374.725433915861,2237.727351093335,1,0,0,0,0,0,0,0,0
2024-04-02 21:00:00,2283.242,2283.432,2276.3,2282.442,55348,52804.3,60.80102686651927,90.24034477042943,,2253.9257,95.76798677495873,2199.7359208333332,97.64225363392467,2169.993187037037,,,-5772.736549257817,-4739.298225360619,-4739.298225360619,2238.612789685546,1,0,0,0,0,0,0,0,0
2024-04-02 22:00:00,2282.491,2284.61,2281.1,2283.39,25927,52180.8,60.06640634415605,91.8117023039946,,2254.757533333333,96.44936390426217,2200.2738791666666,98.0218636127017,2170.433959259259,,,-5774.673328910766,-5201.602649668945,-5201.602649668945,2239.4994671175155,1,0,0,0,0,0,0,0,0
2024-04-02 23:00:00,2283.43,2288.04,2282.4,2284.974,30882,51774.05,59.01021821960521,94.43726172716762,,2255.615766666667,97.58786746208598,2200.8179375000004,98.65614864053187,2170.875466666667,,,-5777.457900818362,-5204.115588342632,-5204.115588342632,2240.399952917169,1,0,0,0,0,0,0,0,0
2024-04-03 00:00:00,2285.11,2287.07,2283.1,2283.691,18981,50243.9,58.166955660143635,92.3106248964029,,2256.452616666667,96.66570833033845,2201.3466916666666,98.14239378528806,2171.316772222222,,,-5779.681108198961,-5206.121923244991,-5206.121923244991,2241.2572013742542,1,0,0,0,0,0,0,0,0
2024-04-03 01:00:00,2283.7,2286.04,2280.4,2286.04,31270,49486.3,56.91012311028903,96.20421017735792,,2257.3286166666667,98.35405735642927,2201.885816666667,99.08300965042247,2171.7630685185186,,,-5782.994666200159,-5209.112245752378,-5209.112245752378,2242.1439894658533,1,0,0,0,0,0,0,0,0
2024-04-03 02:00:00,2286.01,2286.03,2280.4,2281.95,40719,49207.9,56.92065254145364,89.42483010111036,,2258.13645,95.41436066987701,2202.4035625,97.4452408601289,2172.1986925925926,,,-6381.003042284509,-5209.08719357259,-5209.08719357259,2242.9322272982126,1,0,0,0,0,0,0,0,0
2024-04-03 03:00:00,2281.951,2282.02,2270.2,2271.104,58135,49614.1,52.86670555899703,71.44704127299829,,2258.7635166666664,87.61877380866808,2202.8790166666668,93.10215032234808,2172.6168314814813,,,-7495.865764325569,-5321.933772595202,-5321.933772595202,2243.4900841833964,0,0,0,0,0,0,0,0,0
2024-04-03 04:00:00,2271.09,2276.12,2266.9,2273.18,54236,48538.6,53.819099685380344,74.88811536548963,,2259.4251833333333,89.1109034715733,2203.3631,93.92371555769459,2173.0490351851854,,,-9436.96500347689,-5714.49622772477,-5714.49622772477,2244.078003308478,0,0,0,0,0,0,0,0,0
2024-04-03 05:00:00,2273.171,2274.75,2269.4,2271.964,42066,45270.75,54.39826850295627,72.87253439416541,,2260.0665833333333,88.23690074031484,2203.8353125,93.26862172500309,2173.4668296296295,,,-10324.319792333461,-5712.989152997796,-5712.989152997796,2244.6302012627657,0,0,0,0,0,0,0,0,0
2024-04-03 06:00:00,2271.98,2273.38,2269.3,2272.591,39709,40567.2,54.62443253410821,73.91181833250448,,2260.6620666666668,88.68755839861998,2204.316566666667,93.52650845226832,2173.8700166666667,,,-10323.264430545538,-5789.020742066706,-5789.020742066706,2245.183880445681,0,0,0,0,0,0,0,0,0
2024-04-03 07:00:00,2272.584,2274.5,2268.2,2273.702,41974,38129.65,56.80416202155337,75.75335653903578,,2261.1250666666665,89.48609214403818,2204.8021166666663,93.98346563566828,2174.2743351851855,,,-10313.093037696983,-5783.274025780269,-5783.274025780269,2245.7485956843807,1,0,0,0,0,0,0,0,0
2024-04-03 08:00:00,2273.74,2275.19,2265.3,2274.92,90338,39638.75,58.5621293944913,77.77225261064169,,2261.5407333333337,90.3615323797888,2205.2865666666667,94.48443219676722,2174.686640740741,,,-9582.01420150036,-5778.639258121588,-5778.639258121588,2246.3262472549873,1,0,0,0,0,0,0,0,0
2024-04-03 09:00:00,2274.9,2278.86,2271.535,2274.995,105569,42459.75,58.95713026997216,77.89656887120827,,2261.8599833333337,90.41543879824623,2205.7702750000003,94.5152798914161,2175.1002611111107,,,-9702.475240677437,-5777.597863775474,-5777.597863775474,2246.893945329146,1,0,0,0,0,0,0,0,0
2024-04-03 10:00:00,2274.994,2285.284,2273.8,2282.77,118230,45620.0,59.47018541006792,90.78402121664189,,2262.2842333333333,96.00373751167976,2206.2823583333334,97.70357061726868,2175.537946296296,,,-9700.219061521342,-5776.245226970581,-5776.245226970581,2247.604362253321,1,0,0,0,0,0,0,0,0
2024-04-03 11:00:00,2282.664,2288.331,2280.1,2286.3,86873,47560.5,62.70985807929739,96.63357146408987,,2262.6496666666662,98.54022468033727,2206.8217333333328,99.07373202533898,2175.940009259259,,,-9563.588823414995,-5767.551981020011,-5767.551981020011,2248.3706125057306,1,0,0,0,0,0,0,0,0
2024-04-03 12:00:00,2286.24,2295.18,2280.605,2293.808,92970,51127.45,68.8172880366008,97.95772551354592,,2263.2088833333332,99.06014522537345,2207.3900875000004,99.365343695069,2176.334014814815,,,-7351.013092247071,-4871.7791691902885,-4871.7791691902885,2249.270362753142,1,0,0,0,0,0,0,0,0
2024-04-03 13:00:00,2293.96,2295.542,2288.2,2295.0,60039,54129.15,68.26683044735908,99.19753634775411,,2263.7660333333333,99.62963469133952,2207.9649208333335,99.74970213630615,2176.723311111111,,,-7264.840848993653,-4833.931083143523,-4833.931083143523,2250.1759001243668,1,0,0,0,0,0,0,0,0
2024-04-03 14:00:00,2294.858,2297.814,2293.2,2296.295,36450,54395.8,69.28907630894298,97.82421863809583,,2264.364116666666,98.97788902795176,2208.539941666667,99.3058031021782,2177.113412962963,,,-6754.0472525406885,-4600.141147532518,-4600.141147532518,2251.0891496268546,1,0,0,0,0,0,0,0,0
2024-04-03 15:00:00,2296.39,2298.87,2293.9,2297.451,39447,55399.8,69.29029610162644,97.99774234513917,,2265.0314,99.05191421126487,2209.128320833333,99.35461863828633,2177.5064518518516,,,-6541.58386624484,-4499.916863829962,-4499.916863829962,2252.007206069887,1,0,0,0,0,0,0,0,0
2024-04-03 16:00:00,2297.365,2301.07,2296.6,2299.755,18355,54375.9,69.72598001788077,98.20035582318319,,2265.7398166666667,99.13412787252251,2209.7323,99.40784437339575,2177.9069,,,-6138.031926145151,-4303.678744784125,-4303.678744784125,2252.9527069397905,1,0,0,0,0,0,0,0,0
2024-04-03 17:00:00,2300.19,2300.19,2298.8,2298.8,2,51608.6,68.19470381964506,96.89338990009583,,2266.524316666667,98.50530058602754,2210.3346125000003,98.97779979285811,2178.3076499999997,,,-6142.312821303764,-4633.676693195573,-4633.676693195573,2253.860574129101,1,0,0,0,0,0,0,0,0
2024-04-03 18:00:00,2300.302,2302.719,2298.01,2301.75,21044,51364.45,67.3153523820043,98.70314110199541,,2267.4244000000003,99.36880776972228,2210.9508,99.56686736486392,2178.713131481481,,,-5873.980190860268,-5001.448338889518,-5001.448338889518,2254.8088795918916,1,0,0,0,0,0,0,0,0
2024-04-03 19:00:00,2301.671,2301.76,2295.7,2297.482,22906,50965.65,66.09122949708552,92.99107322100126,,2268.2702,96.56407665710962,2211.551891666667,97.65911701732975,2179.109496296296,,,-5877.251584764217,-5814.032022271655,-5814.032022271655,2255.6538918772003,1,0,0,0,0,0,0,0,0
2024-04-03 20:00:00,2297.482,2302.53,2296.6,2302.24,35905,51811.85,66.35982194488895,99.35893146321516,,2269.099,99.6772650401901,2212.1535791666665,99.78589212360136,2179.516274074074,,,-5876.533787795288,-5876.533787795288,-5876.533787795288,2256.576389067751,1,0,0,0,0,0,0,0,0
2024-04-03 21:00:00,2302.23,2304.953,2297.1,2301.042,33916,51944.15,67.90402928386635,94.91767702363772,,2270.0104,97.40396805904956,2212.754025,98.26527036677265,2179.925327777778,,,-5541.562985691235,-5541.562985691235,-5541.562985691235,2257.456896214924,1,0,0,0,0,0,0,0,0
2024-04-03 22:00:00,2301.032,2302.12,2297.1,2299.55,20361,50926.25,66.90522350094199,92.45949227527137,,2271.07265,96.39205892369449,2213.3529875000004,97.59923218086416,2180.32905,,,-5544.081851307768,-5544.081851307768,-5544.081851307768,2258.2904230225495,1,0,0,0,0,0,0,0,0
2024-04-03 23:00:00,2299.5,2300.61,2297.0,2299.07,17850,48912.0,67.35671324654122,91.67338966498262,,2272.0624833333336,96.04512177905669,2213.9422375,97.38594908754835,2180.732142592593,,,-6595.781575059699,-5542.943249573728,-5542.943249573728,2259.0979393983407,1,0,0,0,0,0,0,0,0
2024-04-04 00:00:00,2299.082,2300.24,2297.6,2298.705,14158,46908.1,65.94685218487814,91.1567803207223,,2273.0739,95.78671953497465,2214.5321750000003,97.22253092868286,2181.1359296296296,,,-7087.128519934314,-5546.498746160779,-5546.498746160779,2259.8822376280764,1,0,0,0,0,0,0,0,0
2024-04-04 01:00:00,2298.787,2300.72,2294.6,2295.251,20176,45813.6,65.59998859676011,85.61665159444387,,2274.0085833333337,93.45578167052285,2215.0052,95.67363647309077,2181.5316537037033,,,-8910.393157378321,-5547.3734935648035,-5547.3734935648035,2260.5826091601934,1,0,0,0,0,0,0,0,0
2024-04-04 02:00:00,2295.244,2297.39,2294.3,2295.87,24608,45058.55,64.44262729844418,86.31109369583882,,2274.9514166666663,93.8733111640236,2215.4764083333334,95.9439122959787,2181.9248574074077,,,-9102.0304448068,-5550.292216734087,-5550.292216734087,2261.281369374843,1,0,0,0,0,0,0,0,0
2024-04-04 03:00:00,2295.74,2298.16,2291.4,2292.964,46334,45276.55,64.50630484477551,80.86444384147595,,2275.7569833333337,91.91314846917093,2215.9226958333334,94.64621430325762,2182.305725925926,,,-13273.405928223025,-5550.131629776401,-5550.131629776401,2261.9087481991037,1,0,0,0,0,0,0,0,0
2024-04-04 04:00:00,2292.925,2294.57,2290.4,2291.58,39696,42744.45,63.29735979957609,77.19980222665491,,2276.4235666666664,90.97960918160169,2216.363445833333,94.02817781945652,2182.690262962963,,,-15303.39201676934,-5553.180440825248,-5553.180440825248,2262.4962977397154,1,0,0,0,0,0,0,0,0
2024-04-04 05:00:00,2291.58,2294.11,2290.2,2293.26,34212,39176.6,63.58481824399364,80.06410584283873,,2277.144566666667,92.11280716073217,2216.748645833333,94.77839551655624,2183.0755592592595,,,-15092.626460760406,-5552.45550590376,-5552.45550590376,2263.1054799626913,1,0,0,0,0,0,0,0,0
2024-04-04 06:00:00,2293.26,2295.12,2291.9,2294.482,27958,34663.0,62.63008943058756,82.14754573508594,,2277.8262666666665,92.93707378602795,2217.1258208333334,95.3240895795655,2183.4654703703704,,,-15099.097882257089,-5554.863214812055,-5554.863214812055,2263.726797191153,1,0,0,0,0,0,0,0,0
2024-04-04 07:00:00,2294.491,2295.19,2288.4,2289.24,36718,32155.25,60.396198128174795,73.21023647554217,,2278.4969333333333,89.40122628209872,2217.5020708333336,92.98323174135344,2183.8490259259256,,,-13459.818775278443,-5560.496814545776,-5560.496814545776,2264.2320091279616,0,0,0,0,0,0,0,0,0
2024-04-04 08:00:00,2289.244,2290.0,2282.2,2288.13,89660,31989.75,59.49344927197933,71.31775015770731,,2279.1262666666667,88.65250618874502,2217.8491125,92.48755219148418,2184.229887037037,,,-9768.850484454819,-5562.773436380683,-5562.773436380683,2264.7052366699822,0,0,0,0,0,0,0,0,0
2024-04-04 09:00:00,2288.15,2291.09,2284.655,2287.502,89788,33477.2,59.8962999955934,69.83561785905657,,2279.7693833333333,88.22890599178432,2218.199454166667,91.87392027119527,2184.592825925926,,,-9767.07994552099,-5561.757496291373,-5561.757496291373,2265.156657726022,0,0,0,0,0,0,0,0,0
2024-04-04 10:00:00,2287.491,2299.39,2285.9,2295.018,93818,36345.6,63.32522856858471,81.95375365556833,,2280.44985,93.29861790317906,2218.5837374999996,95.21787892352941,2184.9525574074073,,,-9752.009719295915,-5553.110159209711,-5553.110159209711,2265.747971434417,1,0,0,0,0,0,0,0,0
2024-04-04 11:00:00,2295.111,2295.6,2289.9,2292.06,62613,37503.9,59.849243271892,76.58074945961154,,2281.1262833333335,91.30338003278179,2218.9535708333333,93.47365010908463,2185.2915944444444,,,-9767.286760990166,-5561.876167574003,-5561.876167574003,2266.2690017030422,1,0,0,0,0,0,0,0,0
2024-04-04 12:00:00,2292.002,2293.16,2285.8,2286.708,50200,39096.15,59.544176236231664,66.55545982805725,,2281.6270833333333,87.69333504212402,2219.2943958333335,90.63653112859443,2185.601887037037,,,-11157.910761866266,-5562.645509201776,-5562.645509201776,2266.673734342586,0,0,0,0,0,0,0,0,0
2024-04-04 13:00:00,2286.85,2294.04,2285.9,2293.9,49665,41579.3,62.46453124779431,79.73896944256062,,2282.2984166666665,92.54450162897218,2219.6561666666666,94.32751869357932,2185.930424074074,,,-11985.612682247343,-5555.280732232663,-5555.280732232663,2267.2128683160004,1,0,0,0,0,0,0,0,0
2024-04-04 14:00:00,2293.885,2305.61,2292.8,2303.99,79251,44489.65,64.58152948542039,97.06574895852138,,2283.10325,98.91209455375707,2220.062408333333,99.17139788246108,2186.279896296296,,,-9472.953739916917,-6476.752664752932,-6476.752664752932,2267.941128349347,1,0,0,0,0,0,0,0,0
2024-04-04 15:00:00,2304.001,2304.63,2279.688,2284.864,100756,48382.15,55.788727054823916,62.42347400833168,,2283.5790666666667,86.0680948223759,2220.4098,89.38877806761799,2186.5921018518516,,,-8579.196331090092,-6972.685548397297,-6972.685548397297,2268.2762347186667,0,0,0,0,0,0,0,0,0
2024-04-04 16:00:00,2284.91,2291.611,2283.9,2290.605,25952,47884.5,55.875334883408755,72.82195254482866,,2284.0723,89.92344369081991,2220.7650125,92.32520075699448,2186.9143277777775,,,-8578.862221728992,-8578.862221728992,-8578.862221728992,2268.718388486614,0,0,0,0,0,0,0,0,0
2024-04-04 17:00:00,2290.71,2290.71,2288.8,2289.0,41,46190.75,53.623688569850984,69.91487049447542,,2284.5444666666663,88.84561144315352,2221.104204166667,91.50427088128478,2187.2378555555556,,,-8587.548458568579,-8587.548458568579,-8587.548458568579,2269.1200045561864,0,0,0,0,0,0,0,0,0
2024-04-04 18:00:00,2290.151,2293.34,2287.6,2289.611,13844,45864.9,53.00920627654432,71.0215540662919,,2285.00295,89.25592639849559,2221.4466041666665,91.81678686512187,2187.5630611111114,,,-8589.918963519225,-8589.918963519225,-8589.918963519225,2269.5257668422023,0,0,0,0,0,0,0,0,0
2024-04-04 19:00:00,2289.611,2291.19,2288.0,2288.691,12509,45597.85,53.18673887942639,69.35518927730428,,2285.4719333333333,88.63810355248117,2221.78415,91.346222699606,2187.8857203703706,,,-8589.234091198872,-8589.234091198872,-8589.234091198872,2269.905276409683,0,0,0,0,0,0,0,0,0
2024-04-04 20:00:00,2288.72,2290.291,2282.2,2283.14,41817,46980.8,50.44883866917761,59.30085129505481,,2285.8987333333334,84.9103485326706,2222.1647958333333,88.50698174006433,2188.1960907407406,,,-8599.796162837822,-8599.796162837822,-8599.796162837822,2270.167350144145,0,0,0,0,0,0,0,0,0
2024-04-04 21:00:00,2283.071,2284.14,2267.3,2271.77,74242,49684.1,47.58648050117831,38.70675602245947,,2286.0065666666665,77.27486401181916,2222.5613375000003,82.62922847903077,2188.4906833333334,,,-5794.083841030606,-5794.083841030606,-5794.083841030606,2270.199085784855,0,0,0,0,0,0,0,0,0
2024-04-04 22:00:00,2271.68,2274.76,2270.4,2273.762,32616,50084.5,47.19690281323829,42.31479804383276,,2286.2252000000003,78.61258478275475,2222.974375,83.65176325650636,2188.789825925926,,,-5795.100749639167,-5795.100749639167,-5795.100749639167,2270.26963854159,0,0,0,0,0,0,0,0,0
2024-04-04 23:00:00,2273.762,2279.36,2273.0,2276.595,30473,49291.45,48.27777155951946,43.88899632566176,,2286.5254166666664,80.51507622053572,2223.377625,84.99042987946804,2189.093011111111,,,-5792.279374681503,-5792.279374681503,-5792.279374681503,2270.394893223935,0,0,0,0,0,0,0,0,0
2024-04-05 00:00:00,2276.642,2279.83,2275.9,2278.06,20003,48306.8,48.434820400779955,41.0190537358164,,2286.8230166666667,81.49889194815651,2223.7828624999997,85.65925771693293,2189.3934,,,-5791.869432522118,-5791.869432522118,-5791.869432522118,2270.5466775165305,0,0,0,0,0,0,0,0,0
2024-04-05 01:00:00,2278.01,2282.34,2276.7,2279.83,24671,47829.75,48.49108850481647,36.67403586342379,,2287.0546833333333,82.68752938016242,2224.1870291666664,86.58060486179784,2189.690931481481,,,-5791.722556761124,-5791.722556761124,-5791.722556761124,2270.73050568452,0,0,0,0,0,0,0,0,0
2024-04-05 02:00:00,2279.72,2283.19,2276.0,2279.17,39931,48428.4,48.66897091814811,34.40833540064478,,2287.185016666667,82.24430864280437,2224.594433333333,86.23705168913641,2189.990746296296,,,-5791.258233051045,-5791.258233051045,-5791.258233051045,2270.8976243838365,0,0,0,0,0,0,0,0,0
2024-04-05 03:00:00,2279.082,2290.62,2278.3,2289.2,64770,49831.0,50.89008067060252,59.29049863557347,,2287.38085,88.97992075750435,2225.0460375,91.41983216125053,2190.314425925926,,,-5785.460504644742,-5785.460504644742,-5785.460504644742,2271.2600476633647,0,0,0,0,0,0,0,0,0
2024-04-05 04:00:00,2289.111,2291.81,2284.5,2288.015,53074,48001.7,51.73675740376965,56.35078144380978,,2287.5120166666666,88.184138069975,2225.4940166666665,90.58637847092172,2190.6243981481484,,,-5783.250437473854,-5783.250437473854,-5783.250437473854,2271.5918288977537,0,0,0,0,0,0,0,0,0
2024-04-05 05:00:00,2288.07,2293.61,2286.1,2290.951,42310,45627.8,55.95301655098786,63.63433391218029,,2287.7162000000003,90.15579880464705,2225.9520416666664,92.05947673473804,2190.9326907407412,,,-5923.779757431065,-5772.244801485293,-5772.244801485293,2271.9751788205704,0,0,0,0,0,0,0,0,0
2024-04-05 06:00:00,2290.982,2296.111,2290.3,2293.92,41385,43006.15,56.187720031028256,70.99975192259967,,2287.9196999999995,92.14962057618695,2226.419125,93.66773197551592,2191.2479685185185,,,-7674.541945676982,-5771.632158624316,-5771.632158624316,2272.4097297350145,0,0,0,0,0,0,0,0,0
2024-04-05 07:00:00,2293.882,2294.66,2289.4,2291.131,40998,41925.4,55.66524594621759,64.08087323244781,,2288.1065166666667,90.2766771875628,2226.861575,92.1569795785709,2191.5566,,,-7676.355399166312,-5772.995964640527,-5772.995964640527,2272.780447958083,0,0,0,0,0,0,0,0,0
2024-04-05 08:00:00,2291.091,2296.321,2280.235,2290.791,116836,45257.2,55.3885691276441,63.23741007194249,,2288.2336999999998,90.0483513531664,2227.3508083333336,91.92908882958447,2191.8646944444445,,,-7621.761589443426,-5773.718169857372,-5773.718169857372,2273.1370925529723,0,0,0,0,0,0,0,0,0
2024-04-05 09:00:00,2290.705,2303.67,2286.8,2299.753,132509,49399.4,57.37040746462065,85.47010667328212,,2288.5222166666667,96.06675172923245,2227.8809791666663,96.78910147469986,2192.1832,,,-6076.243036940847,-5768.545007923212,-5768.545007923212,2273.6641402251907,1,0,0,0,0,0,0,0,0
2024-04-05 10:00:00,2299.731,2324.731,2295.4,2317.49,143426,52608.15,61.014458255280914,87.81612289882311,,2289.09055,95.69067612523854,2228.4800083333334,96.40700438145971,2192.5340444444446,,,-3841.628287413972,-3841.628287413972,-3841.628287413972,2274.531979032613,1,0,0,0,0,0,0,0,0
2024-04-05 11:00:00,2317.464,2328.49,2314.8,2326.17,112392,53189.95,62.67642964364821,96.32853299572761,,2289.7771500000003,98.6495139414403,2229.1158416666667,98.86989137317954,2192.9035074074077,,,-3602.914806923299,-3602.914806923299,-3602.914806923299,2275.554514101274,1,0,0,0,0,0,0,0,0
2024-04-05 12:00:00,2326.19,2329.48,2322.048,2327.075,70947,55439.7,61.361363414896935,96.25272670613866,,2290.5002166666663,98.60805648801933,2229.752966666667,98.83410897808794,2193.271609259259,,,-3739.063365919272,-3547.665867779204,-3547.665867779204,2276.574721742833,1,0,0,0,0,0,0,0,0
2024-04-05 13:00:00,2327.131,2330.471,2324.0,2326.15,58749,58375.1,60.357321079552676,93.36975034908176,,2291.168716666667,97.51339406460232,2230.40305,97.91528964495761,2193.633266666667,,,-3850.0159713950466,-3493.6009860861054,-3493.6009860861054,2277.5564104211926,1,0,0,0,0,0,0,0,0
2024-04-05 14:00:00,2326.151,2328.36,2323.1,2325.27,41442,59755.0,58.46900101212407,92.01945650672839,,2291.890716666667,97.00698045128358,2231.0565916666665,97.49072470340761,2193.993807407408,,,-4063.387145164794,-3496.59020592975,-3496.59020592975,2278.5012339772084,1,0,0,0,0,0,0,0,0
2024-04-05 15:00:00,2325.231,2325.31,2320.0,2323.111,40121,61135.6,57.527782984762936,88.70663331850034,,2292.7575,95.76454068860734,2231.703375,96.44909321612762,2194.352198148148,,,-4072.7583797162474,-3498.0801586412176,-3498.0801586412176,2279.38459568063,1,0,0,0,0,0,0,0,0
2024-04-05 16:00:00,2323.16,2330.025,2322.1,2329.325,20255,60057.5,58.61799054447546,98.24154915529884,,2293.69325,99.34051136265535,2232.3811458333334,99.44710065566326,2194.7220537037038,,,-4070.756933883212,-3496.354354775975,-3496.354354775975,2280.3735145780433,1,0,0,0,0,0,0,0,0
2024-04-05 17:00:00,2329.44,2329.57,2329.44,2329.57,2,56345.5,58.42032686146939,98.61748323640907,,2294.65335,99.48150151636358,2233.0578041666668,99.56530339507222,2195.0960259259255,,,-4255.006944736613,-3496.6672573467845,-3496.6672573467845,2281.3477024081812,1,0,0,0,0,0,0,0,0
2024-04-07 18:00:00,2329.57,2329.57,2303.705,2307.484,47431,57086.25,51.8358233771169,64.72817664298516,,2295.2349,86.77167076209491,2233.6473458333335,88.90968828249004,2195.4293296296296,,,-4435.86108890614,-3507.090558362049,-3507.090558362049,2281.865252855544,0,0,0,0,0,0,0,0,0
2024-04-07 19:00:00,2307.484,2314.411,2305.6,2311.19,36087,57366.95,52.904959297745435,70.41475502907734,,2295.8597,88.90436263818478,2234.216554166667,90.69768563860843,2195.7686574074073,,,-4433.732862294491,-3505.39811100388,-3505.39811100388,2282.4459409178107,0,0,0,0,0,0,0,0,0
2024-04-07 20:00:00,2311.291,2312.04,2305.6,2306.131,47641,58748.85,51.017110486847876,61.469661711861114,,2296.379883333333,85.9930598316174,2234.750183333333,88.25691968485697,2196.1005851851855,,,-4437.490822344848,-3508.3865848461455,-3508.3865848461455,2282.914951988745,0,0,0,0,0,0,0,0,0
2024-04-07 21:00:00,2306.085,2325.081,2302.5,2324.22,102974,62664.0,55.83325334008186,90.10463662123408,,2297.2002999999995,96.40273693539186,2235.376475,96.98414153451269,2196.468603703704,,,-4427.903787443116,-3500.762607303865,-3500.762607303865,2283.732873731542,1,0,0,0,0,0,0,0,0
2024-04-07 22:00:00,2324.221,2354.04,2321.3,2347.98,106536,65994.25,59.2147887891438,93.01360387364542,,2298.2871333333333,96.92915779872304,2236.1342250000002,97.37480505978169,2196.8791444444446,,,-3009.308598619147,-2545.636628096451,-2545.636628096451,2285.0050940536894,1,0,0,0,0,0,0,0,0
2024-04-07 23:00:00,2348.1,2349.96,2340.3,2345.54,59788,65745.15,58.91993745740293,90.20059949273688,,2299.274466666667,95.69271308401743,2236.8967875,96.30659598505258,2197.288190740741,,,-3313.325494560685,-2545.976553542314,-2545.976553542314,2286.2038050625274,1,0,0,0,0,0,0,0,0
2024-04-08 00:00:00,2345.54,2345.62,2339.6,2342.2,36036,64893.25,58.48661641687688,86.35001152870628,,2300.0809999999997,93.9480678797791,2237.6594875,94.85530546623787,2197.6883407407404,,,-3814.654474050354,-2546.4761166510593,-2546.4761166510593,2287.3126406058436,1,0,0,0,0,0,0,0,0
2024-04-08 01:00:00,2342.058,2343.7,2331.5,2334.555,62107,65883.1,56.865150149162446,77.53631542540906,,2300.74025,89.89052609733311,2238.373883333333,91.53341444338223,2198.0758685185187,,,-4357.071885624446,-2548.345457517689,-2548.345457517689,2288.248132871074,1,0,0,0,0,0,0,0,0
2024-04-08 02:00:00,2334.591,2341.341,2331.2,2336.184,62310,66929.35,57.21563146160872,79.41434171086026,,2301.4050666666667,90.65326633165841,2239.091608333333,92.24124445989408,2198.462801851852,,,-4356.391867556059,-2547.9413978999273,-2547.9413978999273,2289.1973579627356,1,0,0,0,0,0,0,0,0
2024-04-08 03:00:00,2336.18,2338.98,2333.2,2337.693,57477,67753.3,58.232788386185725,81.15402351856146,,2302.075766666667,91.43418570530301,2239.8109333333337,92.89693230207709,2198.850325925926,,,-4354.418338404765,-2644.867541384287,-2644.867541384287,2290.1576677060475,1,0,0,0,0,0,0,0,0
2024-04-08 04:00:00,2337.695,2341.45,2332.9,2336.33,62396,65031.3,57.825737120221575,79.58266082545529,,2302.68535,90.71997484804022,2240.5260583333334,92.29799078020352,2199.241437037037,,,-4355.208115793132,-2733.4331970382273,-2733.4331970382273,2291.0719713158287,1,0,0,0,0,0,0,0,0
2024-04-08 05:00:00,2336.261,2337.89,2333.9,2337.48,45523,60682.0,58.66913339824732,80.9084620705557,,2303.3300166666663,91.32257388388182,2241.2385166666663,92.79812124902152,2199.628409259259,,,-4353.571724101193,-2837.510707194467,-2837.510707194467,2291.9909421808616,1,0,0,0,0,0,0,0,0
2024-04-08 06:00:00,2337.338,2343.57,2334.9,2340.043,52345,56127.95,59.39463961012529,83.86326954115762,,2303.968233333333,92.66558373506612,2241.954216666667,93.88349938821892,2200.0255944444443,,,-4352.16406750073,-2840.345156829672,-2840.345156829672,2292.9424680782704,1,0,0,0,0,0,0,0,0
2024-04-08 07:00:00,2340.144,2342.44,2336.328,2337.32,59098,53463.25,58.506711150240164,80.72400276688974,,2304.6322,91.23873401802568,2242.67025,92.51700680272118,2200.404940740741,,,-4353.886862339467,-2841.4829431698627,-2841.4829431698627,2293.8212310866215,1,0,0,0,0,0,0,0,0
2024-04-08 08:00:00,2337.235,2338.011,2322.555,2328.991,110969,55464.35,56.48472821981441,71.1217431404196,,2305.0780500000005,86.87434500104801,2243.3114625000003,88.75415282392026,2200.7657518518513,,,-4357.809995693029,-2933.476725350135,-2933.476725350135,2294.517662154213,0,0,0,0,0,0,0,0,0
2024-04-08 09:00:00,2328.971,2335.7,2325.475,2327.331,132003,59127.05,57.25551149155997,69.20797786488367,,2305.5161999999996,86.00450639278986,2243.9456750000004,87.98093798093805,2201.113864814815,,,-4356.314490703224,-3011.963266050329,-3011.963266050329,2295.1674312204664,0,0,0,0,0,0,0,0,0
2024-04-08 10:00:00,2327.265,2329.32,2318.575,2328.83,119545,63032.2,57.74099799913265,70.9361309661055,,2306.0042000000003,86.78998113603016,2244.605341666667,88.65548865548863,2201.4545222222223,,,-4355.372530075415,-3011.3054698203,-3011.3054698203,2295.8340167408533,0,0,0,0,0,0,0,0,0
2024-04-08 11:00:00,2328.715,2331.613,2325.4,2327.795,78448,64948.55,57.6517415958647,69.74290984551538,,2306.4829499999996,86.24764200377287,2245.2655500000005,87.7896157067089,2201.8006703703704,,,-4355.545708971938,-3011.4264052627063,-3011.4264052627063,2296.46690749846,0,0,0,0,0,0,0,0,0
2024-04-08 12:00:00,2327.811,2330.221,2325.7,2328.53,51929,66532.25,56.532248003992045,70.59026977173181,,2306.9800333333333,86.63278138754991,2245.926958333333,88.13157160137725,2202.1347537037036,,,-6378.239819529109,-3012.943231482979,-3012.943231482979,2297.1018202212626,0,0,0,0,0,0,0,0,0
2024-04-08 13:00:00,2328.461,2339.21,2327.4,2337.97,64729,69768.6,58.728336007665554,81.47336868803296,,2307.6920166666664,91.57933347306636,2246.6459041666667,92.52349492881727,2202.492512962963,,,-7200.4035813041855,-3009.96770407471,-3009.96770407471,2297.9110911079706,1,0,0,0,0,0,0,0,0
2024-04-08 14:00:00,2337.891,2342.05,2336.7,2338.835,45801,69687.1,60.08231885403489,82.47060179847824,,2308.4081,92.02841564433263,2247.3665833333334,92.92593281846099,2202.847485185185,,,-8350.869591961395,-3311.596789330715,-3311.596789330715,2298.721465541476,1,0,0,0,0,0,0,0,0
2024-04-08 15:00:00,2338.831,2340.59,2336.9,2338.333,35113,69638.4,58.82247822823717,81.89186073322583,,2309.16425,91.73924476701384,2248.0859291666666,92.5643817458815,2203.206787037037,,,-8994.039887648805,-3814.081721984597,-3814.081721984597,2299.505852362437,1,0,0,0,0,0,0,0,0
2024-04-08 16:00:00,2338.351,2339.39,2337.6,2338.845,12748,67893.75,57.19434112591284,82.48213050495711,,2309.9519999999998,91.87172354766227,2248.795908333333,92.76910631007891,2203.5626296296296,,,-9047.332101916607,-4356.433175929547,-4356.433175929547,2300.2848453849633,1,0,0,0,0,0,0,0,0
2024-04-08 17:00:00,2338.77,2338.77,2338.4,2338.7,5,62745.3,62.05690277616026,82.3149642610097,,2310.7093333333332,91.78976664525791,2249.5056083333334,92.70010469210995,2203.915824074074,,,-9027.87796448813,-4346.9986364451715,-4346.9986364451715,2301.045541515954,1,0,0,0,0,0,0,0,0
2024-04-08 18:00:00,2338.641,2339.04,2336.4,2338.575,8658,57851.4,61.02039128477034,82.17085543002054,,2311.4442166666663,91.72286448298001,2250.205795833333,92.64062053868842,2204.269111111111,,,-9032.024839828757,-4349.009718112594,-4349.009718112594,2301.7886991096975,1,0,0,0,0,0,0,0,0
2024-04-08 19:00:00,2338.641,2340.48,2337.5,2338.77,13293,55526.65,61.50847238151613,82.39566520636382,,2312.269716666667,91.82723185613361,2250.8906500000003,92.73341581802607,2204.6236425925927,,,-9030.07212489879,-4348.062723357558,-4348.062723357558,2302.521002097624,1,0,0,0,0,0,0,0,0
2024-04-08 20:00:00,2338.685,2341.69,2338.3,2340.775,25816,55015.65,61.755029270399696,84.70717085543012,,2313.1471333333334,92.90034253907093,2251.572941666667,93.68754163890746,2204.979040740741,,,-9029.085700058287,-4347.584343674043,-4347.584343674043,2303.278507006582,1,0,0,0,0,0,0,0,0
2024-04-08 21:00:00,2340.87,2348.45,2337.4,2339.891,73900,55605.3,61.76524656463995,83.68803320267475,,2314.0202833333333,92.42721044744174,2252.248775,93.2217112196992,2205.3378703703706,,,-7554.174906896601,-4347.564519665039,-4347.564519665039,2304.0035068678376,1,0,0,0,0,0,0,0,0
2024-04-08 22:00:00,2339.87,2345.76,2338.3,2345.113,44496,54714.6,64.2623388459042,89.70832372607775,,2314.8551999999995,95.22211517876251,2252.9552875,95.71517711433228,2205.6979592592593,,,-7545.816439009524,-4342.719559864372,-4342.719559864372,2304.8175562367915,1,0,0,0,0,0,0,0,0
2024-04-08 23:00:00,2345.113,2346.56,2342.9,2344.14,27749,53228.2,67.49216876788608,88.58658058565815,,2315.7232,94.70134874759147,2253.6567041666667,95.24815205913407,2206.0542,,,-7535.00529282716,-4336.452912751485,-4336.452912751485,2305.5962184895284,1,0,0,0,0,0,0,0,0
2024-04-09 00:00:00,2343.855,2346.18,2342.8,2344.091,21126,51164.7,67.16002752280139,88.53008992391042,,2316.679583333333,94.67512309997855,2254.3624875,95.22463281175,2206.3983814814815,,,-7536.117062685183,-4337.0973466767555,-4337.0973466767555,2306.3584913907257,1,0,0,0,0,0,0,0,0
2024-04-09 01:00:00,2344.091,2347.97,2343.6,2344.981,30035,50390.3,66.84566800342895,89.55614480055365,,2317.5309333333335,95.15146649539727,2255.078195833333,95.65181914178758,2206.7511425925927,,,-9798.500355733613,-4337.707279776043,-4337.707279776043,2307.123293541404,1,0,0,0,0,0,0,0,0
2024-04-09 02:00:00,2345.021,2346.83,2342.984,2344.437,48981,50222.1,66.42531562875811,88.92898316808844,,2318.2050499999996,94.86030828516374,2255.8011416666664,95.39070749736005,2207.101174074074,,,-9930.877733499963,-4338.522864515412,-4338.522864515412,2307.862178817812,1,0,0,0,0,0,0,0,0
2024-04-09 03:00:00,2344.437,2357.0,2344.0,2353.881,63752,50454.8,67.65380415866026,96.5228539576364,,2319.355333333333,98.35669125395145,2256.5601250000004,98.52389966871739,2207.4676574074074,,,-7634.277688653198,-5857.960171350237,-5857.960171350237,2308.773442603598,1,0,0,0,0,0,0,0,0
2024-04-09 04:00:00,2353.881,2359.29,2351.1,2357.473,58004,47806.55,68.41011365399702,98.02478530275029,,2320.4698,99.05408922900723,2257.3362625,99.1493047427314,2207.842175925926,,,-9908.212697011864,-5526.623815168843,-5526.623815168843,2309.737790274814,1,0,0,0,0,0,0,0,0
2024-04-09 05:00:00,2357.551,2365.3,2357.1,2363.161,61720,44292.4,67.7516909001012,97.81734693877539,,2321.705816666667,98.92024230186767,2258.133704166666,99.02595628415295,2208.2226962962964,,,-7849.9941491345735,-4817.171341037734,-4817.171341037734,2310.795675615907,1,0,0,0,0,0,0,0,0
2024-04-09 06:00:00,2363.125,2364.23,2355.6,2356.391,56326,41131.45,65.98272138228933,90.90918367346929,,2322.818816666667,95.50277637556786,2258.8986041666667,95.94307832422582,2208.5909666666666,,,-7856.115150926311,-4820.95725760876,-4820.95725760876,2311.698553326483,1,0,0,0,0,0,0,0,0
2024-04-09 07:00:00,2356.431,2356.72,2349.465,2354.451,59306,40174.35,64.91240430228724,88.92959183673453,,2323.914816666667,94.52347299343758,2259.6511791666667,95.05965391621123,2208.958338888889,,,-7859.8186702342755,-4823.247930867191,-4823.247930867191,2312.545136428929,1,0,0,0,0,0,0,0,0
2024-04-09 08:00:00,2354.471,2357.38,2345.5,2349.313,94848,42320.3,62.87736134164647,83.68673469387747,,2325.0177,91.86826042726345,2260.400608333333,92.71994535519124,2209.3119,,,-7866.860341378361,-4827.603293008744,-4827.603293008744,2313.2732129352867,1,0,0,0,0,0,0,0,0
2024-04-09 09:00:00,2349.37,2360.98,2348.015,2355.49,122743,45221.0,64.72968457478694,89.66280295047378,,2326.4130333333333,95.00254712175223,2261.170025,95.53278688524573,2209.6748629629633,,,-8145.771739875289,-4823.638984323586,-4823.638984323586,2314.109188916766,1,0,0,0,0,0,0,0,0
2024-04-09 10:00:00,2355.331,2364.23,2345.055,2352.77,128250,49343.45,64.03211272962719,86.42470205850469,,2327.729833333333,93.61691288843596,2261.9299416666668,94.29417122040064,2210.0432333333333,,,-8148.271997384823,-4825.131914971334,-4825.131914971334,2314.874749532276,1,0,0,0,0,0,0,0,0
2024-04-09 11:00:00,2352.81,2353.65,2338.125,2340.54,110375,53106.55,59.099569417486464,72.3042505592839,,2328.795583333333,87.38665308201722,2262.6311083333335,88.7249544626593,2210.3893999999996,,,-8165.951364095004,-4835.688454965213,-4835.688454965213,2315.3829723138147,0,0,0,0,0,0,0,0,0
2024-04-09 12:00:00,2340.291,2347.12,2339.975,2344.904,74122,56175.25,56.50416148655702,77.16013437849928,,2329.90965,89.6097809475292,2263.3480833333333,90.7122040072859,2210.739101851852,,,-8396.02884457563,-4841.243100082236,-4841.243100082236,2315.9675471194814,1,0,0,0,0,0,0,0,0
2024-04-09 13:00:00,2344.893,2349.75,2341.7,2347.221,65275,59438.75,55.14999094818935,79.75475923852167,,2331.032833333333,90.79011716760053,2264.080941666667,91.76730418943528,2211.089209259259,,,-8401.011992830894,-4844.141271378903,-4844.141271378903,2316.5864273745415,1,0,0,0,0,0,0,0,0
2024-04-09 14:00:00,2347.231,2350.05,2345.2,2349.61,44607,61236.2,55.47330020450497,81.96551724137925,,2332.206833333333,91.92485846628922,2264.8172541666668,92.85519125683058,2211.445783333333,,,-8399.82226235687,-4843.449330755436,-4843.449330755436,2317.240359505739,1,0,0,0,0,0,0,0,0
2024-04-09 15:00:00,2349.64,2351.53,2345.0,2351.15,38732,62508.15,56.0539137341508,83.36566155293002,,2333.2393333333334,92.70618556701025,2265.5377,93.55646630236791,2211.799796296296,,,-8397.685690030668,-4842.206712179415,-4842.206712179415,2317.9118375353282,1,0,0,0,0,0,0,0,0
2024-04-09 16:00:00,2351.16,2354.59,2350.4,2353.193,17340,62084.35,56.723864747328314,85.76735437606541,,2334.3256333333334,93.75927835051547,2266.2141208333337,94.48679417122042,2212.160246296296,,,-8395.22036891502,-5685.905100883876,-5685.905100883876,2318.6104744158165,1,0,0,0,0,0,0,0,0
2024-04-09 17:00:00,2352.72,2352.72,2352.3,2352.4,4,58389.55,57.09950309053447,84.83512608005633,,2335.349783333333,93.35051546391749,2266.858933333334,94.12568306010925,2212.5170703703707,,,-8393.838075103773,-5728.789133609707,-5728.789133609707,2319.279573932335,1,0,0,0,0,0,0,0,0
2024-04-09 18:00:00,2353.491,2354.24,2350.2,2352.34,12077,56768.6,55.750271085993,84.76459178275432,,2336.3234500000003,93.31958762886596,2267.5083083333334,94.09836065573771,2212.8741814814816,,,-8398.803050281478,-5993.798757029028,-5993.798757029028,2319.934235834665,1,0,0,0,0,0,0,0,0
2024-04-09 19:00:00,2352.311,2355.24,2351.355,2354.95,12634,56012.85,56.26709994765058,87.83283371539369,,2337.3871,94.66494845360806,2268.2046708333332,95.28688524590149,2213.231607407408,,,-8396.901196144745,-7889.733218174196,-7889.733218174196,2320.6276173032857,1,0,0,0,0,0,0,0,0
2024-04-09 20:00:00,2354.784,2355.61,2350.6,2351.62,20239,55968.5,62.01110324933319,82.57324840764294,,2338.4009166666665,92.94845360824728,2268.9073166666662,93.77049180327856,2213.584977777778,,,-8719.0725790104,-7869.857774223736,-7869.857774223736,2321.2413278517356,1,0,0,0,0,0,0,0,0
2024-04-09 21:00:00,2351.544,2351.96,2344.6,2349.38,54812,57207.35,60.476561471272426,77.22460658082969,,2339.2280333333333,91.79381443298965,2269.6158791666667,92.75045537340617,2213.939662962963,,,-8724.95092330483,-7875.167607365815,-7875.167607365815,2321.7985292804137,1,0,0,0,0,0,0,0,0
2024-04-09 22:00:00,2349.333,2354.271,2348.5,2352.16,37396,56628.1,62.78689890824234,79.07643312101865,,2339.805866666667,93.16337148803314,2270.357316666667,94.01639344262281,2214.304162962963,,,-8716.10075116551,-7867.1733601790675,-7867.1733601790675,2322.3997465223856,1,0,0,0,0,0,0,0,0
2024-04-09 23:00:00,2352.064,2353.58,2350.4,2351.31,22464,54563.7,58.32278519902183,77.72292993630542,,2340.2248666666665,92.72112382934432,2271.084483333333,93.62932604735875,2214.6629166666667,,,-8733.201359130346,-7882.620120418585,-7882.620120418585,2322.972226789269,1,0,0,0,0,0,0,0,0
2024-04-10 00:00:00,2351.31,2356.86,2350.6,2356.144,20320,52679.5,52.8382700597969,85.4203821656045,,2340.70935,95.23621227887597,2271.8319500000002,95.83060109289599,2215.0304944444442,,,-8754.210802299183,-8188.393297276687,-8188.393297276687,2323.629093585521,1,0,0,0,0,0,0,0,0
2024-04-10 01:00:00,2356.146,2360.07,2355.3,2357.381,37362,51461.6,54.151328383011816,87.39012738853455,,2341.2298666666666,95.8798126951091,2272.58115,96.39389799635687,2215.400362962963,,,-10407.717801854506,-8183.686995042942,-8183.686995042942,2324.2974481679857,1,0,0,0,0,0,0,0,0
2024-04-10 02:00:00,2357.381,2359.95,2353.5,2356.035,53397,51315.15,54.91918107279751,85.24681528662373,,2341.742616666667,95.1795005202912,2273.3233375,95.78096539162098,2215.7611685185184,,,-11371.265583116066,-8180.934834864499,-8180.934834864499,2324.925914540897,1,0,0,0,0,0,0,0,0
2024-04-10 03:00:00,2356.071,2357.77,2352.2,2353.011,49674,50833.55,56.78519433537749,80.43152866242009,,2342.24095,93.60613943808522,2274.0504041666663,94.40391621129316,2216.116272222222,,,-12438.295077107126,-8394.994685058351,-8394.994685058351,2325.4820548470175,1,0,0,0,0,0,0,0,0
2024-04-10 04:00:00,2353.041,2355.91,2352.1,2354.51,40495,48115.9,56.7438471502591,82.81847133757972,,2342.6607000000004,94.38605619146725,2274.7846124999996,95.08652094717671,2216.46705,,,-14788.986120553995,-8395.146836613527,-8395.146836613527,2326.056865642126,1,0,0,0,0,0,0,0,0
2024-04-10 05:00:00,2354.453,2354.84,2344.815,2347.6,49425,44450.0,53.50633171235824,71.81528662420347,,2342.9611999999997,90.7908428720082,2275.4896833333337,91.9398907103824,2216.7978314814814,,,-14809.913822156457,-8407.060416881792,-8407.060416881792,2326.4834623620836,0,0,0,0,0,0,0,0,0
2024-04-10 06:00:00,2347.474,2350.17,2345.138,2347.431,44385,40256.75,53.96240692751953,71.5461783439489,,2343.6269833333336,90.70291363163365,2276.1896666666667,91.86293260473583,2217.1293814814812,,,-14806.96569536162,-8405.382127221583,-8405.382127221583,2326.898265087587,0,0,0,0,0,0,0,0,0
2024-04-10 07:00:00,2347.385,2349.44,2344.71,2346.99,42597,36867.85,53.41178158857709,70.84394904458543,,2344.22365,90.47346514047847,2276.895875,91.66211293260457,2217.460412962963,,,-14810.525005891308,-8407.408347420083,-8407.408347420083,2327.2961212244663,0,0,0,0,0,0,0,0,0
2024-04-10 08:00:00,2346.99,2350.85,2327.8,2338.265,129517,39637.6,49.389137784129865,56.95063694267479,,2344.759216666667,85.85295656724215,2277.5755625,87.68897996357,2217.77957037037,,,-7060.461302187392,-6075.76229924232,-6075.76229924232,2327.5133267447736,0,0,0,0,0,0,0,0,0
2024-04-10 09:00:00,2338.37,2339.6,2319.265,2333.91,169337,44840.7,48.841428610257836,32.81968967362208,,2344.920716666667,83.48763808521817,2278.2339625,85.70582877959914,2218.0810148148153,,,-5564.081782599499,-4931.95084476969,-4931.95084476969,2327.6399935419067,0,0,0,0,0,0,0,0,0
2024-04-10 10:00:00,2333.891,2352.32,2331.8,2346.24,142536,49737.15,55.70535507557963,59.208132691278216,,2344.8917166666665,89.97369805365578,2278.9363291666664,91.32058287795975,2218.4060333333337,,,-5547.260494852112,-4917.040610240914,-4917.040610240914,2328.0083105014733,0,0,0,0,0,0,0,0,0
2024-04-10 11:00:00,2346.191,2347.67,2329.85,2337.03,111540,53377.55,53.055476798034256,39.49705724986675,,2344.749883333333,85.12887953708578,2279.5970375,87.1265938069217,2218.702103703704,,,-5553.75449871817,-5039.94111687303,-5039.94111687303,2328.186957818276,0,0,0,0,0,0,0,0,0
2024-04-10 12:00:00,2337.04,2340.85,2335.775,2337.26,71265,56073.8,52.67710834190781,39.98929909042323,,2344.66755,85.18753301637616,2280.2646624999998,87.23132969034613,2218.9921962962962,,,-5554.681758750338,-5040.782590143633,-5040.782590143633,2328.3666220198943,0,0,0,0,0,0,0,0,0
2024-04-10 13:00:00,2337.22,2345.25,2325.7,2337.711,106416,61394.4,53.160740013515,40.95452113429602,,2344.72015,85.42577918647629,2280.931375,87.436703096539,2219.2751703703702,,,-5553.4965322545495,-5039.707016538368,-5039.707016538368,2328.551659207619,0,0,0,0,0,0,0,0,0
2024-04-10 14:00:00,2337.655,2340.97,2326.151,2327.45,65212,64051.15,49.67545736471369,18.99411449973233,,2344.5745833333335,80.00528262017944,2281.5435416666664,82.76411657559186,2219.5588,,,-5562.037844958388,-5047.458117725518,-5047.458117725518,2328.5298441738046,0,0,0,0,0,0,0,0,0
2024-04-10 15:00:00,2327.431,2330.99,2326.9,2329.585,46755,65757.2,47.36458326785395,23.563402889245868,,2344.43945,81.1131676361713,2282.1776875,83.73633879781417,2219.8425685185184,,,-5567.7010580373235,-5052.597390708636,-5052.597390708636,2328.5507383485806,0,0,0,0,0,0,0,0,0
2024-04-10 16:00:00,2329.61,2334.18,2329.465,2333.445,18582,65674.35,48.337220350695375,31.824505082932543,,2344.3913666666663,82.49725274725273,2282.778825,85.49408014571951,2220.1319388888887,,,-5581.732283763813,-5565.31743572917,-5565.31743572917,2328.647654420886,0,0,0,0,0,0,0,0,0
2024-04-10 17:00:00,2333.445,2333.941,2332.4,2332.6,6,62934.05,48.235142007498965,30.016051364365932,,2344.3100333333336,82.03296703296688,2283.3576375,85.10928961748624,2220.416448148148,,,-5898.012876230346,-5565.56759708978,-5565.56759708978,2328.725918689779,0,0,0,0,0,0,0,0,0
2024-04-10 18:00:00,2332.821,2336.9,2331.96,2335.961,10978,61613.15,49.12748835239305,37.209202782236126,,2344.2419999999997,83.8796703296701,2283.972620833333,86.63979963570112,2220.7105185185183,,,-6194.944771858666,-5563.380741692417,-5563.380741692417,2328.8691876266153,0,0,0,0,0,0,0,0,0
2024-04-10 19:00:00,2335.971,2337.23,2333.9,2335.49,13761,61178.0,49.03077369018574,36.201177100053144,,2344.2115,83.6208791208789,2284.5954125,86.42531876138418,2220.9955148148147,,,-6381.543854700763,-5563.617758386957,-5563.617758386957,2329.000292822128,0,0,0,0,0,0,0,0,0
2024-04-10 20:00:00,2335.441,2336.0,2333.1,2335.21,28232,61573.6,48.984923167884425,35.60192616372411,,2344.31515,83.16172355903744,2285.186691666667,86.29781420765022,2221.270588888889,,,-6868.1896137712765,-5563.730123347872,-5563.730123347872,2329.1232573206994,0,0,0,0,0,0,0,0,0
2024-04-10 21:00:00,2335.19,2342.28,2333.7,2340.63,54210,62416.0,50.54393599101632,47.201712145532625,,2344.5368000000003,86.19473978735309,2285.799775,88.76593806921674,2221.5677833333334,,,-6863.473193190026,-5559.909481703142,-5559.909481703142,2329.3511136113784,0,0,1,1,0,0,0,0,0
2024-04-10 22:00:00,2340.544,2345.82,2339.3,2343.765,28152,61153.75,50.86865071525682,53.2203758010206,,2344.7857166666663,87.94907666480118,2286.4387750000005,90.19353369763193,2221.875918518518,,,-6862.490846421791,-5559.11370980205,-5559.11370980205,2329.6365371042225,0,0,1,1,0,0,0,0,0
2024-04-10 23:00:00,2343.88,2346.9,2342.7,2343.871,25408,59940.45,51.16151475532313,53.45063538611938,,2345.0536500000003,88.0083939563514,2287.0696958333333,90.24180327868851,2222.180433333333,,,-6861.604856283942,-5558.395993737681,-5558.395993737681,2329.918407656614,0,0,1,1,0,0,0,0,0
2024-04-11 00:00:00,2343.881,2346.12,2341.1,2342.96,20656,58948.5,49.35545483393912,51.471706310415996,,2345.29415,87.4986010072747,2287.7058833333335,89.82695810564658,2222.4811685185186,,,-8551.256743674046,-5562.822068780895,-5562.822068780895,2330.176657009948,0,0,1,1,0,0,0,0,0
2024-04-11 01:00:00,2342.871,2344.6,2338.7,2341.853,30318,57993.15,49.315888029386656,49.06701422830464,,2345.358866666667,86.8791270285394,2288.328604166667,89.32285974499085,2222.784688888889,,,-10361.32959476826,-5562.919034359998,-5562.919034359998,2330.4078717226225,0,0,1,1,0,0,0,0,0
2024-04-11 02:00:00,2342.07,2342.23,2333.785,2335.895,61667,58857.25,47.63203513232407,36.12468773759096,,2345.309866666666,83.54504756575257,2288.922708333333,86.60974499089247,2223.074327777778,,,-10745.603607866256,-5567.045619085062,-5567.045619085062,2330.5165277281153,0,0,0,0,0,0,0,0,0
2024-04-11 03:00:00,2335.941,2340.79,2334.9,2336.361,60867,59770.75,47.50341759540293,37.13696100792851,,2345.277,83.80581980973685,2289.5144833333334,86.82194899817839,2223.3597907407407,,,-10746.210294361168,-5567.36081951864,-5567.36081951864,2330.632259852311,0,0,0,0,0,0,0,0,0
2024-04-11 04:00:00,2336.371,2338.0,2325.591,2327.931,65073,56548.55,45.42825805165022,18.824807211904222,,2345.0951,79.08841634023499,2290.074195833333,82.98315118397082,2223.6385703703704,,,-10700.468074280016,-5572.446371641548,-5572.446371641548,2330.578769558206,0,0,0,0,0,0,0,0,0
2024-04-11 05:00:00,2327.941,2335.27,2327.6,2330.8,57031,50933.25,43.36550788458558,25.05702183121588,,2344.963433333333,80.69390039171799,2290.6510916666666,84.28961748633881,2223.916885185185,,,-10710.148257146715,-5577.501512352404,-5577.501512352404,2330.583150359034,0,0,0,0,0,0,0,0,0
2024-04-11 06:00:00,2330.81,2339.27,2330.4,2338.46,54376,46525.25,44.65971968654324,41.696535244922416,,2344.961516666667,84.98041410184662,2291.266883333333,87.77777777777773,2224.2147277777776,,,-10704.074711687248,-5574.329813291117,-5574.329813291117,2330.739127579647,0,0,0,0,0,0,0,0,0
2024-04-11 07:00:00,2338.405,2339.67,2335.495,2337.27,56848,43790.65,42.53934772961718,39.11154556315844,,2344.9365166666666,84.2969187675069,2291.8844249999997,87.23588342440794,2224.50795,,,-10714.025305130985,-5595.982923117576,-5595.982923117576,2330.868451785991,0,0,0,0,0,0,0,0,0
2024-04-11 08:00:00,2337.181,2344.38,2331.6,2341.325,117167,46085.75,45.5896300980081,47.920060823286185,,2344.9456833333334,86.4471452798189,2292.5179,89.0824225865208,2224.8121185185187,,,-10699.710779022811,-5904.883443454059,-5904.883443454059,2331.0755121466646,0,0,1,1,0,0,0,0,0
2024-04-11 09:00:00,2341.361,2347.43,2336.784,2343.185,119090,46719.45,46.700483827509,51.96046486369048,,2345.0005833333335,87.3320922239724,2293.1365874999997,89.92941712203998,2225.111340740741,,,-10434.958176530507,-6201.567788709216,-6201.567788709216,2331.315303985344,0,0,1,1,0,0,0,0,0
2024-04-11 10:00:00,2343.301,2346.88,2332.195,2338.893,122445,49581.1,46.93305705338006,42.63712392744657,,2344.8969166666666,84.87355005012166,2293.737141666667,87.97495446265933,2225.4019574074073,,,-10433.893232046457,-6387.44045803683,-6387.44045803683,2331.465357371773,0,0,0,0,0,0,0,0,0
2024-04-11 11:00:00,2338.925,2345.51,2337.525,2344.603,75706,51028.65,46.78677047854606,55.04072987943961,,2344.904633333333,88.14435056565941,2294.3579458333334,90.57513661202182,2225.698977777778,,,-10434.563073041165,-6874.839599217769,-6874.839599217769,2331.7255087109456,0,0,0,0,0,0,0,0,0
2024-04-11 12:00:00,2344.39,2350.751,2342.42,2349.704,63885,53293.8,49.107631410443034,66.12142934723602,,2344.9981833333336,91.06630388085351,2294.9929625,92.89799635701276,2226.011688888889,,,-9048.026107271578,-6867.818389319427,-6867.818389319427,2332.081518439442,0,0,0,0,0,0,0,0,0
2024-04-11 13:00:00,2349.711,2357.31,2347.9,2356.201,73890,56988.0,54.71554947999788,80.23460410557163,,2345.1851833333335,94.78791350422446,2295.649575,95.85655737704911,2226.3387425925926,,,-7159.35385894889,-5952.291892548293,-5952.291892548293,2332.5591319356904,1,0,0,0,0,0,0,0,0
2024-04-11 14:00:00,2356.21,2365.05,2355.5,2361.375,59199,59399.05,54.935367688039015,91.47387857065242,,2345.4674833333333,97.75168265788334,2296.3481791666663,98.21265938069209,2226.673311111111,,,-5754.468264051153,-4945.570890710813,-4945.570890710813,2333.1297431844887,1,0,0,0,0,0,0,0,0
2024-04-11 15:00:00,2361.47,2374.64,2361.1,2372.745,49723,61197.15,57.254433833560725,96.5778781038375,,2345.7818833333336,98.96300755171282,2297.0898541666666,99.17227221105968,2227.027838888889,,,-4624.633664634223,-4624.633664634223,-4624.633664634223,2333.914203715489,1,0,0,0,0,0,0,0,0
2024-04-11 16:00:00,2372.751,2377.66,2371.2,2372.016,29233,61247.2,56.42889934580516,90.3347889374094,,2346.024266666667,96.88280128134332,2297.8159041666668,97.56682186583903,2227.3795629629626,,,-4357.990552256038,-4357.990552256038,-4357.990552256038,2334.6686947310236,1,0,0,0,0,0,0,0,0
2024-04-11 17:00:00,2372.56,2373.0,2372.3,2373.0,6,58537.0,56.289434900750734,92.01986471444498,,2346.1882499999997,97.35317505395896,2298.4862625,97.99103293671328,2227.732896296296,,,-4358.258397701609,-4358.258397701609,-4358.258397701609,2335.427730478924,1,0,0,0,0,0,0,0,0
2024-04-11 18:00:00,2371.961,2379.57,2370.39,2373.98,22123,58235.55,56.020296453333806,90.73045352789964,,2346.4813999999997,96.85902118334543,2299.1682041666663,97.60978321289599,2228.089812962963,,,-4204.543810642389,-4204.543810642389,-4204.543810642389,2336.191141756569,1,0,0,0,0,0,0,0,0
2024-04-11 19:00:00,2373.843,2377.1,2373.5,2376.91,17223,57826.3,57.0117520511735,95.5890887986066,,2346.8557166666665,98.50536607293347,2299.8402791666667,98.86261598323843,2228.4477388888886,,,-4369.036459397374,-4202.707067468488,-4202.707067468488,2336.997455781191,1,0,0,0,0,0,0,0,0
2024-04-11 20:00:00,2376.711,2379.14,2374.3,2378.601,25887,58087.85,57.44321434847434,98.39316806234964,,2347.3438499999997,99.4480833855442,2300.5556999999994,99.58566725103688,2228.8148333333334,,,-4622.649553897747,-4201.907752369467,-4201.907752369467,2337.821288339979,1,0,0,0,0,0,0,0,0
2024-04-11 21:00:00,2378.81,2391.41,2378.601,2390.583,90713,61107.6,59.59005495718091,98.85369741492859,,2347.928733333333,99.53930143167524,2301.2902333333336,99.66342436205292,2229.1997759259257,,,-3798.7124979816435,-3442.7763184533646,-3442.7763184533646,2338.8660747094846,1,0,0,0,0,0,0,0,0
2024-04-11 22:00:00,2390.669,2395.37,2387.7,2390.461,63020,61175.25,60.63711501700693,93.54970107088877,,2348.556916666667,97.3126402802868,2302.0178125,98.03380462210113,2229.591277777778,,,-3561.1774893884167,-3245.896165010953,-3245.896165010953,2339.8877563984056,1,0,0,0,0,0,0,0,0
2024-04-11 23:00:00,2390.45,2391.2,2382.828,2384.18,39447,60104.25,59.32405928815627,85.29662965639571,,2349.2842499999997,93.74028037278612,2302.7006374999996,95.51808387070932,2229.9741481481483,,,-3597.7379354362547,-3247.777899814907,-3247.777899814907,2340.76483052913,1,0,0,0,0,0,0,0,0
2024-04-12 00:00:00,2384.15,2387.09,2382.663,2384.151,25373,58119.25,58.69968400385073,85.25852440706912,,2349.9383666666668,93.68548432487192,2303.3761416666666,95.50646853847076,2230.355557407407,,,-3598.726261964637,-3248.672689485589,-3248.672689485589,2341.62396259786,1,0,0,0,0,0,0,0,0
2024-04-12 01:00:00,2384.19,2390.13,2383.0,2387.421,39890,57262.2,59.69251085713671,89.5552197621706,,2350.608366666667,95.52285041623011,2304.072166666667,96.81619738054229,2230.7468925925923,,,-3937.8208819135125,-3247.2498733757484,-3247.2498733757484,2342.530834625625,1,0,0,0,0,0,0,0,0
2024-04-12 02:00:00,2387.41,2395.21,2384.5,2395.04,67531,57919.95,60.28624621829189,99.56638854214582,,2351.365533333333,99.81299937666464,2304.7943666666665,99.86782552969923,2231.153725925926,,,-4309.978760683127,-3246.398993653833,-3246.398993653833,2343.570620078583,1,0,0,0,0,0,0,0,0
2024-04-12 03:00:00,2395.05,2400.31,2391.9,2399.98,79194,59037.25,61.04912045899025,99.59281880436804,,2352.1793666666663,99.80848470779414,2305.4872333333337,99.87039000824794,2231.5666703703705,,,-4363.386528412548,-3030.7443615961242,-3030.7443615961242,2344.6876375027696,1,0,0,0,0,0,0,0,0
2024-04-12 04:00:00,2399.881,2400.63,2392.8,2396.67,65526,56455.2,60.43340950522512,95.13304246297545,,2352.903983333333,97.70607657996871,2306.1729416666662,98.44663240889655,2231.972090740741,,,-5085.45665963831,-3018.64042763732,-3018.64042763732,2345.716991215586,1,0,0,0,0,0,0,0,0
2024-04-12 05:00:00,2396.621,2400.26,2392.4,2398.065,51858,53093.6,61.66561370439037,96.84753886806361,,2353.665066666667,98.51416323929789,2306.8587125,98.99384144667161,2232.381683333333,,,-5816.934951418158,-3016.998342589324,-3016.998342589324,2346.7535854489406,1,0,0,0,0,0,0,0,0
2024-04-12 06:00:00,2398.16,2400.46,2394.7,2398.09,50225,49482.6,61.37075227519413,96.8782646100904,,2354.4275666666667,98.52864507907087,2307.5445875,99.00364806025185,2232.792198148148,,,-7635.645660465568,-3017.39128683058,-3017.39128683058,2347.7701481133176,1,0,0,0,0,0,0,0,0
2024-04-12 07:00:00,2398.015,2398.21,2390.1,2395.35,65425,48968.55,62.73591447866771,93.51072328396708,,2355.1009,96.94143543995818,2308.2190458333334,97.928843211862,2233.205957407408,,,-7631.131235189531,-3015.5720165798125,-3015.5720165798125,2348.7123233982024,1,0,0,0,0,0,0,0,0
2024-04-12 08:00:00,2395.37,2397.63,2391.4,2395.753,107118,51130.2,62.87241070667466,94.00602224543731,,2355.8364500000002,97.17488269709787,2308.8951833333335,98.0869258227749,2233.6242777777775,,,-7630.679858774164,-3015.390116197336,-3015.390116197336,2349.6438219447728,1,0,0,0,0,0,0,0,0
2024-04-12 09:00:00,2395.78,2406.541,2393.315,2404.01,145441,54707.75,64.58222513196134,97.10000458316154,,2356.7469499999997,98.58239844069432,2309.6057250000003,99.02967708297395,2234.075462962963,,,-6988.038421561173,-2793.0929893366656,-2793.0929893366656,2350.720379926064,1,0,0,0,0,0,0,0,0
2024-04-12 10:00:00,2404.15,2429.32,2400.135,2426.621,155286,59512.1,71.09762270890847,97.54758984144286,,2357.9879666666666,98.65934830121196,2310.4104791666664,99.04837458571325,2234.5655333333334,,,-4186.118461088863,-2218.3468121225774,-2218.3468121225774,2352.2233625017857,1,0,0,0,0,0,0,0,0
2024-04-12 11:00:00,2426.64,2431.78,2382.015,2395.505,179868,66019.35,63.041002036763444,67.75985424165668,,2358.72455,82.1989400333693,2311.085583333333,87.31998042505592,2234.9962185185186,,,-4354.275179983138,-2236.4953619680746,-2236.4953619680746,2353.080424630463,0,0,0,0,0,0,0,0,0
2024-04-12 12:00:00,2395.541,2395.561,2360.56,2369.1,151690,72142.2,54.567724609765285,44.291872194818374,,2358.9404833333333,69.24133869859641,2311.650666666667,78.09004474272923,2235.3729222222223,,,-3237.843689118543,-2272.940981623306,-2272.940981623306,2353.397643944711,0,0,0,0,0,0,0,0,0
2024-04-12 13:00:00,2369.116,2373.06,2346.265,2355.27,130605,78672.15,53.57851946604718,32.000177754077235,,2358.9053,62.45460791049163,2312.158125,73.25573266219236,2235.743935185185,,,-2681.0342987007475,-2273.9284093970314,-2273.9284093970314,2353.434720302241,0,0,0,0,0,0,0,0,0
2024-04-12 14:00:00,2355.131,2356.65,2335.325,2338.731,80783,81605.15,50.27123907022713,17.300804337199743,,2358.6169,54.338502306408934,2312.5966708333335,67.47448266219244,2236.087024074074,,,-2369.0360903320343,-2291.4332087460684,-2291.4332087460684,2353.143557523979,0,0,0,0,0,0,0,0,0
2024-04-12 15:00:00,2338.711,2345.41,2333.751,2343.213,62315,83859.75,50.99965842278546,21.28427320801693,,2358.4536,56.53793306507021,2313.053891666667,69.04117729306492,2236.4312518518523,,,-2328.64901363598,-2290.7017538557147,-2290.7017538557147,2352.9469128205337,0,0,0,0,0,0,0,0,0
2024-04-12 16:00:00,2343.231,2345.2,2341.6,2343.285,22764,83703.6,52.98767947774571,21.348264675820925,,2358.266516666666,56.57326528609272,2313.5114124999996,69.06634507829969,2236.774288888889,,,-2326.6210208430716,-2326.6210208430716,-2326.6210208430716,2352.7555878141866,0,0,0,0,0,0,0,0,0
2024-04-14 18:00:00,2352.946,2372.77,2346.735,2356.891,66808,82508.35,54.93822248585773,33.44087455006007,,2358.421366666667,63.25007360879378,2314.025625,73.82235738255034,2237.142253703704,,,-2324.63125964168,-2324.63125964168,-2324.63125964168,2352.8374771644008,0,0,0,0,0,0,0,0,0
2024-04-14 19:00:00,2356.901,2365.46,2354.7,2364.65,37955,81255.1,55.564868479714654,40.336843976358786,,2358.70835,67.05761114927861,2314.558075,76.53453579418343,2237.5235314814813,,,-2323.9920141185626,-2323.9920141185626,-2323.9920141185626,2353.07138850768,0,0,0,0,0,0,0,0,0
2024-04-14 20:00:00,2364.585,2365.91,2350.2,2353.281,60266,82296.05,53.554670177621794,30.232413455983625,,2358.8132,61.478555304740325,2315.0054041666667,72.56047259507825,2237.8872,,,-2326.0426300608783,-2326.0426300608783,-2326.0426300608783,2353.0755392303,0,0,0,0,0,0,0,0,0
2024-04-14 21:00:00,2353.195,2359.791,2348.255,2355.61,96369,85845.85,53.38931302976888,32.302359685375414,,2359.102283333333,62.62145450976544,2315.445529166667,73.37458053691276,2238.2507740740743,,,-2326.211311928339,-2326.211311928339,-2326.211311928339,2353.1257265722743,0,0,0,0,0,0,0,0,0
2024-04-14 22:00:00,2355.591,2364.681,2353.465,2359.52,56888,86695.75,54.09640443768627,31.951520402301547,,2359.5291166666666,64.54019040141321,2315.877529166667,74.74133109619683,2238.622848148148,,,-2325.490003531928,-2325.490003531928,-2325.490003531928,2353.2523458480705,0,0,0,0,0,0,0,0,0
2024-04-14 23:00:00,2359.571,2360.38,2354.5,2358.49,39300,85284.2,53.95842968686231,30.98155176148169,,2359.7332833333335,64.03474335067212,2316.2990916666668,74.38129194630861,2238.9896074074077,,,-2325.6307524438052,-2325.6307524438052,-2325.6307524438052,2353.356061771871,0,0,0,0,0,0,0,0,0
2024-04-15 00:00:00,2358.51,2358.651,2355.4,2356.62,23714,82510.2,52.752094621109336,29.220540733974243,,2360.059783333333,63.11708705466669,2316.68345,73.72762863534669,2239.3554166666663,,,-2326.861342438351,-2326.861342438351,-2326.861342438351,2353.420694212032,0,0,0,0,0,0,0,0,0
2024-04-15 01:00:00,2356.59,2362.6,2351.915,2361.11,46494,81558.6,52.971448737584026,33.44885063424661,,2360.4572833333336,65.32044361566395,2317.103679166667,75.29711968680091,2239.729064814815,,,-2326.637577923284,-2326.637577923284,-2326.637577923284,2353.5729576929816,0,0,0,0,0,0,0,0,0
2024-04-15 02:00:00,2361.16,2361.53,2353.005,2354.675,82367,83084.05,51.81159663301923,27.38890092194126,,2360.740016666667,62.16262636176272,2317.4916125,73.0477488814318,2240.0895185185186,,,-2327.8207503565077,-2327.8207503565077,-2327.8207503565077,2353.5947803129225,0,0,0,0,0,0,0,0,0
2024-04-15 03:00:00,2354.781,2356.43,2349.865,2353.13,73969,84271.25,51.701670548550325,25.93394796071169,,2361.168016666667,61.404455785651194,2317.877945833333,72.50769015659955,2240.448342592593,,,-3692.0390381029797,-2327.932886647268,-2327.932886647268,2353.5855767423695,0,0,0,0,0,0,0,0,0
2024-04-15 04:00:00,2353.035,2356.03,2344.615,2351.535,79541,84977.05,51.617375848612774,24.431909143131477,,2361.5338500000003,60.62174894494049,2318.2701166666666,71.95015380313191,2240.8037685185186,,,-5805.626253914886,-2328.0188762013154,-2328.0188762013154,2353.5449712623226,0,0,0,0,0,0,0,0,0
2024-04-15 05:00:00,2351.581,2353.56,2346.185,2349.67,54256,82333.95,52.33301379653749,22.67560670125918,,2361.8042666666665,59.70654627539501,2318.6552,71.29823825503355,2241.1583203703703,,,-5846.941198399435,-2327.288849425642,-2327.288849425642,2353.468239158118,0,0,0,0,0,0,0,0,0
2024-04-15 06:00:00,2349.591,2357.06,2348.9,2356.74,48136,77468.7,53.37598526288585,29.333546789215266,,2362.2066,63.17597408970441,2319.092741666667,73.76957494407148,2241.525190740741,,,-5844.268214811059,-2326.2249076672356,-2326.2249076672356,2353.533026501522,0,0,0,0,0,0,0,0,0
2024-04-15 07:00:00,2356.75,2361.23,2355.2,2358.001,60529,72730.85,55.102594907925926,30.5210520863745,,2362.5739333333336,63.79477868289335,2319.5521416666666,74.21036073825506,2241.8857018518515,,,-7335.57075743365,-2324.463582299192,-2324.463582299192,2353.621501224264,0,0,0,0,0,0,0,0,0
2024-04-15 08:00:00,2358.011,2359.33,2350.67,2357.191,95410,68507.95,54.50981732428776,29.758261213496517,,2362.9356166666666,63.3972911963881,2320.012379166667,73.92722315436231,2242.2435185185186,,,-8133.920023710516,-2325.068278443841,-2325.068278443841,2353.692184368338,0,0,0,0,0,0,0,0,0
2024-04-15 09:00:00,2357.251,2361.09,2343.0,2348.627,129560,67401.45,51.73203315854566,21.693395737788276,,2363.1592333333333,59.1947197958582,2320.4128583333336,70.93365492170017,2242.586198148148,,,-10001.169650115535,-2327.9019135576764,-2327.9019135576764,2353.5918836877768,0,0,0,0,0,0,0,0,0
2024-04-15 10:00:00,2348.681,2352.451,2323.858,2349.41,157408,68741.6,52.07102206815604,23.67635885176301,,2363.305566666667,59.57895769947971,2320.8422416666663,71.20735458612967,2242.925803703704,,,-5402.328017530346,-2105.026758151112,-2105.026758151112,2353.5090741098006,0,0,0,0,0,0,0,0,0
2024-04-15 11:00:00,2349.391,2352.52,2342.475,2351.475,103129,69858.9,51.74337517433752,25.58977780248673,,2363.434066666667,59.540004030632666,2321.324158333334,71.9291806487695,2243.2641740740737,,,-5565.77082729263,-2105.3303541684386,-2105.3303541684386,2353.468795414557,0,0,0,0,0,0,0,0,0
2024-04-15 12:00:00,2351.63,2359.991,2346.064,2357.131,85357,71011.0,52.36454638552989,30.830599877689142,,2363.6550666666667,62.19921004658683,2321.8135374999997,73.90624999999991,2243.607605555556,,,-5564.2492066101895,-2104.754779947063,-2104.754779947063,2353.5413143172386,0,0,0,0,0,0,0,0,0
2024-04-15 13:00:00,2357.085,2370.6,2353.9,2365.445,98423,74793.95,54.441322092867665,38.53431181779431,,2364.029816666667,66.40925663358314,2322.344475,76.81243008948547,2243.9628185185184,,,-4855.198061501744,-2102.8304496832266,-2102.8304496832266,2353.777030865412,0,0,0,0,0,0,0,0,0
2024-04-15 14:00:00,2365.561,2378.12,2363.5,2375.97,62733,74590.2,55.16354717105365,48.286725598116796,,2364.5984333333336,71.27341980646472,2322.914475,80.49147091722584,2244.335874074074,,,-4181.000429082891,-2102.1612394404715,-2102.1612394404715,2354.2164956007505,0,0,1,1,0,0,0,0,0
2024-04-15 15:00:00,2375.825,2387.55,2373.6,2386.298,72863,76335.6,55.92208750590679,57.85660013713569,,2365.4384833333334,76.45615488145752,2323.5269666666663,84.10164988814304,2244.727518518518,,,-3560.7861466025456,-2101.4583796576167,-2101.4583796576167,2354.851772915587,0,0,0,0,0,0,0,0,0
2024-04-15 16:00:00,2386.35,2386.68,2379.7,2383.266,27469,74695.75,54.42966706710703,55.04716369229619,,2366.2202333333335,74.39624234747725,2324.1046166666665,83.04180648769572,2245.117714814815,,,-3563.1293301087935,-2102.841249173378,-2102.841249173378,2355.4144308776545,0,0,0,0,0,0,0,0,0
2024-04-15 17:00:00,2382.97,2382.97,2382.3,2382.3,3,69877.45,53.47257948348598,54.152072793313685,,2367.1263833333333,73.32326935518654,2324.6492625,82.70413870246087,2245.5033351851853,,,-3564.6320111105224,-2103.7280818707154,-2103.7280818707154,2355.9468183850277,0,0,1,1,0,0,0,0,0
2024-04-15 18:00:00,2382.416,2392.16,2379.89,2384.35,23788,68222.45,51.98736852200062,56.05159281703427,,2368.018883333333,74.42850981237854,2325.209054166667,83.42072147650998,2245.8925018518516,,,-3326.2139197651754,-3168.4457156297512,-3168.4457156297512,2356.509257624928,0,0,0,0,0,0,0,0,0
2024-04-15 19:00:00,2384.311,2387.31,2380.975,2381.92,18582,67186.55,51.68624646712296,53.79996664257508,,2368.7432166666667,73.1183955143411,2325.7438041666665,82.57130872483219,2246.276261111111,,,-3326.654788341319,-3326.654788341319,-3326.654788341319,2357.012440642256,0,0,1,1,0,0,0,0,0
2024-04-15 20:00:00,2381.911,2387.66,2379.9,2383.54,44850,68243.35,51.79065326564867,55.30105075888121,,2369.5143833333336,73.99180504636605,2326.3043875,83.1375838926174,2246.6618018518516,,,-3326.501927812307,-3326.501927812307,-3326.501927812307,2357.53773884736,0,0,0,0,0,0,0,0,0
2024-04-15 21:00:00,2383.43,2386.97,2379.183,2383.76,66128,69225.05,51.66583772219689,55.50490168825636,,2370.221633333333,74.11041621738194,2326.8601791666665,83.21448545861301,2247.0461629629626,,,-3326.6846684984534,-3326.6846684984534,-3326.6846684984534,2358.0569915434517,0,0,0,0,0,0,0,0,0
2024-04-15 22:00:00,2383.606,2387.91,2379.385,2385.985,47040,67458.7,51.5494756540239,57.56657586034353,,2370.9349666666667,75.2030539311241,2327.431304166667,83.99223993288591,2247.437338888889,,,-3326.8550325700376,-3326.8550325700376,-3326.8550325700376,2358.6100214138783,0,0,0,0,0,0,0,0,0
2024-04-15 23:00:00,2385.993,2389.35,2384.1,2387.9,39006,65710.55,51.58650811253475,59.341005541038804,,2371.7517500000004,75.8742027710578,2327.9884291666667,84.66163310961967,2247.835783333333,,,-3326.8008138670552,-3326.8008138670552,-3326.8008138670552,2359.1900209898413,0,0,0,0,0,0,0,0,0
2024-04-16 00:00:00,2388.21,2388.28,2383.7,2386.13,32597,63363.35,49.21284200627182,57.700932154704255,,2372.443866666667,74.90103364855946,2328.549495833334,84.0429250559284,2248.231783333333,,,-3330.276065113377,-3330.276065113377,-3330.276065113377,2359.7234859207356,0,0,0,0,0,0,0,0,0
2024-04-16 01:00:00,2385.993,2389.06,2384.5,2386.213,37118,62506.45,49.248976359020496,57.77783955078668,,2373.05235,74.87760502811778,2329.0893,84.0719379194631,2248.6290611111112,,,-4615.529885560998,-3330.223161314442,-3330.223161314442,2360.2480307539886,0,0,0,0,0,0,0,0,0
2024-04-16 02:00:00,2386.6,2388.15,2368.594,2372.885,90760,64637.65,48.05165234370964,45.42817961120071,,2373.3304166666667,67.52949608556624,2329.5862375,79.41310123042508,2249.0070148148147,,,-4985.27496454419,-3331.9761466081536,-3331.9761466081536,2360.4982677687613,0,0,1,1,0,0,0,0,0
2024-04-16 03:00:00,2372.93,2375.32,2362.844,2365.55,78218,65522.1,46.87027832834742,38.631604306814175,,2373.4,63.48550005513288,2330.043945833333,76.84913310961971,2249.371616666667,,,-6029.873815137656,-3333.705779730701,-3333.705779730701,2360.59830207037,0,0,0,0,0,0,0,0,0
2024-04-16 04:00:00,2365.57,2371.89,2365.0,2369.265,64336,63968.4,46.949719769364144,42.07390522784946,,2373.342,65.53368618370257,2330.5145708333334,78.14772091722585,2249.743233333333,,,-7899.762178437207,-3333.5894706313825,-3333.5894706313825,2360.7699198511546,0,0,0,0,0,0,0,0,0
2024-04-16 05:00:00,2369.411,2373.24,2367.2,2372.28,59208,60450.8,46.11614699939937,44.86758955541967,,2373.3464000000004,67.19594222075203,2330.978191666667,79.2016219239374,2250.1186685185185,,,-7902.605583983545,-3334.8098928298023,-3334.8098928298023,2360.9978422303398,0,0,0,0,0,0,0,0,0
2024-04-16 06:00:00,2372.185,2375.31,2368.575,2370.23,59580,55559.4,44.872775904976606,42.96806953169867,,2373.3002333333334,66.06571838129885,2331.434691666667,78.48503914988811,2250.489585185185,,,-7906.846855283938,-3336.630295006053,-3336.630295006053,2361.1806572356795,0,0,0,0,0,0,0,0,0
2024-04-16 07:00:00,2370.063,2375.261,2369.595,2373.883,58603,53333.1,46.0774424105129,46.35292155445565,,2373.2986166666665,68.0797221303339,2331.9004458333334,79.76195469798647,2250.8660537037035,,,-7902.737609460713,-3334.866559675409,-3334.866559675409,2361.432188775567,0,0,1,1,0,0,0,0,0
2024-04-16 08:00:00,2373.961,2378.2,2368.385,2376.23,87550,53442.75,46.253598844251975,48.52764033283282,,2373.287283333333,69.37369059433226,2332.3824375,80.58235458612971,2251.2508981481483,,,-7902.136721093477,-3334.608651512048,-3334.608651512048,2361.7252147404074,0,0,1,1,0,0,0,0,0
2024-04-16 09:00:00,2376.055,2379.261,2365.128,2366.181,140006,55521.9,44.70718591281096,39.21628583606665,,2373.0802833333337,63.83338846620349,2332.835141666667,77.06970078299774,2251.6276185185184,,,-8745.705931061653,-3336.872732990542,-3336.872732990542,2361.813448111884,0,0,0,0,0,0,0,0,0
2024-04-16 10:00:00,2366.23,2383.34,2363.435,2382.83,142448,59507.65,48.01487889492812,54.6431682140803,,2372.951066666667,73.01246002866895,2333.32485,82.88940156599546,2252.035544444445,,,-8733.226896193632,-3332.0299860986247,-3332.0299860986247,2362.229617456203,0,0,1,1,0,0,0,0,0
2024-04-16 11:00:00,2382.94,2392.931,2377.49,2385.64,124524,62090.7,48.408669627037305,57.24690053927808,,2372.870716666667,74.56169368177291,2333.8456666666666,83.87164429530192,2252.449798148148,,,-7692.476253441565,-3294.26741327721,-3294.26741327721,2362.6931893877636,0,0,0,0,0,0,0,0,0
2024-04-16 12:00:00,2385.926,2398.22,2385.07,2397.348,89058,65170.15,48.962964346645705,68.09547636255793,,2373.0901833333337,80.64313020013479,2334.423858333333,87.96420581655474,2252.8944981481477,,,-6540.821561661497,-3059.2171211820096,-3059.2171211820096,2363.379423261273,0,0,0,0,0,0,0,0,0
2024-04-16 13:00:00,2397.406,2397.63,2379.615,2384.651,113601,70850.05,43.25869767740688,56.330497952224434,,2373.0985166666665,72.73889403054122,2334.9423875,83.52593680089475,2253.3130888888886,,,-6556.94624130091,-3066.888064229855,-3066.888064229855,2363.800642602634,0,0,0,0,0,0,0,0,0
2024-04-16 14:00:00,2384.651,2396.38,2383.2,2392.28,91984,74259.85,49.4397209202128,63.39949222586684,,2373.1794999999997,76.33029721955899,2335.4688458333335,86.19267337807608,2253.7428814814816,,,-6539.473877995826,-3058.575991877301,-3058.575991877301,2364.364590273869,0,0,0,0,0,0,0,0,0
2024-04-16 15:00:00,2392.31,2395.16,2388.6,2389.575,53760,76018.75,53.87632855363247,60.893052389688506,,2373.0884166666665,74.64860643921169,2335.9614500000002,85.24713366890369,2254.1656074074076,,,-6526.932585499729,-3052.6097623065266,-3052.6097623065266,2364.86380630805,0,0,0,0,0,0,0,0,0
2024-04-16 16:00:00,2389.67,2390.32,2378.275,2382.616,24705,75011.5,55.31543509361198,54.444876855506564,,2372.799016666667,70.46852474771732,2336.3996416666664,82.81459731543619,2254.571451851852,,,-6522.864554801008,-4102.896340311046,-4102.896340311046,2365.215334896009,0,0,1,1,0,0,0,0,0
2024-04-16 17:00:00,2382.69,2382.7,2382.3,2382.7,6,71705.4,59.13064786088362,54.52271084672229,,2372.5661833333334,70.51898125900986,2336.826954166667,82.84395973154352,2254.980590740741,,,-6512.079805911162,-4384.7943710006875,-4384.7943710006875,2365.5615658881675,0,0,1,1,0,0,0,0,0
2024-04-16 18:00:00,2382.111,2386.95,2381.074,2384.91,17065,70206.65,58.741326177648176,56.570486091806735,,2372.3469333333333,71.84646804420932,2337.269495833333,83.61647091722585,2255.3935351851856,,,-6625.538806446346,-5178.607116025196,-5178.607116025196,2365.9447031973127,0,0,0,0,0,0,0,0,0
2024-04-16 19:00:00,2384.745,2386.881,2382.0,2382.603,20052,69258.95,58.16607128021935,54.43283111877085,,2372.088816666667,70.46071600192208,2337.6898833333335,82.81005313199103,2255.803266666667,,,-6627.192550581544,-6514.806447082194,-6514.806447082194,2366.2745704607323,0,0,1,1,0,0,0,0,0
2024-04-16 20:00:00,2382.651,2384.7,2380.615,2384.39,33874,69322.8,56.00622048654334,56.08865662237512,,2371.90615,71.53411821239769,2338.1251666666667,83.43470357941825,2256.2158777777777,,,-6633.401694734703,-6520.911859773499,-6520.911859773499,2366.6332918377475,0,0,0,0,0,0,0,0,0
2024-04-16 21:00:00,2384.38,2385.56,2381.0,2384.6,56152,70274.5,54.505989917424024,56.283241600414854,,2371.7202666666662,71.66025949062933,2338.547833333333,83.50810961968672,2256.6268037037034,,,-6637.714561111357,-6525.152674362824,-6525.152674362824,2366.989068237,0,0,0,0,0,0,0,0,0
2024-04-16 22:00:00,2384.61,2386.2,2382.193,2382.32,35735,67523.25,56.839690413269125,54.17060469598412,,2371.3587666666667,70.29072561268619,2338.9639916666665,82.711129753915,2257.03365,,,-6631.005633424582,-6518.555827642321,-6518.555827642321,2367.2926510441885,0,0,1,1,0,0,0,0,0
2024-04-16 23:00:00,2382.361,2383.691,2380.6,2381.69,29438,65084.25,56.19230330889335,53.58684976186493,,2370.609916666667,69.91230177799127,2339.373575,82.49091163310959,2257.439996296296,,,-6632.866743398351,-6520.385845463373,-6520.385845463373,2367.5777470631156,0,0,1,1,0,0,0,0,0
2024-04-17 00:00:00,2381.621,2383.08,2380.0,2381.931,16182,62676.55,55.41550878380013,78.09499475538603,,2370.3836833333335,70.05706391158087,2339.7775625,82.57515380313197,2257.8424055555556,,,-6635.099874130255,-6522.581668973926,-6522.581668973926,2367.861969893549,0,0,0,0,0,0,0,0,0
2024-04-17 01:00:00,2381.93,2382.07,2373.9,2377.541,41492,61790.75,54.53002021162773,72.19144186546927,,2370.5243666666665,67.42011052378662,2340.1686041666667,81.04061800894856,2258.236925925926,,,-9536.883140577303,-6525.084746122764,-6525.084746122764,2368.053633856053,0,0,0,0,0,0,0,0,0
2024-04-17 02:00:00,2377.535,2381.55,2372.4,2381.01,75496,62586.55,55.75577937830983,76.85645894408479,,2370.9533666666666,69.50384430562231,2340.5643124999997,82.25321588366893,2258.629407407407,,,-8972.285904809127,-6521.619800491029,-6521.619800491029,2368.310195561873,0,0,0,0,0,0,0,0,0
2024-04-17 03:00:00,2381.021,2383.25,2377.7,2382.378,62671,62789.95,55.094082930942,78.69610822732078,,2371.6808166666665,70.32556463238825,2340.9827625000003,82.731403803132,2259.0248425925924,,,-9184.724205584846,-6523.490267608193,-6523.490267608193,2368.5887659467867,0,0,0,0,0,0,0,0,0
2024-04-17 04:00:00,2382.54,2393.59,2382.2,2392.93,67255,61775.2,58.98557328685713,92.88615152900677,,2372.5094333333336,76.66386352715018,2341.4903708333327,86.41988255033546,2259.443283333333,,,-9647.266166443456,-6512.489899121323,-6512.489899121323,2369.070770581504,1,0,0,0,0,0,0,0,0
2024-04-17 05:00:00,2392.91,2394.32,2389.6,2392.12,61502,57850.0,59.189945977542486,91.79688550603811,,2373.32335,76.17731859682827,2341.9859541666665,86.13674496644286,2259.8563574074074,,,-10163.488813807038,-6511.912183464705,-6511.912183464705,2369.5271909660287,1,0,0,0,0,0,0,0,0
2024-04-17 06:00:00,2392.09,2393.81,2384.915,2386.65,57783,53616.75,58.12813354999108,84.44097791882982,,2373.8193333333334,72.89163863527143,2342.4638124999997,84.224692393736,2260.2543296296294,,,-10557.80960971716,-6514.91368851771,-6514.91368851771,2369.866256491454,0,0,0,0,0,0,0,0,0
2024-04-17 07:00:00,2386.62,2390.32,2385.6,2387.32,52536,50017.35,58.76339530943055,85.34197574029788,,2374.197166666667,73.2940893801057,2342.94185,84.45889261744968,2260.6580703703703,,,-10554.911517748915,-6513.117946321195,-6513.117946321195,2370.2118751747917,0,0,0,0,0,0,0,0,0
2024-04-17 08:00:00,2387.33,2388.04,2378.1,2383.36,90978,50113.35,56.287080074065784,80.01667518356183,,2374.698483333333,70.91542527630943,2343.3987583333337,83.0746644295302,2261.0588796296297,,,-10566.20857630441,-6520.117932852642,-6520.117932852642,2370.472234082222,0,0,0,0,0,0,0,0,0
2024-04-17 09:00:00,2383.27,2395.11,2382.7,2393.25,118791,50372.85,57.999028742857405,93.31647884672303,,2375.3258166666665,76.57465953307381,2343.8918,86.53173937360174,2261.4876296296293,,,-10191.109516764154,-6627.672764861728,-6627.672764861728,2370.9232789518805,1,0,0,0,0,0,0,0,0
2024-04-17 10:00:00,2393.28,2395.54,2385.995,2390.41,117275,51637.4,57.46954304448139,89.49732390199297,,2375.8406499999996,74.84800583657567,2344.3726958333336,85.53901006711399,2261.914138888889,,,-10004.020989436178,-6629.194931595596,-6629.194931595596,2371.3091546162,0,0,0,0,0,0,0,0,0
2024-04-17 11:00:00,2390.409,2393.92,2381.74,2382.151,105973,54248.05,57.54847832548255,78.39084478631554,,2376.235,69.82672665369628,2344.7867833333335,82.65205536912742,2262.3177296296294,,,-10003.679868947842,-6628.968008263698,-6628.968008263698,2371.5238446238,0,0,0,0,0,0,0,0,0
2024-04-17 12:00:00,2382.13,2384.391,2360.86,2372.36,122712,59148.4,54.96611357793886,65.22417363707297,,2376.4973333333332,63.87402723735405,2345.1453666666666,79.22958612975391,2262.71102037037,,,-6649.059649429275,-6172.092843742188,-6172.092843742188,2371.540402156002,0,0,0,0,0,0,0,0,0
2024-04-17 13:00:00,2372.364,2375.961,2367.66,2372.096,88467,63571.45,54.49719756613531,64.86915359995706,,2376.6804333333334,63.71352140077809,2345.4715666666666,79.13730425055925,2263.106138888889,,,-6650.41177172398,-6173.347972253439,-6173.347972253439,2371.551404093507,0,0,0,0,0,0,0,0,0
2024-04-17 14:00:00,2371.56,2379.1,2371.31,2374.35,59388,65687.6,53.81182398179431,67.90027164411929,,2377.0083499999996,65.08390077820995,2345.8021916666667,79.92519574944063,2263.509009259259,,,-6652.3880508022385,-6175.182483988827,-6175.182483988827,2371.6068218342293,0,0,0,0,0,0,0,0,0
2024-04-17 15:00:00,2374.35,2375.08,2367.6,2372.555,48140,67092.0,51.620741848420685,65.48640434630578,,2377.3321,63.99258268482468,2346.119941666667,79.29774888143167,2263.903962962963,,,-6658.706050033422,-6181.047264859742,-6181.047264859742,2371.625597639492,0,0,0,0,0,0,0,0,0
2024-04-17 16:00:00,2372.63,2373.303,2354.31,2360.395,24628,66629.7,46.47590947556104,49.13396627309646,,2377.4797666666664,56.599586575875364,2346.3822083333334,75.0471895973154,2264.2810018518517,,,-5597.4632319292705,-5255.828035810628,-5255.828035810628,2371.403209567423,0,0,1,1,0,0,0,0,0
2024-04-17 17:00:00,2360.64,2360.64,2357.7,2360.2,6,63822.4,43.81112281001297,48.87173556386303,,2377.6552666666666,56.481031128404446,2346.6340625000003,74.97902684563749,2264.6598444444444,,,-5603.9264544991165,-5261.896782486893,-5261.896782486893,2371.1813638334143,0,0,1,1,0,0,0,0,0
2024-04-17 18:00:00,2361.271,2367.68,2360.64,2365.075,15513,62811.3,45.72356821462314,55.427503294693324,,2377.794183333333,59.44491731517487,2346.9102083333332,76.68309563758379,2265.048927777778,,,-5599.287974255095,-5329.146887777858,-5329.146887777858,2371.060445737703,0,0,0,0,0,0,0,0,0
2024-04-17 19:00:00,2365.2,2368.14,2363.4,2367.793,16927,62185.75,46.617484529544235,59.08259594954435,,2377.9573833333334,61.09739785992213,2347.1853875,77.63317953020135,2265.4401,,,-5597.119853190528,-5485.363716354758,-5485.363716354758,2370.995743841907,0,0,0,0,0,0,0,0,0
2024-04-17 20:00:00,2367.815,2370.1,2366.5,2369.76,29545,62853.9,46.59681467451653,61.72776418063026,,2378.166866666667,62.2932879377432,2347.486545833334,78.32074944071591,2265.8349981481483,,,-5597.16998623692,-5597.16998623692,-5597.16998623692,2370.9712736668193,0,0,0,0,0,0,0,0,0
2024-04-17 21:00:00,2369.741,2372.08,2363.9,2367.221,64926,64025.6,46.573132463269395,58.31338586912677,,2378.4767666666667,60.74963521400767,2347.7572999999998,77.43323545861294,2266.233055555556,,,-5597.22742550747,-5597.22742550747,-5597.22742550747,2370.897010821932,0,0,0,0,0,0,0,0,0
2024-04-17 22:00:00,2367.153,2374.93,2366.4,2373.06,49968,62749.2,47.60387038950824,54.86590725625634,,2378.870933333333,64.29961089494148,2348.057375,79.47427293064871,2266.6500555555554,,,-5594.727454791391,-5594.727454791391,-5594.727454791391,2370.9398422908043,0,0,1,1,0,0,0,0,0
2024-04-17 23:00:00,2373.051,2375.39,2372.0,2374.81,35653,61398.3,47.96790423947391,55.11542296188382,,2379.25985,65.36357003891035,2348.3709583333334,80.08598993288585,2267.07257037037,,,-5593.844520399041,-5593.844520399041,-5593.844520399041,2371.0164790771246,0,0,0,0,0,0,0,0,0
2024-04-18 00:00:00,2374.706,2376.58,2372.8,2375.02,22807,59175.9,47.487408398678255,47.65342960288815,,2379.5579999999995,65.49124513618663,2348.6874166666666,80.14551560095138,2267.4942888888886,,,-5595.009923845066,-5595.009923845066,-5595.009923845066,2371.0957567191617,0,0,1,1,0,0,0,0,0
2024-04-18 01:00:00,2375.011,2377.12,2373.708,2376.711,41009,58151.25,47.43344481298479,51.0157139603733,,2379.7457666666664,66.5193336575873,2349.0124416666663,80.71003222642553,2267.919674074074,,,-5823.975145637485,-5595.14080811791,-5595.14080811791,2371.206949655416,0,0,1,1,0,0,0,0,0
2024-04-18 02:00:00,2376.74,2380.91,2375.9,2380.59,65582,58541.2,48.74140108866535,59.849692552949875,,2379.8227666666667,68.87767509727624,2349.3680208333335,82.03733595340023,2268.350407407407,,,-7664.534420103469,-5591.968466920527,-5591.968466920527,2371.3927526325365,0,0,0,0,0,0,0,0,0
2024-04-18 03:00:00,2380.531,2380.96,2374.7,2377.715,56859,58757.35,48.09357585764408,53.302209063995164,,2379.6797166666665,67.12974221789881,2349.709041666667,81.02183375456332,2268.768240740741,,,-8653.720165637327,-5593.5397141459,-5593.5397141459,2371.517945649714,0,0,1,1,0,0,0,0,0
2024-04-18 04:00:00,2377.753,2380.74,2377.0,2379.93,51936,56805.25,51.663400467499265,58.3466180824413,,2379.624116666667,68.47641050583636,2350.0714,81.7993541140128,2269.1875185185186,,,-8640.324951341436,-5584.881395907106,-5584.881395907106,2371.6845209833828,0,0,0,0,0,0,0,0,0
2024-04-18 05:00:00,2379.823,2380.81,2377.5,2379.561,40299,52880.65,53.42067099937011,57.50626281029444,,2379.578466666667,68.25206712062254,2350.4379875000004,81.66982589160348,2269.603668518518,,,-8633.731065668375,-5580.6192796522655,-5580.6192796522655,2371.8404908649,0,0,0,0,0,0,0,0,0
2024-04-18 06:00:00,2379.425,2384.06,2377.1,2383.03,46141,49323.95,53.364653659442865,65.40651332270633,,2379.556466666667,70.36113813229572,2350.8120291666664,82.88753159224937,2270.0200018518517,,,-7734.270071732964,-5580.755145138385,-5580.755145138385,2372.0620653032183,0,0,0,0,0,0,0,0,0
2024-04-18 07:00:00,2382.893,2385.35,2378.8,2380.931,54304,46740.5,52.124122826401845,60.626281029378696,,2379.5399833333336,69.08499513618668,2351.1722333333328,82.15073013198536,2270.427225925926,,,-8338.429935528357,-5583.763951427593,-5583.763951427593,2372.2376877724614,0,0,0,0,0,0,0,0,0
2024-04-18 08:00:00,2380.795,2387.51,2380.4,2385.35,95239,45366.85,53.669796025358465,70.69004782509694,,2379.5701499999996,71.77164396887143,2351.5726916666667,83.70190957596171,2270.846188888889,,,-8585.672512000787,-5580.015047234151,-5580.015047234151,2372.4973375195414,0,0,0,0,0,0,0,0,0
2024-04-18 09:00:00,2385.35,2392.801,2375.295,2379.576,141242,48005.6,51.367674544869296,57.540423593714785,,2379.5004166666668,68.26118677042791,2351.9537166666664,81.67509126649813,2271.258977777778,,,-7863.788052974877,-5585.5986549966765,-5585.5986549966765,2372.637509053808,0,0,0,0,0,0,0,0,0
2024-04-18 10:00:00,2379.545,2384.92,2369.2,2379.848,130921,51582.25,50.877933725467344,58.15987246640878,,2379.398133333333,68.42655642023333,2352.338491666667,81.77057006458853,2271.668974074074,,,-8003.259632104583,-5586.786481383778,-5586.786481383778,2372.7802910527425,0,0,0,0,0,0,0,0,0
2024-04-18 11:00:00,2380.15,2385.61,2378.445,2384.12,87084,53529.45,54.47859193608785,67.88886358460498,,2379.3351333333335,71.02383268482471,2352.7097500000004,83.27014883459692,2272.0873166666665,,,-7990.801038247552,-5578.053378762821,-5578.053378762821,2373.004839744767,0,0,0,0,0,0,0,0,0
2024-04-18 12:00:00,2384.06,2388.77,2381.425,2387.921,69029,55749.5,51.358128764799076,76.54520610339328,,2379.3649833333334,73.33475194552507,2353.1091708333333,84.60439483291198,2272.5096296296297,,,-8768.765846881615,-5585.621807507156,-5585.621807507156,2373.3002092547717,0,0,0,0,0,0,0,0,0
2024-04-18 13:00:00,2387.855,2389.31,2382.1,2384.771,63614,58929.9,49.76859618569831,69.37144158506112,,2379.34095,71.41962548638132,2353.5177666666664,83.49866610502667,2272.926048148148,,,-9827.682741469813,-5589.47708904754,-5589.47708904754,2373.527353625964,0,0,0,0,0,0,0,0,0
2024-04-18 14:00:00,2384.771,2384.8,2379.485,2381.533,47917,60550.1,45.589719850304206,61.99726713732645,,2379.485083333333,69.45099708171189,2353.882904166667,82.36204717775895,2273.337424074074,,,-9845.389094316699,-5599.612612538673,-5599.612612538673,2373.685881276935,0,0,0,0,0,0,0,0,0
2024-04-18 15:00:00,2381.465,2385.12,2378.0,2380.07,40252,61716.35,48.63711822352341,58.66545206103463,,2379.727083333333,68.56152723735407,2354.1999041666663,81.84849761303005,2273.74472962963,,,-9832.476936470764,-5592.22139649885,-5592.22139649885,2373.8122994694713,0,0,0,0,0,0,0,0,0
2024-04-18 16:00:00,2380.11,2380.47,2376.5,2379.036,13079,60893.05,45.8988777962196,56.310635390572074,,2379.889933333333,67.93287937743182,2354.5922875000006,81.48553777028921,2274.1503611111107,,,-9844.079158526203,-5827.849336540705,-5827.849336540705,2373.915739083937,0,0,0,0,0,0,0,0,0
2024-04-18 17:00:00,2379.036,2379.285,2378.1,2379.15,33,57648.4,46.719160104986926,56.57025734456895,,2380.0044333333335,68.00218871595325,2354.9612249999996,81.52555461948887,2274.556564814815,,,-9840.603533303683,-5995.143903496958,-5995.143903496958,2374.019387814948,0,0,0,0,0,0,0,0,0
2024-04-18 18:00:00,2378.641,2380.61,2377.79,2379.005,7109,55505.45,48.8126631725009,56.24003643816954,,2380.1506833333337,67.91403210116727,2355.336245833333,81.47465599550685,2274.96,,,-9831.733133458276,-5989.704961750799,-5989.704961750799,2374.1181128087114,0,0,0,0,0,0,0,0,0
2024-04-18 19:00:00,2379.081,2381.48,2378.6,2379.766,10989,54272.25,49.03954432368739,57.973126850376254,,2380.2487333333333,68.37670233463028,2355.711891666667,81.74178601516424,2275.363205555556,,,-9830.771813382065,-5989.115522268357,-5989.115522268357,2374.229952159034,0,0,0,0,0,0,0,0,0
2024-04-18 20:00:00,2379.84,2379.86,2373.4,2379.333,34433,54853.55,48.152858647483214,56.98701890230067,,2380.30045,68.1134484435797,2356.089566666667,81.58979219320412,2275.7682814814816,,,-9834.528796883631,-5991.4191404549565,-5991.4191404549565,2374.3310026113304,0,0,0,0,0,0,0,0,0
2024-04-18 21:00:00,2379.43,2417.889,2378.6,2409.255,144049,60005.55,57.46228538789779,86.42004435426793,,2381.01835,86.30532587548633,2356.6150458333336,92.09316203313674,2276.229101851852,,,-4747.967127302034,-3612.588613554941,-3612.588613554941,2375.022566916057,1,0,0,0,0,0,0,0,0
2024-04-18 22:00:00,2409.31,2414.84,2395.308,2400.46,122855,62869.2,54.32952916707086,72.58686044134063,,2381.3121833333335,80.59239063080919,2357.1512541666666,89.005897219882,2276.6730055555554,,,-4754.40134492989,-3826.8960621258325,-3826.8960621258325,2375.5262784622732,0,0,0,0,0,0,0,0,0
2024-04-18 23:00:00,2400.265,2402.601,2382.708,2391.31,114962,65774.35,51.72470518079847,58.19531606347992,,2381.406683333333,74.51190326237548,2357.6410375,85.79401853411954,2277.0985796296295,,,-4759.751267882246,-4033.110263618912,-4033.110263618912,2375.8388274036142,0,0,0,0,0,0,0,0,0
2024-04-19 00:00:00,2391.32,2391.39,2379.195,2383.521,64050,66380.05,50.30019746544356,45.94441560892773,,2381.176233333333,69.04092891968182,2358.0865625,83.0598848638023,2277.5121555555556,,,-4762.676995901625,-4245.076625620869,-4245.076625620869,2375.9909496332452,0,0,1,1,0,0,0,0,0
2024-04-19 01:00:00,2383.48,2384.36,2380.105,2381.29,60246,67377.4,49.900811363050224,42.435395334937546,,2381.120216666667,67.58890743356004,2358.5166875,82.27674810446496,2277.926572222222,,,-5222.637480359073,-4286.056768299002,-4286.056768299002,2376.0958813236757,0,0,0,0,0,0,0,0,0
2024-04-19 02:00:00,2381.291,2391.89,2378.505,2390.01,77312,68935.95,51.922518620755355,56.15061576935808,,2381.0823833333334,73.1865451277443,2358.9757708333336,85.33768604324628,2278.3586796296295,,,-5218.093194675635,-4282.312103167762,-4282.312103167762,2376.371408426177,0,0,0,0,0,0,0,0,0
2024-04-19 03:00:00,2389.915,2393.89,2384.2,2385.38,71702,69805.85,51.863278743077174,48.86833702952244,,2381.0124666666666,69.76804795413078,2359.4183125,83.71244032575117,2278.784133333333,,,-5218.2263509112845,-4495.206201823538,-4495.206201823538,2376.549796378134,0,0,1,1,0,0,0,0,0
2024-04-19 04:00:00,2385.251,2386.37,2377.875,2384.18,73102,68699.0,50.761704295339335,46.98092137340916,,2381.038533333333,68.59018773301638,2359.8140625,83.20958041588025,2279.2122388888893,,,-5220.702411168287,-4761.729129176295,-4761.729129176295,2376.700889519161,0,0,1,1,0,0,0,0,0
2024-04-19 05:00:00,2384.171,2386.13,2379.8,2381.03,53340,64303.9,49.678845750662326,42.02645527611347,,2381.0107,66.5115972153486,2360.201625,82.09844970810775,2279.6343962962965,,,-5223.136402817182,-4763.953160363373,-4763.953160363373,2376.786614479178,0,0,0,0,0,0,0,0,0
2024-04-19 06:00:00,2381.02,2383.16,2379.22,2381.07,52921,60403.9,47.02542185838407,42.08936913131717,,2380.9467,66.53799201557293,2360.5771208333335,82.11255930439691,2280.0547425925924,,,-5229.100627439624,-4769.402900329851,-4769.402900329851,2376.8714339944418,0,0,0,0,0,0,0,0,0
2024-04-19 07:00:00,2381.001,2381.28,2372.7,2376.751,72922,59695.8,46.212012914992805,35.29624561569102,,2380.849166666667,63.688013461348135,2360.92225,80.58907564507312,2280.4643351851855,,,-5148.350233651975,-4771.0735219145845,-4771.0735219145845,2376.8690491628686,0,0,0,0,0,0,0,0,0
2024-04-19 08:00:00,2376.761,2384.441,2374.4,2381.391,84193,60454.0,48.698492835399804,42.594252819327224,,2380.7991833333335,66.74981028737332,2361.2983333333336,82.22578881461752,2280.880074074074,,,-5142.847832801311,-4765.966660158527,-4765.966660158527,2376.958592743802,0,0,0,0,0,0,0,0,0
2024-04-19 09:00:00,2381.48,2386.81,2372.991,2378.553,116567,63101.65,47.85336160585293,38.130514792620005,,2380.6984,63.286660228996894,2361.664008333333,81.22471295790041,2281.300912962963,,,-5144.718047299411,-4767.702434624109,-4767.702434624109,2376.990165164717,0,0,0,0,0,0,0,0,0
2024-04-19 10:00:00,2378.575,2391.989,2378.3,2390.985,111771,66294.35,51.79264135417891,57.68414098994964,,2380.8428166666663,70.08725619592313,2362.0441416666667,85.56338028169014,2281.738051851852,,,-5136.0007051402,-4759.611737036716,-4759.611737036716,2377.2672906069997,0,0,0,0,0,0,0,0,0
2024-04-19 11:00:00,2391.25,2396.01,2389.145,2394.765,83474,68455.45,50.36671265703286,63.629500306704756,,2381.0607333333332,71.36834777227702,2362.3661208333333,86.90105456861764,2282.1833944444447,,,-5139.156182573084,-4762.540383542386,-4762.540383542386,2377.6137799019107,0,0,0,0,0,0,0,0,0
2024-04-19 12:00:00,2394.781,2399.9,2389.7,2399.515,62163,70909.65,52.18371507374986,71.1005206121515,,2381.3537999999994,75.04254331683147,2362.671725,88.58199447943935,2282.6373111111106,,,-5506.683163090252,-4758.808529495853,-4758.808529495853,2378.047467428605,0,0,0,0,0,0,0,0,0
2024-04-19 13:00:00,2399.593,2401.93,2391.79,2393.515,62464,74031.2,52.75536330837569,61.663442331587184,,2381.620033333333,70.4014542079206,2362.948558333333,86.45870196050666,2283.075690740741,,,-7758.752672792218,-4757.634448626198,-4757.634448626198,2378.3537552022963,0,0,0,0,0,0,0,0,0
2024-04-19 14:00:00,2393.561,2398.11,2392.21,2398.005,38534,75602.45,56.38205211158946,68.72552257820985,,2381.9032833333335,73.87453589108908,2363.247954166667,88.04763252884136,2283.5226444444443,,,-7924.454149464279,-4750.1857665764255,-4750.1857665764255,2378.742888762647,0,0,0,0,0,0,0,0,0
2024-04-19 15:00:00,2397.99,2398.21,2386.3,2387.495,42021,77154.05,53.64626990779543,52.19490712342102,,2381.988566666667,65.74489480198001,2363.5072250000003,84.32833179984421,2283.9482074074076,,,-7933.81365067466,-4755.804658325679,-4755.804658325679,2378.9161978960597,0,0,1,1,0,0,0,0,0
2024-04-19 16:00:00,2387.521,2392.201,2386.2,2390.295,19825,76423.65,53.76581785203136,56.598876987684655,,2381.94465,67.91073638613857,2363.787158333333,85.31920164201286,2284.3802444444445,,,-7933.404660102521,-5131.6342077672725,-5131.6342077672725,2379.141520709999,0,0,0,0,0,0,0,0,0
2024-04-19 17:00:00,2391.77,2391.77,2391.77,2391.77,1,69221.25,54.5449814794666,58.918825398323236,,2381.9388166666668,69.0516707920791,2364.0473458333336,85.84117771958377,2284.8150037037035,,,-7930.739030176298,-5129.909974818025,-5129.909974818025,2379.3915896068306,0,0,0,0,0,0,0,0,0
2024-04-21 18:00:00,2391.77,2391.77,2381.149,2383.76,25820,64369.5,55.63726554621042,46.32032589377025,,2381.8906500000003,62.85581683168324,2364.2731375,83.00658220680872,2285.231905555556,,,-7927.002170556921,-5127.492828904764,-5127.492828904764,2379.478092782933,0,0,1,1,0,0,0,0,0
2024-04-21 19:00:00,2383.741,2387.83,2382.6,2386.47,23670,59804.9,56.26215721423395,50.58273958382448,,2381.8764833333335,64.95204207920766,2364.602245833333,83.96560266119317,2285.656683333333,,,-7924.864327012537,-5126.109988682534,-5126.109988682534,2379.6165463911916,0,0,1,1,0,0,0,0,0
2024-04-21 20:00:00,2386.47,2386.51,2380.8,2382.15,36621,58433.45,54.081081468663584,43.788043221818626,,2381.8563166666668,61.61045792079205,2364.8979124999996,82.43683204756174,2286.0733129629634,,,-7932.326098293995,-5130.93655210631,-5130.93655210631,2379.6667137893855,0,0,0,0,0,0,0,0,0
2024-04-21 21:00:00,2382.191,2384.221,2375.6,2378.03,67309,58786.6,52.430448387694184,37.307916135831306,,2381.6026500000003,58.42357673267333,2365.197491666667,80.978837851228,2286.4795685185186,,,-7937.973149546029,-5134.589284145014,-5134.589284145014,2379.634303615338,0,0,0,0,0,0,0,0,0
2024-04-21 22:00:00,2378.06,2378.1,2372.4,2372.631,38004,56821.2,50.67069723544713,28.816118529702983,,2381.3063333333334,47.75054105384025,2365.399204166666,79.06822846627495,2286.875357407407,,,-7862.2732907706495,-5103.935682834424,-5103.935682834424,2379.4956243358265,0,0,0,0,0,0,0,0,0
2024-04-21 23:00:00,2372.67,2372.9,2361.664,2369.31,62675,56369.85,50.48623686648386,23.592695701410776,,2381.0923166666666,44.8169250474802,2365.4880791666665,77.89298605704573,2287.263209259259,,,-5739.774904717474,-4110.587395524269,-4110.587395524269,2379.293928804424,0,0,0,0,0,0,0,0,0
2024-04-22 00:00:00,2369.233,2372.871,2368.6,2369.63,32289,54329.2,49.18057851634546,24.09600654304113,,2381.046816666667,45.09959807429011,2365.588454166667,78.0062283247222,2287.6572462962963,,,-5743.017487417862,-4112.90959801451,-4112.90959801451,2379.1025638776036,0,0,0,0,0,0,0,0,0
2024-04-22 01:00:00,2369.69,2370.45,2360.751,2365.425,58567,54590.55,47.78393286390968,17.48218751474576,,2380.935633333333,41.38509783136806,2365.685225,76.5181541510369,2288.042472222222,,,-5616.860698744776,-4048.0364505864636,-4048.0364505864636,2378.8317210285422,0,0,0,0,0,0,0,0,0
2024-04-22 02:00:00,2365.481,2366.99,2351.265,2355.801,81244,56006.7,45.65501462722062,6.808357348703231,,2380.6264833333335,32.883706550064026,2365.7737500000003,73.11239295066878,2288.4105481481483,,,-4550.6957177001495,-3460.629781119072,-3460.629781119072,2378.375667146789,0,0,0,0,0,0,0,0,0
2024-04-22 03:00:00,2355.771,2361.14,2354.8,2360.991,66387,55679.95,46.50141100853731,14.598342939481382,,2380.4337499999997,37.46830970363502,2365.8771125,74.94904097954557,2288.7859203703706,,,-4549.025143573403,-3625.2671474501817,-3625.2671474501817,2378.0314163121993,0,0,0,0,0,0,0,0,0
2024-04-22 04:00:00,2361.05,2363.04,2357.745,2359.52,52008,54070.7,45.259927830320215,12.390429875120194,83.85943907865224,2380.4191666666666,36.16889713351886,2365.968058333333,74.42848043032058,2289.162364814815,83.85943907865224,2156.8235057971015,-4912.142021875965,-4491.984323222824,-4491.984323222824,2377.664853612948,0,0,0,0,0,0,0,0,0
2024-04-22 05:00:00,2359.52,2363.643,2358.975,2361.26,45957,50540.2,46.27915285434541,15.002101344861174,84.24809913958705,2380.4368333333337,37.70593171679719,2366.071933333333,75.04423526081115,2289.544698148148,84.24809913958705,2157.0604804347827,-4909.970917340817,-4549.463825413316,-4549.463825413316,2377.3400050265527,0,0,0,0,0,0,0,0,0
2024-04-22 06:00:00,2361.105,2361.44,2356.025,2357.514,42452,47074.25,44.966090276218345,9.379502881844722,83.41136316932176,2380.3108166666666,34.39689059670525,2366.155408333333,73.71859296482413,2289.921122222222,83.41136316932176,2157.293070289855,-5633.913693872809,-4552.055481543043,-4552.055481543043,2376.9474108676113,0,0,0,0,0,0,0,0,0
2024-04-22 07:00:00,2357.621,2357.66,2339.295,2342.091,78104,46805.75,42.11834887086457,3.557523475074204,79.96636080162249,2379.8824499999996,20.772934057682964,2366.1639416666662,68.26066954490757,2290.269688888889,79.96636080162249,2157.5126826086957,-4377.6591731855915,-3667.5607106715793,-3667.5607106715793,2376.257184909837,0,1,0,0,0,0,0,0,0
2024-04-22 08:00:00,2342.11,2350.4,2332.935,2336.821,98245,48609.85,40.35322853385102,4.574240177036937,78.78921222626265,2379.3334666666665,16.117662647409595,2366.1618624999996,66.26438823362218,2290.609690740741,78.78921222626265,2157.7290746376807,-3896.629168804534,-3322.8230617670156,-3322.8230617670156,2375.4762703571673,0,1,0,0,0,0,0,0,0
2024-04-22 09:00:00,2336.751,2343.731,2330.965,2338.46,123014,51637.35,41.11652617707965,8.622474805577163,79.15531213423512,2378.854116666667,17.56547855660099,2366.2013166666666,66.36874729710243,2290.9441814814813,79.15531213423512,2157.947618115942,-4026.815218188568,-3226.7293367475945,-3226.7293367475945,2374.74327490455,0,1,0,0,0,0,0,0,0
2024-04-22 10:00:00,2338.501,2343.771,2333.0,2341.075,94517,54436.5,40.66877141809383,11.630849937876391,79.73941906489276,2378.321033333333,19.875447197561876,2366.2585833333333,67.31115756090516,2291.2851814814812,79.73941906489276,2158.1677789855075,-4123.316641609332,-3227.3602882856567,-3227.3602882856567,2374.076576391589,0,1,0,0,0,0,0,0,0
2024-04-22 11:00:00,2341.135,2341.81,2332.6,2334.74,72726,55971.75,40.57282949680824,4.3428742349634595,78.3243837280987,2377.6532,13.75372172599197,2366.2832083333333,64.91431050690566,2291.6165537037036,78.3243837280987,2158.382481884058,-4300.721365673724,-3227.4954843982273,-3227.4954843982273,2373.2976342848247,0,1,0,0,0,0,0,0,0
2024-04-22 12:00:00,2334.7,2336.471,2328.7,2329.791,53809,57670.95,39.678075214760916,1.223245019004973,77.21893623294586,2376.899383333334,9.355197084833367,2366.2915249999996,62.991145946730576,2291.935333333333,77.21893623294586,2158.591076811594,-4633.647621022742,-3125.7980674385335,-3125.7980674385335,2372.436116774234,0,1,0,0,0,0,0,0,0
2024-04-22 13:00:00,2329.98,2335.02,2329.2,2329.953,45208,59931.3,38.637994034459204,1.4048817679311936,77.25512182482596,2376.1200833333337,9.499177887392856,2366.297454166667,62.9881506251817,2292.2553944444444,77.25512182482596,2158.7928036231883,-5181.135760103001,-3127.218361280268,-3127.218361280268,2371.5948669371205,0,1,0,0,0,0,0,0,0
2024-04-22 14:00:00,2329.991,2331.13,2324.555,2327.465,36492,60464.9,37.248582613391,3.1178348726083747,76.69938261125952,2375.2346666666667,7.28791716660023,2366.2536833333334,62.07830449323837,2292.5252833333334,76.69938261125952,2158.992227536232,-4734.05583530631,-2956.131072551352,-2956.131072551352,2370.7210081858907,0,1,0,0,0,0,0,0,0
2024-04-22 15:00:00,2327.97,2332.0,2327.1,2329.26,29567,60759.75,38.22427567129545,5.041035421175956,77.10032790400545,2374.4270833333335,8.883260009776755,2366.2137875,62.730841936891146,2292.7965425925922,77.10032790400545,2159.1946188405796,-4981.655353151117,-2954.870079907857,-2954.870079907857,2369.899998122804,0,1,0,0,0,0,0,0,0
2024-04-22 16:00:00,2329.64,2330.21,2325.2,2326.385,12668,59562.1,38.283235176639636,1.9607002807126839,76.45814533205866,2373.5346666666665,6.328045149535906,2366.164004166667,61.68569143521891,2293.0567833333334,76.45814533205866,2159.3951804347826,-5387.702992396284,-2954.793880224052,-2954.793880224052,2369.0383149916593,0,1,0,0,0,0,0,0,0
2024-04-22 17:00:00,2326.791,2326.81,2326.1,2326.1,4,56196.85,38.475828493337865,1.6553453189620804,76.39448549449169,2372.64365,6.074745589476974,2366.1109,61.582085211574764,2293.316598148148,76.39448549449169,2159.5979014492755,-5848.54474904485,-2954.544971252552,-2954.544971252552,2368.1880513284577,0,1,0,0,0,0,0,0,0
2024-04-22 18:00:00,2327.871,2331.42,2326.6,2330.283,18647,55229.0,39.72794963528564,6.137099020721331,77.32883321569287,2371.7645333333335,9.792472114829131,2366.0758291666666,63.102733750181706,2293.556359259259,77.32883321569287,2159.8047702898552,-5845.341410061151,-2952.926720988322,-2952.926720988322,2367.437456252647,0,1,0,0,0,0,0,0,0
2024-04-22 19:00:00,2330.48,2333.911,2327.7,2333.77,20096,53100.05,40.572622796885526,9.873143763258959,78.10771691252017,2370.9785166666666,12.891614451406538,2366.055808333333,64.3703649847317,2293.7967481481483,78.10771691252017,2160.0214260869566,-5843.180457437328,-3100.9196622131662,-3100.9196622131662,2366.7707739506145,0,1,0,0,0,0,0,0,0
2024-04-22 20:00:00,2333.74,2333.841,2329.985,2332.68,29425,52956.85,40.41394380594881,8.705294962178815,77.86424595480814,2370.1006833333336,11.922854730480314,2366.0304333333333,63.97411662061937,2294.044414814815,77.86424595480814,2160.234161594203,-6192.601480802596,-3101.1350976770686,-3101.1350976770686,2366.0957091199093,0,1,0,0,0,0,0,0,0
2024-04-22 21:00:00,2332.551,2334.43,2295.408,2298.791,102535,55155.25,35.26414441957385,2.762061054367828,70.2945328484762,2368.7542666666673,2.4807145161765307,2365.8554999999997,51.654427802821054,2294.218398148148,70.2945328484762,2160.422705797101,-3630.6365346983675,-2335.028210284239,-2335.028210284239,2364.7629426026833,0,1,0,0,0,0,0,0,0
2024-04-22 22:00:00,2298.38,2314.26,2298.1,2301.832,85757,55380.9,36.02895844074369,5.244895126591036,70.9737944837075,2367.4539999999997,4.71064441380926,2365.6969208333335,52.75992438563322,2294.4006425925927,70.9737944837075,2160.6124826086957,-4108.559502398983,-2344.6784433275093,-2344.6784433275093,2363.5167853234225,0,1,0,0,0,0,0,0,0
2024-04-22 23:00:00,2301.735,2307.242,2300.794,2302.57,49735,54548.3,28.506440915629497,5.847437561744473,71.13863995782815,2366.0948333333336,5.251811222245216,2365.519658333333,53.02820997527997,2294.5854203703707,71.13863995782815,2160.8022652173913,-4687.264146319205,-2352.4849620020013,-2352.4849620020013,2362.309918287315,0,1,0,0,0,0,0,0,0
2024-04-23 00:00:00,2302.51,2308.18,2301.5,2305.511,29806,53438.2,30.40874858145054,8.24862631755133,71.79556480794828,2364.7213333333334,7.4084122840466105,2365.358704166667,54.097353497164434,2294.7747,71.79556480794828,2160.9937260869565,-4683.330751645961,-2450.714387719968,-2450.714387719968,2361.185187232121,0,1,0,0,0,0,0,0,0
2024-04-23 01:00:00,2305.511,2314.84,2304.0,2308.232,54917,53886.2,32.390968901549854,10.470195377242222,72.40334873082384,2363.4456833333334,9.403689907019066,2365.2092916666666,55.08652028500798,2294.9660370370375,72.40334873082384,2161.1830463768115,-4876.981662640506,-2484.0475852324234,-2484.0475852324234,2360.1366092671283,0,1,0,0,0,0,0,0,0
2024-04-23 02:00:00,2308.33,2310.01,2298.718,2301.922,73958,55461.5,32.595332249794154,5.318375911365935,70.9938975903076,2362.1188333333334,4.776640366057629,2365.0298791666664,52.792642140468224,2295.1416796296294,70.9938975903076,2161.368357246377,-5510.587798626989,-2547.839469165779,-2547.839469165779,2358.983844727185,0,1,0,0,0,0,0,0,0
2024-04-23 03:00:00,2301.922,2311.23,2301.0,2309.022,66514,54882.0,34.89924191135293,11.11519337693194,72.57980933320225,2360.9347,9.982987710087118,2364.882316666667,55.373709466337026,2295.33155,72.57980933320225,2161.5594601449275,-5706.626169061503,-2733.6486698696935,-2733.6486698696935,2357.9945012672406,0,1,0,0,0,0,0,0,0
2024-04-23 04:00:00,2308.93,2309.78,2301.5,2303.213,58455,52892.5,31.639978847170767,6.372416946302102,71.28226548609314,2359.670983333334,5.7233156366411535,2364.6711999999998,53.26196015704529,2295.519925925926,71.28226548609314,2161.7468898550724,-5801.260881433122,-2921.2925478150305,-2921.2925478150305,2356.9097190639286,0,1,0,0,0,0,0,0,0
2024-04-23 05:00:00,2303.115,2303.44,2291.265,2295.555,71318,50307.7,31.239792316721093,3.387983320697463,69.57171448227793,2358.2777333333333,3.0530548340034542,2364.4132083333334,50.478042751199595,2295.6869648148145,69.57171448227793,2161.9294514492753,-5235.781785435609,-2769.43509997215,-2769.43509997215,2355.6947741319696,0,1,0,0,0,0,0,0,0
2024-04-23 06:00:00,2295.602,2306.17,2295.1,2303.3,50488,48106.25,33.55749995934106,9.504517311094489,71.30169848913987,2357.0159833333328,8.564921894459866,2364.1637875,53.2935873200524,2295.864198148148,71.30169848913987,2162.1181586956523,-5230.412371228219,-2851.1807792393265,-2851.1807792393265,2354.6572538521286,0,1,0,0,0,0,0,0,0
2024-04-23 07:00:00,2303.29,2303.29,2299.4,2302.14,53131,47126.5,33.83123324506674,8.588419257012871,71.04259178184996,2355.722216666667,7.7393872540298005,2363.9377416666666,52.87189181329063,2296.0395777777776,71.04259178184996,2162.3066876811595,-5229.778215579601,-2981.0944427268873,-2981.0944427268873,2353.6173082312944,0,1,0,0,0,0,0,0,0
2024-04-23 08:00:00,2302.14,2313.591,2301.0,2311.87,82494,48560.75,36.35904876048696,16.2725865554713,73.215960973169,2354.5978333333333,14.663914884531879,2363.760320833333,56.40904464155877,2296.232522222222,73.215960973169,2162.5029608695654,-5223.922046193709,-3115.4576684068475,-3115.4576684068475,2352.7906288603776,0,1,0,0,0,0,0,0,0
2024-04-23 09:00:00,2311.705,2330.761,2309.398,2329.53,126059,52603.3,41.156751776290434,30.965001011531655,77.16063722380567,2353.269083333333,27.231968117283024,2363.6778916666667,62.82899520139601,2296.4876055555555,77.16063722380567,2162.718697826087,-5212.807247130108,-3108.8289925442878,-3108.8289925442878,2352.3300223482906,0,0,0,0,0,0,0,0,0
2024-04-23 10:00:00,2329.584,2332.09,2314.345,2320.135,139996,57778.5,38.72909797456437,25.930516634332367,75.06209626260913,2351.9303333333332,20.545849197594762,2363.530579166667,59.41362512723578,2296.753411111111,75.06209626260913,2162.926488405797,-5218.431372698801,-3112.1831247415384,-3112.1831247415384,2351.6924971532753,0,0,0,0,0,0,0,0,0
2024-04-23 11:00:00,2320.291,2324.51,2314.9,2323.182,86176,60608.95,39.81974826532525,28.841097004472893,75.74269810494707,2350.7948666666666,22.714300964309746,2363.407295833333,60.521302893703556,2297.028501851852,75.74269810494707,2163.1359072463765,-5215.904672152616,-3208.329535781501,-3208.329535781501,2351.1279328532105,0,0,0,0,0,0,0,0,0
2024-04-23 12:00:00,2323.182,2331.13,2321.3,2330.204,67240,63337.55,38.598274950008104,35.18637328875464,77.3111871554551,2349.90625,27.711632210084485,2363.3642291666665,63.074014832048896,2297.3070000000002,77.3111871554551,2163.3461956521737,-5517.860930924621,-3392.825852925661,-3392.825852925661,2350.7135975491865,0,0,0,0,0,0,0,0,0
2024-04-23 13:00:00,2330.38,2331.35,2324.9,2326.195,60456,66360.15,37.14820146042323,31.563728369403428,76.41570544034738,2348.988,24.85855602604719,2363.286275,61.6166206194562,2297.5762444444445,76.41570544034738,2163.549189130435,-5521.412856189986,-3811.814997107582,-3811.814997107582,2350.2280807660345,0,0,0,0,0,0,0,0,0
2024-04-23 14:00:00,2326.251,2329.711,2323.3,2324.151,44455,67650.55,35.730082630857495,29.71671260109337,75.95914155267454,2347.89035,23.403907056186092,2363.19015,60.87356405409328,2297.83795,75.95914155267454,2163.7465014492755,-5524.886509171163,-4295.766040774633,-4295.766040774633,2349.7117029290835,0,0,0,0,0,0,0,0,0
2024-04-23 15:00:00,2324.181,2325.28,2321.0,2322.175,34560,68373.75,36.282985056260245,27.931143541318683,75.51776667887745,2346.8369333333335,21.997651496281705,2363.0758375,60.15522757016145,2298.0986574074072,75.51776667887745,2163.9370195652173,-5523.532186022595,-4294.7130136436335,-4294.7130136436335,2349.166421682963,0,0,0,0,0,0,0,0,0
2024-04-23 16:00:00,2322.26,2323.37,2321.1,2321.535,14760,67640.5,35.07564639020735,27.352821578638224,75.37481125416573,2345.7928500000003,21.54218410845811,2362.952441666667,59.92256798022386,2298.3592500000004,75.37481125416573,2164.130571014493,-5526.489537317274,-4463.724114372913,-4463.724114372913,2348.619264817954,0,0,0,0,0,0,0,0,0
2024-04-23 17:00:00,2321.56,2321.56,2321.56,2321.56,1,62513.8,36.58259634442654,27.3754122803055,75.38039545044356,2344.8016833333336,21.55997580329502,2362.8206375,59.931656245455834,2298.620472222222,75.38039545044356,2164.323186956522,-5522.798294318574,-4987.573339060228,-4987.573339060228,2348.083437791856,0,0,0,0,0,0,0,0,0
2024-04-23 18:00:00,2322.271,2323.06,2320.9,2321.625,10194,58735.65,35.86874207727641,27.434148104640254,75.39491436076585,2343.8109333333337,21.606234209870873,2362.6924083333333,59.95528573505887,2298.880842592592,75.39491436076585,2164.5166036231885,-5524.5468657016745,-5154.602349269153,-5154.602349269153,2347.559508330631,0,0,0,0,0,0,0,0,0
2024-04-23 19:00:00,2321.832,2324.351,2321.5,2323.231,12832,56890.5,35.903300247220415,28.885374779740985,75.75364312965165,2342.9189333333334,22.749172686190285,2362.571120833333,60.539115893558304,2299.142714814815,75.75364312965165,2164.710615217391,-5524.462216173335,-5224.9778750209225,-5224.9778750209225,2347.0777556904204,0,0,0,0,0,0,0,0,0
2024-04-23 20:00:00,2323.231,2323.561,2320.4,2320.793,24371,56618.75,36.74551953218744,26.682329553156155,75.20907230864076,2341.908966666667,21.014126605700586,2362.4288,59.6528282681402,2299.394288888889,75.20907230864076,2164.9035485507247,-6105.310842032436,-5223.026712539823,-5223.026712539823,2346.557265478729,0,0,0,0,0,0,0,0,0
2024-04-23 21:00:00,2320.81,2323.13,2315.94,2318.242,57251,56735.45,35.62846502536122,24.37717435503576,74.63926092045425,2340.9037833333336,19.19866206454845,2362.289725,58.72546168387384,2299.6625611111112,74.63926092045425,2165.094810869565,-6924.966457554711,-5225.614583515906,-5225.614583515906,2345.9965671524174,0,1,0,0,0,0,0,0,0
2024-04-23 22:00:00,2318.185,2322.182,2315.6,2321.505,43368,55205.95,37.16860969468729,27.325712736637826,75.36811021863244,2339.7457833333333,21.52083407465407,2362.1735791666665,59.911662061945634,2299.9384740740743,75.36811021863244,2165.288068115942,-7281.541943728858,-5222.046543044861,-5222.046543044861,2345.5115856246466,0,0,0,0,0,0,0,0,0
2024-04-23 23:00:00,2321.602,2328.13,2320.5,2327.85,37950,53777.75,39.481847908107675,33.05923281977143,76.78537923393756,2338.6305333333335,26.03636622424649,2362.0722875,62.21826377781004,2300.2238944444443,76.78537923393756,2165.485824637681,-10003.155967265518,-5216.687483127289,-5216.687483127289,2345.1618512558416,0,0,0,0,0,0,0,0,0
2024-04-24 00:00:00,2327.815,2330.081,2325.065,2326.611,25784,52144.2,40.18260943766539,31.939637645145275,76.50862646640988,2337.415466666667,25.154609828132173,2361.969375,61.76784935291545,2300.5073037037037,76.50862646640988,2165.682865942029,-12815.792564453594,-5215.064034663122,-5215.064034663122,2344.794507666617,0,0,0,0,0,0,0,0,0
2024-04-24 01:00:00,2326.611,2329.9,2324.2,2328.733,37638,50460.2,41.29924822348316,35.034830987891205,76.98261304646945,2336.3357666666666,26.66476888588422,2361.8551624999996,62.53926130580199,2300.7935407407404,76.98261304646945,2165.882071014493,-13821.281165814848,-5212.477126784475,-5212.477126784475,2344.476458009852,0,0,0,0,0,0,0,0,0
2024-04-24 02:00:00,2328.82,2331.291,2324.1,2326.86,61208,50996.2,40.8896879020509,33.283463462527656,76.5642450613368,2335.1500166666665,25.331815108707378,2361.7279916666666,61.85836847462559,2301.0837814814818,76.5642450613368,2166.079360869565,-14442.605156177455,-5213.425951808064,-5213.425951808064,2344.1276172571816,0,0,0,0,0,0,0,0,0
2024-04-24 03:00:00,2326.85,2326.88,2320.3,2320.68,54388,51059.05,40.54852160247393,29.142228739002853,75.18383174146504,2334.036433333333,20.933708145037823,2361.580679166667,59.61174930929176,2301.3657444444448,75.18383174146504,2166.2718681159417,-14444.771291412862,-5513.083841757529,-5513.083841757529,2343.663308004564,0,0,0,0,0,0,0,0,0
2024-04-24 04:00:00,2320.682,2322.0,2315.8,2319.055,50665,49467.6,41.96668269861401,27.65036565345001,74.82085898340817,2332.8491,19.777247980642564,2361.4391958333335,59.02101206921615,2301.6456925925922,74.82085898340817,2166.46285,-14490.04727105569,-5509.610085245244,-5509.610085245244,2343.176014776751,0,0,0,0,0,0,0,0,0
2024-04-24 05:00:00,2319.151,2319.37,2311.635,2315.022,52872,45808.25,39.89927621257471,23.63762996865831,73.92001643987379,2331.569966666667,16.907091769561973,2361.2746625,57.55489312200084,2301.920437037037,73.92001643987379,2166.6510688405797,-11557.467052235608,-5514.674155021212,-5514.674155021212,2342.618509533647,0,1,0,0,0,0,0,0,0
2024-04-24 06:00:00,2314.99,2318.54,2314.215,2316.751,35501,40583.5,40.61305204753076,26.392585305235144,74.30621945444638,2330.45315,18.13756538447872,2361.1461249999998,58.183437545441386,2302.197435185185,74.30621945444638,2166.8407340579715,-11553.835714043931,-5512.925775756164,-5512.925775756164,2342.106281622089,0,0,0,0,0,0,0,0,0
2024-04-24 07:00:00,2316.735,2317.03,2312.8,2316.035,38541,38201.75,40.02919038569232,26.00661452044715,74.14628807305016,2329.279233333333,17.628011244351082,2361.0153083333335,57.92314962919871,2302.475288888889,74.14628807305016,2167.030654347826,-11556.806113218934,-5514.355932919271,-5514.355932919271,2341.590018619672,0,0,0,0,0,0,0,0,0
2024-04-24 08:00:00,2316.022,2323.48,2311.8,2323.32,88708,39275.15,42.577042973871905,34.48405697319188,75.7735228684006,2328.2987333333335,22.81251111980943,2360.9166833333334,60.57147011778395,2302.7507333333333,75.7735228684006,2167.226552898551,-11543.843900214359,-5508.115020272169,-5508.115020272169,2341.2282360727477,0,0,0,0,0,0,0,0,0
2024-04-24 09:00:00,2323.115,2326.04,2315.725,2321.29,118027,42153.7,45.20566257784668,34.577071457361754,75.32008613064335,2327.353066666667,21.367825499057055,2360.8459541666666,59.83350298095097,2303.015974074074,75.32008613064335,2167.4198028985506,-11530.47078460602,-5501.676270476762,-5501.676270476762,2340.833419516852,0,0,0,0,0,0,0,0,0
2024-04-24 10:00:00,2321.211,2330.43,2316.6,2329.577,104484,45155.15,48.35326210502395,46.93085073804159,77.17113551280794,2326.6355,27.26541650357632,2360.8278999999998,62.84608114003205,2303.3042462962962,77.17113551280794,2167.618043478261,-11514.457355998076,-5493.9662900060275,-5493.9662900060275,2340.610520120478,0,0,1,0,1,0,0,0,0
2024-04-24 11:00:00,2329.578,2337.31,2322.08,2322.601,96347,48244.5,46.480267392259705,38.399137318334624,75.61292138345111,2325.857016666667,22.30082197630158,2360.729404166667,60.31009160971356,2303.594025925926,75.61292138345111,2167.8118594202897,-8822.413758939687,-5327.220404187961,-5327.220404187961,2340.2538959596764,0,0,0,0,0,0,0,0,0
2024-04-24 12:00:00,2322.19,2326.95,2321.37,2325.033,66542,50833.6,46.43675812069094,42.64444023489304,76.15615199735527,2325.113733333333,24.03159805003021,2360.679416666667,61.19419805147588,2303.8949666666663,76.15615199735527,2168.0244166666666,-8822.583220562154,-5942.925987547659,-5942.925987547659,2339.952492079287,0,0,0,0,0,0,0,0,0
2024-04-24 13:00:00,2325.061,2330.56,2321.6,2324.6,59511,53809.1,47.687064899042944,44.02112908550687,76.05943371782381,2324.433316666667,23.72344589545597,2360.6266666666666,60.79449850025597,2304.201351851852,76.05943371782381,2168.234018115942,-8817.713476537414,-6205.7640735361065,-6205.7640735361065,2339.6484823351425,0,0,0,0,0,0,0,0,0
2024-04-24 14:00:00,2324.42,2325.05,2318.2,2320.355,40921,55345.45,47.84071250080091,40.1917709801322,75.11123718985371,2323.8425500000003,20.7024161121589,2360.55435,58.804717539189525,2304.4925648148146,75.11123718985371,2168.440768115942,-8817.115043813918,-8102.455171607964,-8102.455171607964,2339.266433179991,0,0,0,0,0,0,0,0,0
2024-04-24 15:00:00,2320.391,2322.42,2317.5,2318.962,33742,56390.95,47.49896463370793,38.26715300229359,74.80008577325479,2323.142066666667,19.711062875849592,2360.518983333334,58.02589478383804,2304.779661111111,74.80008577325479,2168.645651449275,-8818.446096850306,-8818.446096850306,-8818.446096850306,2338.864365196229,0,0,0,0,0,0,0,0,0
2024-04-24 16:00:00,2318.858,2319.61,2313.4,2315.715,21825,56263.65,47.33545589782668,33.78098317168231,74.07481036069441,2322.4119833333334,17.400277550439608,2360.4611916666668,56.78568769081842,2305.0586611111107,74.07481036069441,2168.848879710145,-8819.082937106905,-8819.082937106905,-8819.082937106905,2338.4059619250165,0,0,0,0,0,0,0,0,0
2024-04-24 17:00:00,2315.76,2315.76,2315.4,2315.7,4,53401.3,46.899976224006394,34.82009262557874,74.07145984292765,2321.6526499999995,17.389602533537264,2360.3872541666665,56.78010276267771,2305.338290740741,74.07145984292765,2169.0505391304346,-8820.779060471345,-8820.779060471345,-8820.779060471345,2337.9563389166005,0,0,0,0,0,0,0,0,0
2024-04-24 18:00:00,2314.711,2318.65,2314.565,2317.98,10417,51753.75,48.073246436480154,40.23646358912592,74.58073854346289,2320.99375,19.01220510265814,2360.3263375000006,57.62901184004765,2305.618827777778,74.58073854346289,2169.2533688405797,-8816.209361493842,-8816.209361493842,-8816.209361493842,2337.560767848945,0,0,0,0,0,0,0,0,0
2024-04-24 19:00:00,2317.922,2318.27,2315.1,2316.2,15666,50639.55,47.74598375286876,42.166229813139175,74.18314376848362,2320.5622333333336,17.745436430274268,2360.244,56.96626703403075,2305.892762962963,74.18314376848362,2169.456452173913,-8817.483997067793,-8817.483997067793,-8817.483997067793,2337.1377823469857,0,0,0,0,0,0,0,0,0
2024-04-24 20:00:00,2316.131,2319.42,2315.1,2319.21,20284,50364.55,47.46537871678081,53.22248885841617,74.85548100033056,2320.2687166666665,19.887556488631176,2360.1761666666666,58.086975947576136,2306.177462962963,74.85548100033056,2169.6593036231884,-8876.262725532106,-8818.576908600753,-8818.576908600753,2336.782776755956,0,0,1,0,1,0,0,0,0
2024-04-24 21:00:00,2319.19,2320.72,2315.7,2319.182,40085,50486.9,46.60706311402205,53.16916161962395,74.84922670049937,2319.947416666667,19.86762979041373,2360.1093833333334,58.07655074838027,2306.4442814814815,74.84922670049937,2169.862022463768,-8879.627349611914,-8821.919909974693,-8821.919909974693,2336.434246523165,0,0,1,0,1,0,0,0,0
2024-04-24 22:00:00,2319.133,2322.06,2318.7,2319.8,27566,48804.8,46.99772498414961,56.45464437629888,74.98726803248663,2319.5928333333336,20.30744048678094,2360.022591666667,58.30664978777278,2306.7122074074073,74.98726803248663,2170.06526884058,-8878.09594282976,-8820.39834475511,-8820.39834475511,2336.104855502904,0,0,0,0,0,0,0,0,0
2024-04-24 23:00:00,2319.771,2320.68,2304.898,2313.171,50397,48605.25,53.83990942299868,47.5751981756975,73.50656254746559,2319.23335,15.58979468384151,2359.8951166666666,55.83848387817403,2306.976394444444,73.50656254746559,2170.266392753623,-6945.137882811967,-6945.137882811967,-6945.137882811967,2335.650719750371,0,0,1,0,1,0,0,0,0
2024-04-25 00:00:00,2313.182,2315.862,2312.0,2315.251,17619,46952.95,53.601777940015985,52.09251818872905,73.97116767777848,2318.991016666667,17.070063694267713,2359.7758666666664,56.61292724700282,2307.246590740741,73.97116767777848,2170.4673318840582,-6945.872584413173,-6945.872584413173,-6945.872584413173,2335.246764903829,0,0,1,0,1,0,0,0,0
2024-04-25 01:00:00,2315.185,2320.86,2314.1,2319.453,36793,46149.0,54.448818690150404,61.218373330437736,74.90975938815075,2318.816016666666,20.060491762445317,2359.6779208333332,58.17745178345369,2307.523740740741,74.90975938815075,2170.674522463768,-6943.2592290196935,-6943.2592290196935,-6943.2592290196935,2334.9340170839514,0,0,0,0,0,0,0,0,0
2024-04-25 02:00:00,2319.453,2323.56,2317.665,2322.635,52107,46979.3,54.50660041686838,68.12900423498816,75.62051589038894,2318.7355166666666,22.325018681279772,2359.597845833333,59.362201206344544,2307.8148740740744,75.62051589038894,2170.884980434783,-8769.353127515971,-6943.080956383887,-6943.080956383887,2334.6904721911997,0,0,0,0,0,0,0,0,0
2024-04-25 03:00:00,2322.73,2326.12,2319.9,2325.59,44328,47268.65,54.5625637413127,74.54663915734655,76.28056789042466,2318.6743500000002,24.427997010995405,2359.5549083333335,60.44770560190701,2308.1106481481484,76.28056789042466,2171.0977992753624,-8769.135048938915,-6942.9082940228955,-6942.9082940228955,2334.510264821077,0,0,0,0,0,0,0,0,0
2024-04-25 04:00:00,2325.66,2328.88,2324.5,2326.831,47042,45185.35,56.726599082920444,77.24182864589034,76.55776739365456,2318.6817833333334,25.311176742696635,2359.5152000000003,60.822383156637294,2308.409057407407,76.55776739365456,2171.313102173913,-9374.411645888926,-6936.231645430992,-6936.231645430992,2334.3582001711543,0,0,0,0,0,0,0,0,0
2024-04-25 05:00:00,2326.768,2327.63,2323.7,2324.93,34045,40986.25,54.42001844915906,73.11325876859574,76.13314510869073,2318.662283333333,23.95829626730234,2359.5026958333333,59.630497204170986,2308.698835185185,76.13314510869073,2171.5261891304344,-9384.029612004186,-6943.348085742486,-6943.348085742486,2334.1715031380622,0,0,0,0,0,0,0,0,0
2024-04-25 06:00:00,2324.873,2328.77,2324.0,2328.18,33708,37447.45,57.037120550184284,80.17157128895624,76.85909062480448,2318.627233333333,26.271216596092856,2359.4917791666667,60.84360117922737,2308.9947759259258,76.85909062480448,2171.7440514492755,-9373.116835334078,-6935.273600672063,-6935.273600672063,2334.0528595115657,0,0,0,0,0,0,0,0,0
2024-04-25 07:00:00,2328.097,2330.66,2326.4,2328.53,41137,34686.95,59.693568585488364,80.93169725268817,76.93726937269373,2318.5399,26.520300323809014,2359.450404166667,60.97588631037877,2309.2873685185186,76.93726937269373,2171.965138405797,-8715.1790676754,-6927.07772249329,-6927.07772249329,2333.943495956881,0,0,0,0,0,0,0,0,0
2024-04-25 08:00:00,2328.464,2334.7,2323.0,2330.66,109673,36843.5,58.3175251714574,85.5576066891083,77.41304289556207,2318.506233333333,28.0361527239084,2359.4228625,61.78093582281344,2309.5767296296294,77.41304289556207,2172.1883753623188,-7538.354723939892,-6931.323197669246,-6931.323197669246,2333.878476234963,0,0,0,0,0,0,0,0,0
2024-04-25 09:00:00,2330.641,2331.23,2312.73,2318.765,153645,41550.2,54.744388066686696,59.72418286458889,74.75608230658571,2318.8391333333334,19.57086432053513,2359.3288625,57.28513115125854,2309.839211111111,74.75608230658571,2172.4016398550725,-7550.344312238568,-6942.347315603256,-6942.347315603256,2333.5791994778347,0,0,0,0,0,0,0,0,0
2024-04-25 10:00:00,2318.853,2344.89,2316.865,2333.924,138218,46415.05,56.10454173033047,79.55058275058295,78.14211556159142,2319.3740000000003,30.359036401807643,2359.290275,63.01458916017837,2310.1285314814813,78.14211556159142,2172.6236188405796,-5623.108267327678,-5623.108267327678,-5623.108267327678,2333.586027210947,0,0,0,0,0,0,0,0,0
2024-04-25 11:00:00,2333.921,2336.7,2327.005,2330.381,93364,49396.15,50.25552639638709,72.94358974358973,77.35072326510183,2319.8375166666665,27.83759740952916,2359.254808333333,61.675485675410016,2310.4152555555556,77.35072326510183,2172.8465471014492,-5637.733730755221,-5637.733730755221,-5637.733730755221,2333.5225613255816,0,0,0,0,0,0,0,0,0
2024-04-25 12:00:00,2330.44,2332.47,2322.855,2328.634,62155,51412.65,52.67481163963202,69.68578088578114,76.96049962920934,2320.2228999999998,26.594313774330182,2359.1882708333333,61.0151938922065,2310.698281481482,76.96049962920934,2173.0731550724636,-5631.68430776251,-5631.68430776251,-5631.68430776251,2333.4257581310158,0,0,0,0,0,0,0,0,0
2024-04-25 13:00:00,2328.634,2332.28,2326.108,2332.095,57959,54310.4,52.79781523683955,76.13986013986,77.73357576190766,2320.6206166666666,29.057396007543556,2359.1149,62.32330486053358,2310.9897481481485,77.73357576190766,2173.2968760869567,-5631.376737255389,-5631.376737255389,-5631.376737255389,2333.399406484857,0,0,0,0,0,0,0,0,0
2024-04-25 14:00:00,2332.131,2335.02,2330.4,2333.07,47539,56166.5,50.93514663464673,77.9580419580425,77.95135941674187,2321.1397500000003,29.75127210618097,2359.0185208333337,62.69181344016936,2311.2857833333333,77.95135941674187,2173.5253326086954,-6874.627100533178,-5636.034340281478,-5636.034340281478,2333.392883584167,0,0,0,0,0,0,0,0,0
2024-04-25 15:00:00,2332.963,2336.46,2331.3,2332.871,38062,57286.3,52.23385175469112,77.58694638694679,77.90690921437059,2321.537233333334,29.609650215279597,2358.8997541666668,62.61659989417191,2311.585674074074,77.90690921437059,2173.7504565217396,-7028.905933598629,-5632.78692799891,-5632.78692799891,2333.3825492557676,0,0,0,0,0,0,0,0,0
2024-04-25 16:00:00,2332.891,2333.74,2330.6,2331.735,16512,57097.7,52.55319148936173,75.46853146853194,77.65316333550744,2322.0126,28.80119560189315,2358.728879166667,62.18724015420669,2311.881988888889,77.65316333550744,2173.9723036231885,-7027.912961786842,-5631.988418960425,-5631.988418960425,2333.3499245180296,0,0,0,0,0,0,0,0,0
2024-04-25 17:00:00,2332.29,2332.29,2331.6,2331.6,3,55093.6,53.2127980147122,73.30789315123523,77.62300867560728,2322.61335,28.705120449774,2358.560479166667,62.13621588933398,2312.1790259259255,77.62300867560728,2174.193825362319,-7025.8619464716985,-5630.339072777813,-5630.339072777813,2333.3152725473756,0,0,0,0,0,0,0,0,0
2024-04-25 18:00:00,2332.471,2334.27,2331.23,2332.57,8535,54142.05,53.753171574529425,72.91712464277914,77.83967549118591,2323.1011833333337,29.39543820944397,2358.3920208333334,62.502834681381856,2312.4767944444443,77.83967549118591,2174.4159847826086,-7024.18168042749,-5628.987868637441,-5628.987868637441,2333.30051467515,0,0,0,0,0,0,0,0,0
2024-04-25 19:00:00,2332.541,2332.62,2329.7,2330.6,10723,52158.35,53.0344938705908,67.44133059922532,77.39964082449536,2323.5755166666663,27.9934526563,2358.211270833333,61.758258371758956,2312.7689888888895,77.39964082449536,2174.6375101449275,-7026.416374780532,-5630.784922308023,-5630.784922308023,2333.2470391370284,0,0,0,0,0,0,0,0,0
2024-04-25 20:00:00,2330.581,2331.44,2328.3,2329.87,14276,51991.2,52.755331876299,62.44248849769933,77.23658229318366,2323.875516666667,27.473935167063964,2358.015270833333,61.48234938392918,2313.0579462962964,77.23658229318366,2174.858426811594,-7027.28441580756,-5631.48296690267,-5631.48296690267,2333.180167074909,0,0,0,0,0,0,0,0,0
2024-04-25 21:00:00,2329.811,2333.24,2326.0,2332.11,38344,52068.75,52.95468310116924,68.04360872174477,77.7369262796744,2323.9185166666666,29.068071024445903,2357.821558333334,62.11418579899654,2313.359168518519,77.7369262796744,2175.081477536232,-7026.664542595899,-5630.984489144943,-5630.984489144943,2333.1589756476833,0,0,0,0,0,0,0,0,0
2024-04-25 22:00:00,2332.101,2336.33,2331.053,2333.88,32360,51081.4,54.37443593943228,72.46949389878017,78.13228737614251,2324.1476,30.327723018894876,2357.585295833333,62.74450110358474,2313.6611129629628,78.13228737614251,2175.305238405797,-7022.249888248067,-5627.434397030864,-5627.434397030864,2333.17325335763,0,0,0,0,0,0,0,0,0
2024-04-25 23:00:00,2333.834,2334.87,2332.078,2334.63,30729,50401.45,55.544578574135,74.34486897379517,78.29981326447646,2324.3384,30.861473864000384,2357.352666666666,63.029910952127246,2313.9652611111114,78.29981326447646,2175.5282239130433,-7018.6113850307065,-5624.508455255752,-5624.508455255752,2333.202099825796,0,0,0,0,0,0,0,0,0
2024-04-26 00:00:00,2334.601,2338.219,2333.404,2335.834,22096,49154.15,54.916452221650104,77.3554710942186,78.56874815721517,2324.4322333333334,31.71832188734289,2357.151225,63.48808889565405,2314.2681759259262,78.56874815721517,2175.751857246377,-8071.181258798724,-5626.079085262964,-5626.079085262964,2333.2542166609287,0,0,0,0,0,0,0,0,0
2024-04-26 01:00:00,2335.881,2338.57,2333.78,2337.8,29291,48916.45,53.51973172215694,82.27145429085883,79.00788935250128,2324.62565,33.11746076931303,2356.9580958333336,64.23624324530027,2314.5736759259257,79.00788935250128,2175.977834057971,-14440.568045038639,-5629.571585011648,-5629.571585011648,2333.3442321725934,0,0,0,0,0,0,0,0,0
2024-04-26 02:00:00,2337.82,2343.12,2337.285,2340.981,50725,49767.3,55.01437664005352,90.2255451090226,79.71842248688831,2324.9061500000003,35.381276020353866,2356.7645958333333,65.44676154958525,2314.8878351851854,79.71842248688831,2176.207595652174,-11190.923381988458,-5625.834225244953,-5625.834225244953,2333.4954552978884,0,0,0,0,0,0,0,0,0
2024-04-26 03:00:00,2341.001,2347.088,2337.9,2345.551,55109,50465.9,55.77002250644974,96.35695662479199,80.73921356646976,2325.2957499999998,38.63359783652986,2356.558391666667,66.9341974077766,2315.2075685185187,80.73921356646976,2176.4389833333335,-10765.506342438968,-5330.950408849366,-5330.950408849366,2333.7341789553557,0,0,0,0,0,0,0,0,0
2024-04-26 04:00:00,2345.61,2350.2,2343.8,2347.01,67887,48376.6,56.932880086979054,92.95836828396182,81.06510726124212,2325.720333333333,39.671921147208636,2356.337683333333,67.45623464373466,2315.5201,81.06510726124212,2176.669026811594,-9376.310412863793,-4962.176327563986,-4962.176327563986,2333.997066500794,0,0,0,0,0,0,0,0,0
2024-04-26 05:00:00,2346.941,2352.55,2346.4,2349.35,42378,42813.25,60.13203092972928,93.28464702425865,81.58778803284396,2326.1834999999996,41.33722378393759,2356.140516666667,68.35457616707605,2315.8136148148146,81.58778803284396,2176.902908695652,-8534.342633032977,-5553.31188426698,-5553.31188426698,2334.301084985927,0,0,0,0,0,0,0,0,0
2024-04-26 06:00:00,2349.215,2350.41,2345.6,2348.02,37882,37796.45,60.257672448596274,90.49357844371654,81.29070879086511,2326.623416666667,40.39070561861721,2355.9319958333335,67.84398034398026,2316.092087037037,81.29070879086511,2177.1360731884056,-8533.869406973214,-5656.635679435949,-5656.635679435949,2334.572746669374,0,0,0,0,0,0,0,0,0
2024-04-26 07:00:00,2347.914,2348.57,2343.1,2344.795,41926,35224.55,60.60450637203542,83.72576177285296,80.57034747102917,2326.982816666666,38.095576984663616,2355.709933333333,66.6058814496314,2316.366725925926,80.57034747102917,2177.3686420289855,-8532.56306451205,-5655.764675107875,-5655.764675107875,2334.7751675274058,0,0,0,0,0,0,0,0,0
2024-04-26 08:00:00,2344.775,2351.62,2340.385,2344.741,98266,37030.1,60.08983158380397,83.61244019138717,80.55828560706911,2327.3819500000004,38.05714692381596,2355.4990625,66.58515049140041,2316.6573148148145,80.55828560706911,2177.6013456521737,-8534.501575955483,-5657.0571783430105,-5657.0571783430105,2334.9725107446848,0,0,0,0,0,0,0,0,0
2024-04-26 09:00:00,2344.75,2350.44,2336.7,2341.32,121856,40224.95,58.940378618051064,76.43330815075966,79.79414418841525,2327.766583333333,35.622531402341515,2355.272258333333,65.27180589680589,2316.950527777778,79.79414418841525,2177.831345652174,-8538.830965657,-5659.9438005573575,-5659.9438005573575,2335.0982036012256,0,0,0,0,0,0,0,0,0
2024-04-26 10:00:00,2341.315,2345.33,2328.605,2333.521,119535,43824.75,53.593850186368584,60.066733820196475,78.05209831759335,2327.96685,30.072234281037762,2354.9785541666665,62.277718058968055,2317.236075925926,78.05209831759335,2178.053684782609,-8558.968549203828,-5673.370541972934,-5673.370541972934,2335.0669718467457,0,0,0,0,0,0,0,0,0
2024-04-26 11:00:00,2333.455,2337.69,2331.164,2336.69,93174,46580.35,55.38228180788741,66.71703181398449,78.75995103776702,2328.114183333333,32.32750951855679,2354.6038416666665,63.24029689191277,2317.536955555556,78.75995103776702,2178.277600724638,-8552.232460233887,-5668.879252114774,-5668.879252114774,2335.099111018097,0,0,0,0,0,0,0,0,0
2024-04-26 12:00:00,2336.611,2338.98,2332.7,2333.517,60384,48773.95,51.42807434685516,60.05833962897603,78.05120484618882,2328.2292833333336,33.36808188021218,2354.3455583333334,62.013684861604965,2317.8271907407407,78.05120484618882,2178.498130434783,-9510.03101128891,-5678.8094566879345,-5678.8094566879345,2335.0677820870455,0,0,0,0,0,0,0,0,0
2024-04-26 13:00:00,2333.67,2340.34,2332.3,2338.451,44093,50978.45,55.831236295674785,70.41257449844677,79.1533018235751,2328.39125,37.264657568865346,2354.2178541666663,63.92106077006338,2318.1266333333333,79.1533018235751,2178.721223188406,-9491.642362515388,-5667.751792326258,-5667.751792326258,2335.1347765011633,0,0,0,0,0,0,0,0,0
2024-04-26 14:00:00,2338.55,2341.43,2337.3,2340.851,27607,51932.05,55.820834007977915,75.44908923025254,79.68938466624374,2328.6244333333334,39.16003285317171,2354.157775,64.84884799752591,2318.429,79.68938466624374,2178.941897826087,-9491.685804936342,-5667.777915600233,-5667.777915600233,2335.2479690456944,0,0,0,0,0,0,0,0,0
2024-04-26 15:00:00,2340.88,2340.93,2335.9,2339.99,28039,52797.85,55.64555178940861,73.64223957021659,79.4970649464363,2328.946266666667,38.48006696992656,2354.163020833333,64.5160043296736,2318.729148148148,79.4970649464363,2179.161854347826,-9492.417825059827,-6336.610475579559,-6336.610475579559,2335.34187064875,0,0,0,0,0,0,0,0,0
2024-04-26 16:00:00,2339.92,2340.15,2335.81,2337.245,21839,53176.0,56.264743846530244,67.88172584571419,78.8839201951341,2329.249433333333,36.31223148850133,2354.1381541666665,63.45484768826341,2319.0230925925925,78.8839201951341,2179.3793217391303,-9489.831932150571,-7632.902024426528,-7632.902024426528,2335.379556378478,0,0,0,0,0,0,0,0,0
2024-04-26 17:00:00,2337.65,2337.91,2337.65,2337.91,2,51258.9,57.06624699792627,69.27726013598524,79.03245981612352,2329.6308999999997,36.837408390194504,2354.1157583333334,63.711922065872805,2319.318666666667,79.03245981612352,2179.5976695652175,-9486.48466486556,-7630.202906220109,-7630.202906220109,2335.4296641729634,0,0,0,0,0,0,0,0,0
2024-04-28 18:00:00,2335.437,2337.91,2332.3,2334.586,18591,50570.45,57.03349210963731,62.301687232434354,78.28998507902747,2329.92815,34.21231362143024,2354.0228208333333,62.42693675583722,2319.6079314814815,78.28998507902747,2179.8140579710143,-9486.62145704885,-8546.013212393022,-8546.013212393022,2335.4129579517166,0,0,0,0,0,0,0,0,0
2024-04-28 19:00:00,2334.528,2336.85,2334.0,2335.82,11457,49606.85,57.431484080667715,64.89129522370519,78.56562100729967,2330.2579,35.18685241344469,2353.9026958333334,62.90397402195765,2319.8975333333333,78.56562100729967,2180.031555797101,-9484.959348170043,-8544.514184253547,-8544.514184253547,2335.4210181902963,0,0,0,0,0,0,0,0,0
2024-04-28 20:00:00,2335.881,2336.25,2330.4,2332.06,23357,49669.9,55.144318597003846,57.00075547720932,77.72575788711877,2330.403566666667,32.217431134697996,2353.8142749999997,61.45044069893299,2320.1837555555553,77.72575788711877,2180.246552173913,-9878.16937389967,-8553.128743514051,-8553.128743514051,2335.354463374647,0,0,0,0,0,0,0,0,0
2024-04-28 21:00:00,2332.001,2332.06,2319.857,2331.08,75313,51971.0,55.468577728776076,54.94417862838866,77.50685739302908,2330.566733333333,31.443486226939584,2353.7120666666665,60.90534979423864,2320.4725333333336,77.50685739302908,2180.460668115942,-7129.013072667032,-6926.217912920838,-6926.217912920838,2335.269820535545,0,0,1,0,1,0,0,0,0
2024-04-28 22:00:00,2330.95,2331.57,2323.7,2324.32,41870,51528.25,51.82761087267526,40.75799546713676,75.99689071951252,2330.479116666667,26.104845842810388,2353.5654,58.118325668407564,2320.7473962962963,75.99689071951252,2180.6701999999996,-7140.475991333723,-6937.354752171137,-6937.354752171137,2335.0529924061284,0,0,0,0,0,0,0,0,0
2024-04-28 23:00:00,2324.14,2329.381,2323.5,2328.43,30892,50317.4,53.21374459626634,49.38302694535314,76.91493258758246,2330.5762666666665,29.35067601718465,2353.44015,59.72016525060402,2321.0265777777777,76.91493258758246,2180.8828355072465,-7411.448371329587,-6933.114903507537,-6933.114903507537,2334.9218440416507,0,0,1,0,1,0,0,0,0
2024-04-29 00:00:00,2328.384,2333.231,2327.1,2332.6,80841,50965.1,54.34092543104017,58.13397129186549,77.84637652671921,2330.7023833333337,32.64389057366689,2353.340066666666,61.34538935224876,2321.3120222222224,77.84637652671921,2181.0984369565217,-8893.793721073152,-6929.6671292599185,-6929.6671292599185,2334.875866931915,0,0,0,0,0,0,0,0,0
2024-04-29 01:00:00,2332.551,2336.55,2329.0,2330.385,58203,51756.35,56.01803943504411,53.48568790397057,77.35161673650637,2330.7988,30.89461713419278,2353.212045833333,60.358511220580226,2321.596012962963,77.35161673650637,2181.3129405797104,-10493.8532450979,-6924.537242115869,-6924.537242115869,2334.7869388738573,0,0,1,0,1,0,0,0,0
2024-04-29 02:00:00,2330.431,2333.59,2327.2,2329.095,55260,52625.25,54.866765098783446,50.77856123562419,77.0634722085719,2330.9444666666664,29.875852918877822,2353.1054625000006,59.85417155367882,2321.876374074074,77.0634722085719,2181.5264514492756,-10499.189889682615,-6928.058712572116,-6928.058712572116,2334.6742272129886,0,0,1,0,1,0,0,0,0
2024-04-29 03:00:00,2329.081,2337.89,2328.5,2337.32,89772,55017.55,56.10825077092432,68.03911693108368,78.90067278396755,2331.250433333333,36.371461966136124,2353.0395875000004,63.069825631402,2322.166725925926,78.90067278396755,2181.7453826086958,-10493.435077314653,-6924.261307402382,-6924.261307402382,2334.7266187533255,0,0,0,0,0,0,0,0,0
2024-04-29 04:00:00,2337.165,2341.3,2335.8,2338.08,55907,52899.6,55.36914851457596,69.63401326282163,79.07043235081255,2331.6231833333336,36.97166413949959,2352.983525,63.33828938101568,2322.4643,79.07043235081255,2181.9662268115944,-10496.861129585306,-6926.522042900344,-6926.522042900344,2334.793022342368,0,0,0,0,0,0,0,0,0
2024-04-29 05:00:00,2338.051,2344.34,2336.5,2343.161,45337,49073.65,56.019238542858396,80.29673465961531,80.20536440231228,2332.0808666666667,40.98433156431647,2352.9564041666667,64.33556020605275,2322.749464814815,80.20536440231228,2182.1906949275362,-9246.570115823735,-6924.533574334343,-6924.533574334343,2334.958724870242,0,0,0,0,0,0,0,0,0
2024-04-29 06:00:00,2343.181,2344.13,2339.7,2341.105,37477,44970.75,54.86264410105459,75.98212037270177,79.74612010042615,2332.4662833333336,39.36062673742738,2352.8912583333336,63.50812942691557,2323.022464814815,79.74612010042615,2182.412434057971,-9251.29418739096,-6928.0713177100015,-6928.0713177100015,2335.0804332886532,0,0,0,0,0,0,0,0,0
2024-04-29 07:00:00,2341.181,2342.95,2334.9,2336.991,41710,42397.55,54.047722925126685,67.34869470326495,78.82718476095168,2332.8127999999997,36.11163760424566,2352.8037166666672,61.85246297488723,2323.297698148148,78.82718476095168,2182.6328579710143,-9254.62270585654,-6930.563964992073,-6930.563964992073,2335.118266292838,0,0,0,0,0,0,0,0,0
2024-04-29 08:00:00,2336.971,2337.54,2328.195,2331.95,67734,42765.05,51.25019897065843,56.769915218667954,77.70118742349645,2333.0251333333335,32.13055976750053,2352.6985458333334,59.82372826786849,2323.567938888889,77.70118742349645,2182.848524637681,-9266.049099494854,-6939.120915882076,-6939.120915882076,2335.0555283464455,0,0,0,0,0,0,0,0,0
2024-04-29 09:00:00,2331.93,2336.59,2325.455,2334.021,103170,45718.9,51.80036328583511,61.116007722655965,78.16378224314931,2333.27245,33.766110689916786,2352.6376874999996,60.12766131005796,2323.8285277777777,78.16378224314931,2183.0664818840582,-9263.8019716299,-6937.4380959659575,-6937.4380959659575,2335.035042636615,0,0,0,0,0,0,0,0,0
2024-04-29 10:00:00,2333.955,2339.54,2333.798,2337.8,87925,48734.8,52.31598614300736,69.04641987744483,79.00788935250128,2333.57245,36.75053702299739,2352.5893125000002,61.66897789379235,2324.095768518518,79.00788935250128,2183.286532608696,-9261.695927202452,-6935.8609300369435,-6935.8609300369435,2335.089794267573,0,0,0,0,0,0,0,0,0
2024-04-29 11:00:00,2337.665,2338.931,2332.3,2337.751,60568,50361.25,56.67111735769502,63.50431565967962,78.9969443277968,2333.9821166666666,36.71183977760949,2352.532129166667,61.648992576882335,2324.3686314814813,78.9969443277968,2183.5070724637685,-9243.907538464604,-7125.227096440231,-7125.227096440231,2335.1424914107893,0,0,0,0,0,0,0,0,0
2024-04-29 12:00:00,2337.751,2346.76,2337.2,2342.681,75791,53058.85,53.315262245307416,75.21597187343019,80.09814783377855,2334.439283333333,40.605256507455195,2352.4719208333336,63.659760176197054,2324.6468370370367,80.09814783377855,2183.729218115942,-9760.037565583281,-7135.792392893298,-7135.792392893298,2335.2917688085954,0,0,0,0,0,0,0,0,0
2024-04-29 13:00:00,2342.618,2346.66,2339.4,2342.19,52392,55678.35,54.576457731031866,73.98292315419366,79.9884742188826,2334.8182333333334,40.21749431387421,2352.375025,63.4594991434864,2324.9281611111114,79.9884742188826,2183.946413768116,-9754.615400984294,-7131.821749422201,-7131.821749422201,2335.428367446049,0,0,0,0,0,0,0,0,0
2024-04-29 14:00:00,2342.151,2343.84,2337.5,2341.271,41707,56834.15,54.928973172843634,71.67503766951293,79.78319916371078,2335.1288333333337,39.491723527925366,2352.2304458333333,63.084672485520876,2325.203848148148,79.78319916371078,2184.1660050724636,-10657.244904140462,-7405.839933385052,-7405.839933385052,2335.5440631401866,0,0,0,0,0,0,0,0,0
2024-04-29 15:00:00,2341.231,2341.31,2332.8,2335.71,47347,58628.65,51.38727924415355,57.70969362129564,78.54105054367733,2335.2975,35.099981046247215,2352.0196625000003,60.816542948038155,2325.467551851852,78.54105054367733,2184.3814666666667,-10673.868672874047,-8432.032564233825,-8432.032564233825,2335.5473490185987,0,0,0,0,0,0,0,0,0
2024-04-29 16:00:00,2335.713,2337.16,2334.9,2335.085,14122,58166.9,50.77535189047332,56.14013058764421,78.40144563673238,2335.4350666666664,34.60639373262579,2351.818908333333,60.56162819153273,2325.7282,78.40144563673238,2184.598510869565,-10676.740897017113,-8434.307133440529,-8434.307133440529,2335.538193592488,0,0,0,0,0,0,0,0,0
2024-04-29 17:00:00,2335.52,2335.52,2334.3,2334.6,5,54401.5,50.66384083177828,54.922149673530384,78.29311222894306,2335.596233333333,34.22336997725546,2351.620158333333,60.36381434048447,2325.9893111111114,78.29311222894306,2184.815804347826,-10677.264300249664,-8434.721626466197,-8434.721626466197,2335.519615501548,0,0,1,0,1,0,0,0,0
2024-04-29 18:00:00,2335.402,2336.29,2333.6,2334.921,9697,52792.85,51.230952307359296,55.72827724761355,78.36481330914997,2335.7085833333335,34.47687642153136,2351.4142041666664,60.49473855942562,2326.253340740741,78.36481330914997,2185.0327108695656,-10674.602429911334,-8432.61364045876,-8432.61364045876,2335.50776172924,0,0,0,0,0,0,0,0,0
2024-04-29 19:00:00,2334.921,2335.061,2332.5,2333.091,13283,51912.4,50.568619524510495,51.132596685082355,77.95605014161517,2335.7846,33.03165276724786,2351.21075,59.74834815237777,2326.517083333333,77.95605014161517,2185.248957971015,-10677.711243724281,-8435.075569547887,-8435.075569547887,2335.459905061334,0,0,1,0,1,0,0,0,0
2024-04-29 20:00:00,2333.12,2334.76,2331.4,2333.971,25792,49159.95,50.53466344062214,53.34254143646383,78.15261385059368,2335.839783333334,33.72662370482693,2351.0042124999995,60.074699975508125,2326.7854370370374,78.15261385059368,2185.4657449275364,-10677.87062454516,-8435.201786266798,-8435.201786266798,2335.430421792793,0,0,1,0,1,0,0,0,0
2024-04-29 21:00:00,2333.96,2336.18,2332.2,2334.02,41416,48320.6,51.32459564974903,48.07342020456777,78.16355887529815,2336.0940333333333,33.76532095021483,2350.7969624999996,59.83236091708433,2327.053453703704,78.16355887529815,2185.6823536231886,-10674.162892983899,-8432.265562763372,-8432.265562763372,2335.402492648381,0,0,1,0,1,0,0,0,0
2024-04-29 22:00:00,2333.937,2334.49,2326.745,2331.31,40228,47569.0,50.54929964295525,35.03196402899673,77.55823199878483,2336.0504666666666,31.625126358352283,2350.5691500000003,58.32071518947952,2327.306435185185,77.55823199878483,2185.8959623188407,-10677.801926106613,-8435.147382660016,-8435.147382660016,2335.321453189997,0,0,0,0,0,0,0,0,0
2024-04-29 23:00:00,2331.221,2331.68,2328.4,2329.151,28004,44480.6,48.87056757891513,28.42810387544676,77.07598080823416,2336.029966666667,29.92007834217833,2350.3243625,57.42506896766288,2327.5553074074073,77.07598080823416,2186.107496376812,-10685.681447646344,-8441.38732639878,-8441.38732639878,2335.199265998116,0,0,0,0,0,0,0,0,0
2024-04-30 00:00:00,2329.151,2329.53,2324.7,2326.39,21339,42752.2,47.16257784916576,19.98287095096767,76.45926217131415,2335.992566666667,27.739607025524332,2350.075445833333,56.27968720831337,2327.797492592593,76.45926217131415,2186.3170949275363,-10324.285685180384,-8447.736022565563,-8447.736022565563,2335.0248250872623,0,0,0,0,0,0,0,0,0
2024-04-30 01:00:00,2326.351,2326.951,2321.3,2323.001,39892,42479.95,45.68096564531111,9.616737527911825,75.70226852389591,2335.8410000000003,25.063179176143755,2349.8120625,54.873783991205386,2328.0302722222223,75.70226852389591,2186.525020289855,-8938.016631400966,-8453.243260434405,-8453.243260434405,2334.78672954098,0,0,0,0,0,0,0,0,0
2024-04-30 02:00:00,2322.91,2323.511,2318.665,2322.324,54737,43342.95,44.96263926382212,10.798288328169047,75.55104848869311,2335.6619,24.528525398028915,2349.601391666666,54.59293522225218,2328.259364814815,75.55104848869311,2186.734854347826,-8092.90749505662,-8092.90749505662,-8092.90749505662,2334.5399428173964,0,1,0,0,0,0,0,0,0
2024-04-30 03:00:00,2322.324,2322.67,2315.0,2317.473,48751,43695.0,42.58046618923514,6.585885486018493,74.46749104294913,2335.4052666666666,20.69749810462474,2349.401070833333,52.58053141399262,2328.4885555555556,74.46749104294913,2186.9416282608695,-7177.572753666378,-7154.973343232837,-7154.973343232837,2334.2019835536853,0,1,0,0,0,0,0,0,0
2024-04-30 04:00:00,2317.413,2318.451,2310.5,2312.88,43411,42478.85,39.847537844575335,5.65992865636171,73.4415625027921,2335.0910166666667,17.0702236542837,2349.166133333333,50.433550108387514,2328.7073277777777,73.4415625027921,2187.1441137681163,-6810.595267412761,-6262.141373842832,-6262.141373842832,2333.7797660575725,0,1,0,0,0,0,0,0,0
2024-04-30 05:00:00,2312.842,2317.41,2312.0,2314.83,41420,39391.35,38.68679801141603,10.297265160522969,73.87712981246031,2334.8115166666666,18.610216072782418,2348.9267583333335,50.27213198401219,2328.9241166666666,73.87712981246031,2187.34814057971,-7373.622856178474,-6265.3425316838675,-6265.3425316838675,2333.404523165343,0,1,0,0,0,0,0,0,0
2024-04-30 06:00:00,2314.822,2317.99,2313.9,2315.345,33439,36667.05,38.25752237986802,11.52199762187819,73.99216425578292,2334.524433333333,19.016932019206376,2348.6980708333335,49.415674689373425,2329.1152851851853,73.99216425578292,2187.552876811594,-8523.040051088314,-6266.526413734468,-6266.526413734468,2333.0469088452373,0,1,0,0,0,0,0,0,0
2024-04-30 07:00:00,2315.471,2315.57,2309.435,2312.76,46988,35988.05,36.455773046285216,7.711933201902481,73.41475836065868,2334.2271000000005,16.975454890068473,2348.4433916666667,48.29264054218445,2329.305,73.41475836065868,2187.757195652174,-8463.895836729522,-6089.696522313993,-6089.696522313993,2332.645187878005,0,1,0,0,0,0,0,0,0
2024-04-30 08:00:00,2312.671,2313.44,2304.5,2306.04,97362,37066.6,35.05688209246374,3.20499479708628,71.9137264011865,2333.8299333333334,11.668404094010663,2348.1509333333333,45.373186202102666,2329.4724592592593,71.9137264011865,2187.95334057971,-7138.858502382947,-5370.191949615534,-5370.191949615534,2332.1183524744797,0,1,0,0,0,0,0,0,0
2024-04-30 09:00:00,2306.03,2313.33,2302.6,2307.74,102982,39596.1,36.665203215753415,10.29029029028998,72.29345174807672,2333.423766666667,13.010961587060807,2347.907429166667,45.54394591272267,2329.6592,72.29345174807672,2188.150202898551,-6747.870151233625,-5131.192927500522,-5131.192927500522,2331.6356128215198,0,1,0,0,0,0,0,0,0
2024-04-30 10:00:00,2307.43,2310.75,2293.22,2293.291,129369,43979.2,33.22311785881993,0.11966964436266134,69.0660096673606,2332.747283333333,1.6000126358354583,2347.53435,37.016099690740425,2329.8054888888887,69.0660096673606,2188.341493478261,-5260.700377423598,-4221.1372471818495,-4221.1372471818495,2330.8763135577274,0,1,0,0,0,0,0,0,0
2024-04-30 11:00:00,2293.218,2300.52,2293.0,2295.9,91534,46188.55,35.11053998059323,4.869857262804504,69.6487763909116,2332.101783333333,3.660443517816693,2347.1604333333335,37.97699470513061,2329.953744444444,69.6487763909116,2188.5378528985507,-5229.016813384473,-4199.943192000367,-4199.943192000367,2330.1837132892574,0,1,0,0,0,0,0,0,0
2024-04-30 12:00:00,2295.9,2299.36,2294.1,2294.642,63158,48640.35,36.68372344725064,2.7573467674220327,69.36777963421274,2331.4152499999996,2.66695097295927,2346.732491666667,36.26587102411078,2330.091411111111,69.36777963421274,2188.736125362319,-5438.217104248642,-4197.016883468639,-4197.016883468639,2329.4799169865,0,1,0,0,0,0,0,0,0
2024-04-30 13:00:00,2294.65,2297.5,2291.3,2295.905,57570,51518.6,35.84611006614536,7.518367346938805,69.64989323016718,2330.7169999999996,3.6643922163257505,2346.362716666667,36.53073617339324,2330.2282166666664,69.64989323016718,2188.9300492753623,-5585.571792803056,-4066.8119183805507,-4066.8119183805507,2328.815067145183,0,1,0,0,0,0,0,0,0
2024-04-30 14:00:00,2295.911,2297.55,2289.798,2290.09,41493,53108.4,35.20062159638513,0.4653238143810065,68.35100917595133,2329.868816666667,0.2279629326028919,2345.936925,33.77610349791547,2330.3573185185187,68.35100917595133,2189.1171362318837,-5674.512680971485,-3958.0727123408537,-3958.0727123408537,2328.048234132407,0,1,0,0,0,0,0,0,0
2024-04-30 15:00:00,2290.062,2294.89,2288.8,2290.685,48937,54891.1,33.22587442056472,2.956862745097668,68.48391304736288,2328.954383333333,1.4602328625984897,2345.524883333333,33.72087561067259,2330.4850462962963,68.48391304736288,2189.30466884058,-5912.228055829322,-3891.6047715311142,-3891.6047715311142,2327.308368109983,0,1,0,0,0,0,0,0,0
2024-04-30 16:00:00,2290.771,2293.51,2284.8,2285.395,34785,55340.75,30.912783093549947,0.8782287822875274,67.3022971149808,2327.9274666666665,0.4470692544085538,2345.1197958333332,28.165178133280953,2330.580792592593,67.3022971149808,2189.4885347826084,-5822.343046954258,-3637.6488329671547,-3637.6488329671547,2326.4784004246367,0,1,0,0,0,0,0,0,0
2024-04-30 17:00:00,2285.495,2285.82,2285.4,2285.4,5,53270.2,31.099477889955395,0.8979347500746957,67.30341395423639,2326.8616333333334,0.45082613889946527,2344.7143791666667,28.167631759740914,2330.6794962962963,67.30341395423639,2189.672161594203,-5951.150045181018,-3637.3475179309935,-3637.3475179309935,2325.6649667528613,0,1,0,0,0,0,0,0,0
2024-04-30 18:00:00,2285.811,2291.97,2285.67,2291.36,13657,51941.65,34.459354191927176,9.817419934151413,68.63468634686348,2325.9173,4.929032451968193,2344.3245875,31.092354499950957,2330.786681481482,68.63468634686348,2189.859705072464,-6687.292044242619,-3637.7960649985207,-3637.7960649985207,2324.9856604805273,0,1,0,0,0,0,0,0,0
2024-04-30 19:00:00,2291.411,2293.262,2289.83,2291.28,15328,51307.85,34.14420173553509,9.697695300808212,68.61681691877453,2325.0253833333336,4.868922300114977,2343.944075,31.053096476592472,2330.8937185185187,68.61681691877453,2190.0469478260866,-6781.126237615222,-3812.0863791742318,-3812.0863791742318,2324.318221659131,0,1,0,0,0,0,0,0,0
2024-04-30 20:00:00,2291.262,2292.86,2285.575,2286.811,26945,51588.15,33.880382484530045,3.06368068251062,67.61858599215532,2324.0598833333333,1.5110189422115787,2343.537495833333,28.86004514672691,2330.9924796296295,67.61858599215532,2190.2303,-6781.921113333827,-3983.2235312608027,-3983.2235312608027,2323.575504398554,0,1,0,0,0,0,0,0,0
2024-04-30 21:00:00,2286.811,2289.5,2285.6,2287.96,24975,50842.3,33.84243504564354,5.100064557778975,67.8752356530829,2323.17055,2.374350998204101,2343.1348291666663,29.423888507213654,2331.0933685185187,67.8752356530829,2190.4144739130434,-7315.429200371655,-4299.002224893757,-4299.002224893757,2322.870246885712,0,1,0,0,0,0,0,0,0
2024-04-30 22:00:00,2287.875,2288.68,2286.4,2287.951,16414,48926.15,34.72182774171647,5.085539057456162,67.8732253424229,2322.41105,2.3675886061205973,2342.741625,29.419471979585808,2331.1942407407405,67.8732253424229,2190.5983623188404,-7856.418199225886,-4369.932360183129,-4369.932360183129,2322.178776650351,0,1,0,0,0,0,0,0,0
2024-04-30 23:00:00,2287.962,2288.35,2282.745,2284.051,18217,47399.45,34.033393765320156,2.04014684058429,67.00209072308635,2321.533733333333,0.9663766056946944,2342.3347958333334,27.505643340857727,2331.2878907407407,67.00209072308635,2190.780983333333,-7352.334825027553,-4199.666833942809,-4199.666833942809,2321.423771172126,0,1,0,0,0,0,0,0,0
2024-05-01 00:00:00,2284.044,2285.49,2281.3,2283.26,21072,46282.5,35.47104115948591,2.9941949282004816,66.82540675285689,2320.6961166666665,1.4349618197658942,2341.9236666666666,27.117479634900466,2331.3800759259257,66.82540675285689,2190.9615152173915,-7625.904783838804,-4092.253933747318,-4092.253933747318,2320.668052931094,0,1,0,0,0,0,0,0,0
2024-05-01 01:00:00,2283.26,2288.46,2282.2,2287.351,21925,45307.75,35.46236330820689,9.243813015581924,67.73920463175575,2319.8444499999996,4.43007855683835,2341.5478749999997,29.125036804396924,2331.4798370370368,67.73920463175575,2191.144863768116,-11684.899254379898,-4092.2697461585412,-4092.2697461585412,2320.008309308696,0,1,0,0,0,0,0,0,0
2024-05-01 02:00:00,2287.52,2289.74,2286.2,2286.86,28435,45057.55,33.38008517070482,8.493736633058269,67.6295310168598,2318.9446000000003,4.070605978519462,2341.155583333333,28.884090686033993,2331.5786888888892,67.6295310168598,2191.328443478261,-12446.954124193257,-4096.063984747284,-4096.063984747284,2319.3519071441674,0,1,0,0,0,0,0,0,0
2024-05-01 03:00:00,2286.832,2287.97,2283.1,2285.725,35124,44464.35,33.644141042731704,6.7598533455541165,67.37600850584772,2318.040183333333,3.2396459451344755,2340.7528625,28.32711747963483,2331.675438888889,67.37600850584772,2191.5118065217393,-13831.72836281396,-4225.711334757069,-4225.711334757069,2318.686027794778,0,1,0,0,0,0,0,0,0
2024-05-01 04:00:00,2285.85,2286.82,2283.4,2286.27,34966,41344.55,34.23012056178705,7.592422853650775,67.49774398470375,2317.1906000000004,3.6386531858347317,2340.3084458333333,28.59456276376481,2331.7731981481484,67.49774398470375,2191.6954985507246,-13828.12233500439,-4460.241920282312,-4460.241920282312,2318.044126254287,0,1,0,0,0,0,0,0,0
2024-05-01 05:00:00,2286.155,2293.122,2285.3,2291.93,42158,38303.35,32.96375810713408,16.23892453406607,68.7620060219972,2316.424266666667,7.782471502097284,2339.8909875000004,31.372067916380296,2331.8814388888886,68.7620060219972,2191.8825543478265,-16544.048873384232,-4661.696541349503,-4661.696541349503,2317.527014843311,0,1,0,0,0,0,0,0,0
2024-05-01 06:00:00,2291.851,2294.3,2288.7,2293.062,37721,33720.95,33.150432673593386,17.968224870149268,69.01485842945591,2315.7322,8.61123516534986,2339.5010375,31.92756894690344,2331.991775925926,69.01485842945591,2192.0705920289856,-17293.458210203127,-4924.644733579581,-4924.644733579581,2317.0425591038397,0,1,0,0,0,0,0,0,0
2024-05-01 07:00:00,2293.071,2297.13,2291.0,2294.551,38144,31051.45,31.30327086987282,20.242896425297495,69.34745315976157,2315.0443833333334,9.701366874345485,2339.1145,32.65825890666398,2332.098607407407,69.34745315976157,2192.2605492753623,-14213.49797302677,-5330.356374239271,-5330.356374239271,2316.5971816958427,0,1,0,0,0,0,0,0,0
2024-05-01 08:00:00,2294.57,2300.04,2293.9,2298.125,78952,31841.15,33.65953434615322,25.702719217842667,70.1457698596356,2314.4788,12.31797582528595,2338.7593541666665,34.41211110020607,2332.19527962963,70.1457698596356,2192.4537463768115,-11993.812516829632,-5433.020221546659,-5433.020221546659,2316.2313959196877,0,0,0,0,0,0,0,0,0
2024-05-01 09:00:00,2298.181,2303.51,2294.7,2302.942,87609,33343.1,37.12381917605147,33.061411549037295,71.22173279844176,2314.009833333333,15.844614134373803,2338.3830708333335,36.77593483168119,2332.2933574074073,71.22173279844176,2192.6495420289853,-10104.35020632123,-6040.688489741753,-6040.688489741753,2315.9682395648424,0,0,0,0,0,0,0,0,0
2024-05-01 10:00:00,2302.97,2310.5,2297.325,2304.51,124220,37479.45,39.343192692475114,35.45676749159796,71.5719735889853,2313.6796666666664,16.99258359018665,2338.025154166666,37.54539208950836,2332.3834870370374,71.5719735889853,2192.8473804347827,-7677.9342716011615,-6110.5391313915225,-6110.5391313915225,2315.741343731875,0,0,0,0,0,0,0,0,0
2024-05-01 11:00:00,2304.511,2310.46,2302.385,2307.23,81906,39127.9,39.64743069563255,39.611976779712535,72.1795341440097,2313.3263333333334,18.983959176800365,2337.7129833333333,38.88016488369808,2332.4759222222224,72.1795341440097,2193.04920942029,-7676.892360631445,-6109.7099190634835,-6109.7099190634835,2315.5728022718376,0,0,0,0,0,0,0,0,0
2024-05-01 12:00:00,2307.128,2307.45,2301.7,2303.662,58711,40324.2,36.78685885030401,34.16131989000857,71.3825576512423,2312.8440333333333,16.371742966124383,2337.426741666667,37.129257041907806,2332.548677777778,71.3825576512423,2193.249670289855,-7686.688839553803,-6549.498515172739,-6549.498515172739,2315.336944801108,0,0,0,0,0,0,0,0,0
2024-05-01 13:00:00,2303.7,2305.07,2297.455,2299.445,53906,43019.25,35.63704536932872,27.719217842957487,70.4406154231034,2312.3283666666666,13.284378683495735,2337.124029166667,35.05986848562179,2332.6212518518514,70.4406154231034,2193.4483768115942,-7690.626556954402,-6987.128048010828,-6987.128048010828,2315.0222528248487,0,0,0,0,0,0,0,0,0
2024-05-01 14:00:00,2299.38,2328.29,2295.17,2325.231,148892,49781.0,44.34198409919202,67.11121295447604,76.2003788318755,2312.263966666667,32.16291209394612,2336.919366666667,47.713710864658026,2332.739140740741,76.2003788318755,2193.66776884058,-4760.498012131982,-4760.498012131982,-4760.498012131982,2315.2244062342575,0,0,0,0,0,0,0,0,0
2024-05-01 15:00:00,2325.311,2327.89,2309.6,2309.665,110393,54534.25,40.39319238426044,43.331805682859404,72.72343486146721,2311.8030500000004,20.76667960084618,2336.6573249999997,40.075080969673124,2332.8303537037036,72.72343486146721,2193.876511594203,-4863.97658410877,-4768.901484604703,-4768.901484604703,2315.1143189820937,0,0,0,0,0,0,0,0,0
2024-05-01 16:00:00,2309.675,2320.54,2306.9,2318.315,73500,56862.0,43.51569385126428,56.54598227925428,74.65556677358539,2311.4736333333335,27.09954681562929,2336.481991666667,44.319854745313556,2332.943133333333,74.65556677358539,2194.089341304348,-4955.928980191929,-4762.256450625126,-4762.256450625126,2315.1776988042307,0,0,0,0,0,0,0,0,0
2024-05-01 17:00:00,2319.506,2319.506,2317.7,2317.7,7,55613.6,44.76654307068211,55.60647723800736,74.51819554515151,2311.0492833333333,26.649290938508702,2336.304908333333,44.01805869074479,2333.0550777777776,74.51819554515151,2194.3023898550728,-4953.1610022777495,-4759.594502935366,-4759.594502935366,2315.2276453625623,0,0,0,0,0,0,0,0,0
2024-05-01 18:00:00,2319.742,2323.24,2317.89,2320.832,18777,55731.75,45.91775360450924,60.391078521233844,75.21778365483407,2310.7113999999997,28.942301356624412,2336.1205625000002,45.55501030523103,2333.183044444444,75.21778365483407,2194.516942028986,-4984.366777445974,-4757.144597564379,-4757.144597564379,2315.338622682116,0,0,0,0,0,0,0,0,0
2024-05-01 19:00:00,2320.811,2324.79,2320.5,2323.82,22160,55928.9,46.956109241229825,64.95569813626636,75.88520679395656,2310.4918833333336,31.129886008390134,2335.9373416666663,47.021297477672036,2333.323924074074,75.88520679395656,2194.7333985507244,-5206.661760313518,-4754.934860095298,-4754.934860095298,2315.506570747816,0,0,0,0,0,0,0,0,0
2024-05-01 20:00:00,2323.638,2325.97,2322.6,2324.295,32046,56477.6,47.00220053038432,65.68133211121275,75.9913065232347,2310.3643,31.47764461267006,2335.7479041666666,47.25439199136323,2333.4675555555555,75.9913065232347,2194.950891304348,-5662.282898382437,-4754.8367726529605,-4754.8367726529605,2315.6805990498397,0,0,0,0,0,0,0,0,0
2024-05-01 21:00:00,2324.341,2326.45,2321.6,2324.19,31538,56958.25,47.464174809834525,65.52092881148769,75.96785289886795,2310.20045,31.400771658039734,2335.5686083333335,47.202865835705154,2333.6002925925927,75.96785289886795,2195.168065217391,-6016.454344838207,-4753.853639476858,-4753.853639476858,2315.8491020389515,0,0,0,0,0,0,0,0,0
2024-05-01 22:00:00,2324.09,2325.59,2318.4,2320.25,34418,57257.4,46.157981687340744,59.50198594561533,75.08778356548696,2309.9079500000003,28.516205550959327,2335.3485666666666,45.26940818529783,2333.7371296296296,75.08778356548696,2195.3816956521737,-6536.033783985657,-4756.633365211044,-4756.633365211044,2315.9362485332294,0,0,0,0,0,0,0,0,0
2024-05-01 23:00:00,2320.21,2320.647,2316.8,2319.451,27428,56872.6,45.93759585087696,58.281393217231624,74.90931265244853,2309.6029500000004,27.93123897239152,2335.1179041666664,43.4053808948004,2333.892011111111,74.90931265244853,2195.595013768116,-6694.7377319116185,-4757.102371034546,-4757.102371034546,2316.0058475721753,0,0,0,0,0,0,0,0,0
2024-05-02 00:00:00,2319.51,2321.0,2317.7,2318.11,17003,55974.45,46.29100963213564,56.3188494492046,74.60977636410746,2309.1934333333334,26.94946152325587,2334.8807791666673,42.43974073323878,2334.037251851852,74.60977636410746,2195.808531884058,-6790.093569951304,-4756.350266796924,-4756.350266796924,2316.047513956885,0,0,0,0,0,0,0,0,0
2024-05-02 01:00:00,2318.102,2318.43,2312.878,2314.925,31247,55428.9,46.025635294906564,53.7655900223857,73.898349758316,2308.7390166666664,24.617648566136378,2334.6233375,40.82691918168928,2334.179668518519,73.898349758316,2196.02054057971,-6790.894820969508,-4756.915013205159,-4756.915013205159,2316.0252859577386,0,0,1,0,1,0,0,0,0
2024-05-02 02:00:00,2314.922,2319.12,2312.378,2313.63,54018,56243.75,46.405755298412515,53.874354274287704,73.60908839112604,2308.278333333333,23.669548792362445,2334.3443374999997,39.18571134445132,2334.317557407407,73.60908839112604,2196.231262318841,-6789.747115644912,-4756.106075125767,-4756.106075125767,2315.9778545526347,0,0,1,0,1,0,0,0,0
2024-05-02 03:00:00,2313.564,2315.04,2307.8,2309.162,60754,57374.25,46.12537447154006,49.87826709631183,72.61108083235789,2307.835866666667,20.39842154199799,2334.0587,36.52655554405207,2334.446931481482,72.61108083235789,2196.438524637681,-6790.593676112523,-4756.702757030157,-4756.702757030157,2315.842887135751,0,0,1,0,1,0,0,0,0
2024-05-02 04:00:00,2309.115,2311.1,2302.914,2303.99,56617,56257.5,44.99289927900365,41.26204764502581,71.455822306407,2307.3176166666667,16.61187943392192,2333.7422833333335,32.55752586024889,2334.5568574074073,71.455822306407,2196.641593478261,-6794.0129852687305,-4759.112791489693,-4759.112791489693,2315.608176499399,0,0,0,0,0,0,0,0,0
2024-05-02 05:00:00,2304.08,2305.41,2298.4,2301.832,50880,54421.05,45.66459889016391,37.33769776322928,70.9737944837075,2306.771483333333,15.031957185424675,2333.4184125,29.93961613111909,2334.649907407407,70.9737944837075,2196.8427956521737,-7638.980675177529,-4757.683339242066,-4757.683339242066,2315.335380925154,0,0,0,0,0,0,0,0,0
2024-05-02 06:00:00,2301.755,2301.902,2295.065,2299.271,57247,51072.4,46.1848560455272,32.74599125364453,70.40174941700992,2306.1773166666667,13.156989215822659,2333.0694166666667,28.558874272158725,2334.7411500000003,70.40174941700992,2197.0412355072467,-7165.461666256141,-4851.4105965599165,-4851.4105965599165,2315.0172743721805,0,0,0,0,0,0,0,0,0
2024-05-02 07:00:00,2299.244,2302.915,2297.1,2298.99,53069,49630.55,45.51747167291124,32.23396501457673,70.33898305084738,2305.6089666666667,12.951262546764095,2332.7279958333334,28.407375458270216,2334.8252425925925,70.33898305084738,2197.2407826086956,-7167.588110011489,-4951.4992881767785,-4951.4992881767785,2314.699902602434,0,0,0,0,0,0,0,0,0
2024-05-02 08:00:00,2299.0,2304.49,2293.2,2294.451,86186,51004.3,44.218914282552234,23.96319241982493,69.3251163746504,2304.9502999999995,9.628154536602395,2332.3492499999998,25.960211343540994,2334.909411111111,69.3251163746504,2197.4391384057976,-6763.852889375782,-4954.37283849844,-4954.37283849844,2314.298934234069,0,1,0,0,0,0,0,0,0
2024-05-02 09:00:00,2294.55,2295.82,2285.358,2291.54,115264,54072.2,44.13928721359284,19.251739048693096,68.67489256006358,2304.2423,7.496943384899067,2331.982433333333,24.39076989432811,2334.9856518518523,68.67489256006358,2197.635278985507,-5454.14852717421,-4988.328609459598,-4988.328609459598,2313.848262269038,0,1,0,0,0,0,0,0,0
2024-05-02 10:00:00,2291.422,2304.87,2287.575,2304.04,117149,52485.05,49.464713943131216,45.13695911075811,71.46699069896265,2303.7878,16.64848560279363,2331.6665666666663,30.83170890188432,2335.0877351851855,71.46699069896265,2197.8399057971014,-5441.1887619412255,-5200.826438838986,-5200.826438838986,2313.6540392538095,0,0,1,0,1,0,0,0,0
2024-05-02 11:00:00,2303.911,2306.98,2296.9,2299.911,94171,51673.95,47.93151734524038,38.58801575782681,70.54470484172153,2303.3004666666666,13.625548177378768,2331.3156958333334,27.496701121618617,2335.172403703704,70.54470484172153,2198.041725362319,-5444.919893543218,-5211.558936585229,-5211.558936585229,2313.3818998626452,0,0,0,0,0,0,0,0,0
2024-05-02 12:00:00,2300.19,2303.802,2297.7,2299.498,59492,50973.55,51.77131311747679,38.72738880612886,70.4524539192123,2302.8522666666668,13.323181222499523,2330.947266666667,27.269628326368995,2335.261337037037,70.4524539192123,2198.244905072464,-5551.766471670623,-5202.615035131217,-5202.615035131217,2313.106971152494,0,0,0,0,0,0,0,0,0
2024-05-02 13:00:00,2299.591,2308.47,2299.1,2308.05,51247,53535.55,53.3535373608903,56.92700574590365,72.36269578192152,2302.6030833333334,19.584300346294366,2330.6275958333335,31.78409968022938,2335.3565037037038,72.36269578192152,2198.457343478261,-6262.287365016331,-5198.929615762418,-5198.929615762418,2313.0068331098705,0,0,0,0,0,0,0,0,0
2024-05-02 14:00:00,2307.908,2309.39,2304.7,2307.888,41441,54668.75,53.678300084418176,56.58225154288117,72.32651019004132,2302.3624833333333,19.46569635915026,2330.320741666667,31.694784430477334,2335.4569999999994,72.32651019004132,2198.670950724638,-6261.3761851624295,-5198.17315735487,-5198.17315735487,2312.905470077992,0,0,0,0,0,0,0,0,0
2024-05-02 15:00:00,2308.06,2308.11,2301.3,2302.832,44758,55798.65,51.88388296917569,45.82251542881421,71.19716233481942,2302.118466666667,15.76408056285624,2329.9989166666664,28.907266512294495,2335.5442814814814,71.19716233481942,2198.878897826087,-6615.34896342291,-5202.352830128658,-5202.352830128658,2312.705995422982,0,0,1,0,1,0,0,0,0
2024-05-02 16:00:00,2302.813,2304.08,2300.4,2303.305,16999,55046.3,53.70153551401336,46.829112577143555,71.30281532839535,2301.9588833333332,16.110374920381336,2329.6833708333334,29.168044988421936,2335.6313,71.30281532839535,2199.0846695652176,-6609.965240465628,-5198.11903588465,-5198.11903588465,2312.5198370977746,0,0,1,0,1,0,0,0,0
2024-05-02 17:00:00,2303.57,2303.57,2302.5,2302.7,5,53469.65,53.365225720799636,45.541604596722145,71.16767777847262,2301.756716666667,15.667440277035228,2329.364829166667,28.834491123607727,2335.708501851852,71.16767777847262,2199.2884492753624,-7519.684570713619,-5198.902390476129,-5198.902390476129,2312.3253848780164,0,0,1,0,1,0,0,0,0
2024-05-02 18:00:00,2303.242,2305.65,2303.088,2303.88,9806,52239.05,55.29938591914314,48.052777186635524,71.43125184278477,2301.565633333333,16.531345862404688,2329.051808333333,29.485058992171126,2335.7885203703704,71.43125184278477,2199.4947876811593,-8663.113254917565,-5194.397219046091,-5194.397219046091,2312.1581495338974,0,0,1,0,1,0,0,0,0
2024-05-02 19:00:00,2303.942,2304.602,2301.9,2304.115,14863,51610.8,55.35825741394996,48.552883592253046,71.483743287796,2301.42155,16.703394856100864,2328.736595833333,29.61462123718142,2335.866322222222,71.483743287796,2199.700588405797,-9279.293203171097,-5194.260091740569,-5194.260091740569,2311.998879246097,0,0,1,0,1,0,0,0,0
2024-05-02 20:00:00,2304.14,2304.832,2300.1,2303.877,26389,52080.1,53.70511795873657,48.046392849542194,71.43058173923139,2301.3854999999994,16.52914949227228,2328.4221958333337,29.483405006064523,2335.9465537037036,71.43058173923139,2199.906379710145,-9286.172112355574,-5246.997277441173,-5246.997277441173,2311.8380499540954,0,0,1,0,1,0,0,0,0
2024-05-02 21:00:00,2303.855,2306.41,2301.6,2302.591,36931,52364.3,53.324398516350016,45.309640349010024,71.14333068270145,2301.299683333333,15.943537516848675,2327.9777624999997,28.774396295070996,2336.029996296296,71.14333068270145,2200.1114239130434,-9287.756331073895,-5431.7959736290995,-5431.7959736290995,2311.6549400540143,0,0,1,0,1,0,0,0,0
2024-05-02 22:00:00,2302.62,2303.01,2299.5,2301.042,29778,51152.3,54.25565636569151,42.0131942966585,70.79733388132908,2301.4288666666666,16.275216197722813,2327.5635208333333,27.920388135406217,2336.0961851851857,70.79733388132908,2200.315914492754,-9283.881256800667,-5429.5296983216385,-5429.5296983216385,2311.444782825222,0,0,0,0,0,0,0,0,0
2024-05-02 23:00:00,2301.022,2302.422,2300.1,2302.382,18328,49031.0,54.3078522271076,44.86486486486482,71.09664680181909,2301.5369,17.476581281604858,2327.1929874999996,28.65916859631709,2336.173477777778,71.09664680181909,2200.5209478260867,-9283.664063635655,-5429.402676367449,-5429.402676367449,2311.2653217791776,0,0,0,0,0,0,0,0,0
2024-05-03 00:00:00,2302.344,2308.06,2301.8,2307.42,23692,47384.75,55.6457740066465,55.58629495637373,72.22197403572098,2301.7498666666665,21.65298847716154,2326.8759,30.08769957274564,2336.2639185185185,72.22197403572098,2200.7290347826092,-10231.16766442057,-5426.14675847701,-5426.14675847701,2311.189176793451,0,0,0,0,0,0,0,0,0
2024-05-03 01:00:00,2307.284,2308.76,2305.4,2305.99,24601,46070.8,56.45450747568407,52.543094275377136,71.90255800863086,2301.9179500000005,20.46754538671945,2326.5621499999997,27.238546968995642,2336.3487074074073,71.90255800863086,2200.937060869565,-17937.91427161213,-5424.178654055133,-5424.178654055133,2311.0862227975413,0,0,1,0,1,0,0,0,0
2024-05-03 02:00:00,2305.918,2306.4,2297.8,2298.405,44691,45443.0,54.2844210585872,36.40136199191338,70.20831285794699,2302.0565333333334,14.179723120285226,2326.1804625,20.0773010546501,2336.4088462962964,70.20831285794699,2201.1398920289853,-19190.89460172286,-5429.459697608859,-5429.459697608859,2310.8351094748177,0,0,0,0,0,0,0,0,0
2024-05-03 03:00:00,2298.44,2301.48,2297.5,2299.078,51607,45369.9,53.38291206794088,37.833581613108905,70.35863942174527,2302.1964166666667,14.737627455856622,2325.820870833333,20.28952426717911,2336.4601944444444,70.35863942174527,2201.342923188406,-18873.987282860246,-5547.760707725344,-5547.760707725344,2310.6022954258115,0,0,0,0,0,0,0,0,0
2024-05-03 04:00:00,2299.131,2302.67,2298.255,2301.351,44366,43278.9,54.1377085129833,42.670781017237765,70.86635454732271,2302.4623500000002,16.62190168283179,2325.47575,21.654853435848107,2336.5044555555555,70.86635454732271,2201.546299275362,-18867.639121001183,-6260.087232722708,-6260.087232722708,2310.4191014569833,0,0,0,0,0,0,0,0,0
2024-05-03 05:00:00,2301.305,2303.17,2299.1,2301.6,38486,39440.0,54.55594267117428,43.20068099595621,70.92197314224953,2302.73235,16.828317997181287,2325.1447916666666,21.804420951465474,2336.5441870370373,70.92197314224953,2201.7477311594203,-19919.57422139238,-6258.913802056104,-6258.913802056104,2310.2444657845676,0,0,0,0,0,0,0,0,0
2024-05-03 06:00:00,2301.491,2301.71,2297.6,2299.085,33902,35277.65,53.636637096819975,37.84847839965937,70.36020299670307,2302.8611,14.743430324131564,2324.8031874999997,20.293728976453536,2336.5819370370373,70.36020299670307,2201.9462275362316,-19927.738569299614,-6610.15746372608,-6610.15746372608,2310.023486264081,0,0,0,0,0,0,0,0,0
2024-05-03 07:00:00,2299.082,2299.92,2296.2,2298.215,38827,32510.45,51.83339848194031,35.997020642690025,70.16587296623572,2302.9766833333333,14.022216695681017,2324.4759541666667,19.77114368092261,2336.612501851852,70.16587296623572,2202.143436956522,-17869.16084011137,-6615.498493922395,-6615.498493922395,2309.789654852911,0,0,0,0,0,0,0,0,0
2024-05-03 08:00:00,2298.204,2320.67,2294.1,2304.685,118151,35443.4,53.28814479945231,49.76590763992312,71.61106296292982,2303.2745833333333,19.38572494404363,2324.156345833333,23.657496395963335,2336.658359259259,71.61106296292982,2202.3448826086956,-8433.616316148038,-6320.995285456938,-6320.995285456938,2309.6885725785955,0,0,1,0,1,0,0,0,0
2024-05-03 09:00:00,2304.73,2308.95,2277.08,2289.7,146018,40181.95,48.7250114331071,24.643624292130212,68.26389571401761,2303.303583333334,10.108129755706768,2323.786125,14.656415185006988,2336.6704703703704,68.26389571401761,2202.535637681159,-5112.078432133254,-5112.078432133254,-5112.078432133254,2309.2927592602077,0,1,0,0,0,0,0,0,0
2024-05-03 10:00:00,2289.947,2303.024,2283.014,2291.111,149112,45565.5,48.13530844242157,27.39894551845331,68.57906775193653,2303.35625,11.238285943131727,2323.369983333333,15.503964440172807,2336.686524074074,68.57906775193653,2202.7265369565216,-5113.431272212826,-5113.431272212826,-5113.431272212826,2308.932724423372,0,0,0,0,0,0,0,0,0
2024-05-03 11:00:00,2291.14,2299.04,2289.4,2293.671,89304,47792.8,47.50534127663234,32.397969146650816,69.15088945078305,2303.516583333333,13.288746495794879,2322.9487583333334,17.041686689091566,2336.705562962963,69.15088945078305,2202.9188898550724,-5114.876482503693,-5114.876482503693,-5114.876482503693,2308.6305120585525,0,0,0,0,0,0,0,0,0
2024-05-03 12:00:00,2293.598,2300.3,2292.5,2299.185,56859,49785.8,48.596934070393,43.16539738332357,70.38253978181424,2303.7819999999997,17.705246295554694,2322.5307166666666,20.353796251801874,2336.73187962963,70.38253978181424,2203.132571014493,-5112.372254942875,-5112.372254942875,-5112.372254942875,2308.443472215809,0,0,0,0,0,0,0,0,0
2024-05-03 13:00:00,2299.21,2303.18,2296.2,2302.05,41509,51861.0,48.636181730100944,48.760007810974884,71.02248867524996,2304.0269833333336,20.614216131429234,2322.1496125,22.074723690533396,2336.765877777778,71.02248867524996,2203.354585507246,-5112.282216723771,-5112.282216723771,-5112.282216723771,2308.316868805595,0,0,1,0,1,0,0,0,0
2024-05-03 14:00:00,2301.971,2302.93,2297.0,2299.31,31611,52951.25,48.849164374867826,43.40949033391916,70.41046076320323,2304.234483333333,18.352183604391975,2321.738383333333,20.428880345987363,2336.790451851852,70.41046076320323,2203.577092753623,-5111.793612354037,-5111.793612354037,-5111.793612354037,2308.1385149678604,0,0,0,0,0,0,0,0,0
2024-05-03 15:00:00,2299.26,2301.51,2295.6,2301.268,33985,53907.35,50.48790018252762,47.23296231204859,70.84781501568041,2304.4935333333337,21.010936319177283,2321.379104166667,21.60499759730889,2336.826225925926,70.84781501568041,2203.7991376811597,-5108.0341817331155,-5108.0341817331155,-5108.0341817331155,2308.0024651665162,0,0,1,0,1,0,0,0,0
2024-05-03 16:00:00,2301.41,2303.4,2300.4,2301.175,19450,53560.4,42.53512735216726,47.05135715680577,70.82704180552703,2304.74195,21.008806347545768,2321.0077708333333,21.549135031234982,2336.881912962963,70.82704180552703,2204.0220072463767,-5126.27867090577,-5126.27867090577,-5126.27867090577,2307.867267836486,0,0,1,0,1,0,0,0,0
2024-05-03 17:00:00,2301.93,2301.93,2301.93,2301.93,1,51713.9,47.356766472795336,48.52567857840244,70.99568453311646,2304.9086166666666,21.667102624465862,2320.6334375,22.002642960115118,2336.9351537037037,70.99568453311646,2204.24554057971,-5115.217328578108,-5115.217328578108,-5115.217328578108,2307.7496981763575,0,0,1,0,1,0,0,0,0
2024-05-05 18:00:00,2304.071,2306.15,2300.24,2301.81,11537,50801.85,44.01068315588551,48.291349345830895,70.96888039098305,2305.0544166666664,22.329571106094825,2320.291979166667,21.930562229697117,2336.990424074074,70.96888039098305,2204.47021884058,-5122.893592209468,-5122.893592209468,-5122.893592209468,2307.632080390687,0,0,1,0,1,0,0,0,0
2024-05-05 19:00:00,2301.685,2302.92,2293.16,2293.871,24830,51126.95,41.789388812702086,32.78851786760429,69.1955630210055,2305.043083333333,15.34405556063248,2319.9061500000003,17.16182123978851,2337.0298314814813,69.1955630210055,2204.6885528985504,-5127.989472785709,-5127.989472785709,-5127.989472785709,2307.359583749287,0,0,0,0,0,0,0,0,0
2024-05-05 20:00:00,2293.875,2298.0,2291.6,2295.98,36277,51756.2,41.376103492310286,36.90685413005287,69.66664581900054,2305.007333333333,17.640305765300006,2319.547108333333,18.428640076886012,2337.0710870370367,69.66664581900054,2204.908208695652,-5128.937592355315,-5128.937592355315,-5128.937592355315,2307.134245457222,0,0,0,0,0,0,0,0,0
2024-05-05 21:00:00,2295.99,2309.11,2295.655,2308.32,81096,54580.95,44.94916579770593,61.00371021284947,72.42300510172173,2305.0969666666665,30.924569392199803,2319.2566500000003,24.939202334630338,2337.132938888889,72.42300510172173,2205.1369188405797,-5120.740615283979,-5120.740615283979,-5120.740615283979,2307.1577257451972,0,0,0,0,0,0,0,0,0
2024-05-05 22:00:00,2308.304,2315.36,2307.4,2311.001,49398,54816.3,45.729411613533316,66.23901581722369,73.0218543105528,2305.2051500000002,35.4007514088919,2318.9998583333336,26.56918774319067,2337.1996166666668,73.0218543105528,2205.368488405797,-5118.950650118053,-5118.950650118053,-5118.950650118053,2307.2338301858863,0,0,0,0,0,0,0,0,0
2024-05-05 23:00:00,2311.002,2311.98,2308.0,2309.32,32045,53838.2,45.27101805090893,62.95645381761417,72.64637295283364,2305.239983333333,33.65660657055483,2318.7499000000003,25.547178988326834,2337.2487833333334,72.64637295283364,2205.5979956521737,-5830.22200091191,-5120.00225269347,-5120.00225269347,2307.2751404792352,0,0,0,0,0,0,0,0,0
2024-05-06 00:00:00,2309.27,2311.8,2307.9,2309.15,19865,52613.15,46.3832338451112,62.62448740480402,72.6084004181446,2305.33145,34.347220734711584,2318.4979000000003,25.443822957198385,2337.291098148148,72.6084004181446,2205.827275362319,-6914.705886832649,-5117.450713821705,-5117.450713821705,2307.3122664103394,0,0,0,0,0,0,0,0,0
2024-05-06 01:00:00,2309.111,2313.95,2308.4,2313.335,41362,52756.95,48.05021742179829,70.79671939074416,73.543194875048,2305.56295,40.32365699032384,2318.280858333333,27.988205252918195,2337.3272592592593,73.543194875048,2206.059945652174,-8633.858946757315,-5113.626479876564,-5113.626479876564,2307.43152846162,0,0,0,0,0,0,0,0,0
2024-05-06 02:00:00,2313.45,2314.83,2311.3,2314.122,48130,53468.35,48.724117632003185,72.90297185593379,73.71898537387305,2305.3778,42.791954992317585,2318.107195833333,28.466682879377224,2337.362670370371,73.71898537387305,2206.2930963768117,-9439.71330962953,-5112.0804826060785,-5112.0804826060785,2307.564013046538,0,0,0,0,0,0,0,0,0
2024-05-06 03:00:00,2313.975,2324.23,2312.2,2322.76,55499,54301.95,52.422142119613945,92.5258254000413,75.64843687177793,2305.5960499999997,52.77081432020637,2317.9479,33.7183852140078,2337.41167962963,75.64843687177793,2206.532552898551,-6862.3287094096795,-4718.256326363482,-4718.256326363482,2307.86492367928,0,0,0,0,0,0,0,0,0
2024-05-06 04:00:00,2322.675,2323.19,2317.165,2318.211,45011,50644.95,51.388257541320336,83.31172776990064,74.6323365170697,2305.5943166666666,47.515682219885875,2317.775779166667,30.952699416342167,2337.450124074074,74.6323365170697,2206.768220289855,-6865.497218690383,-4720.449082627095,-4720.449082627095,2308.06979647771,0,0,0,0,0,0,0,0,0
2024-05-06 05:00:00,2318.222,2322.13,2315.485,2321.025,39775,45332.8,53.63144908991846,89.01154547295982,75.26089365009871,2305.649733333333,52.09222380275024,2317.6081333333336,32.6635457198443,2337.4895129629626,75.26089365009871,2207.006445652174,-6858.622589365841,-4715.691518367077,-4715.691518367077,2308.3263351613195,0,0,0,0,0,0,0,0,0
2024-05-06 06:00:00,2321.064,2322.05,2318.4,2319.235,35951,39674.75,54.76540276952903,85.3858618594294,74.86106519660838,2305.623116666667,52.314470091834494,2317.4486375,31.57526750972759,2337.527355555556,74.86106519660838,2207.245427536232,-6855.147401870866,-4713.286526469707,-4713.286526469707,2308.5423483264417,0,0,0,0,0,0,0,0,0
2024-05-06 07:00:00,2319.36,2322.53,2315.8,2318.202,37031,37061.1,55.15330856891025,83.2934980757553,74.63032620640978,2305.5294833333332,54.4878759772097,2317.3491000000004,30.947227626459167,2337.5578222222225,74.63032620640978,2207.484424637681,-6853.9586007694825,-4712.463820638569,-4712.463820638569,2308.733628557601,0,0,0,0,0,0,0,0,0
2024-05-06 08:00:00,2318.202,2330.41,2314.4,2323.205,77244,38080.35,57.420382955503655,86.48978061128832,75.74783556552268,2305.5113166666665,61.117000132502774,2317.292366666667,33.988934824902564,2337.6054574074074,75.74783556552268,2207.725025362319,-5756.711200836124,-4162.121914578098,-4162.121914578098,2309.0201903683414,0,0,0,0,0,0,0,0,0
2024-05-06 09:00:00,2323.261,2332.2,2321.485,2327.844,103825,41196.15,58.71037855460975,92.09724238026166,76.78403902683092,2305.5722166666665,67.26381343580225,2317.2481333333335,36.80933852140069,2337.652872222222,76.78403902683092,2207.967774637681,-5499.728131638905,-4024.6183262797435,-4024.6183262797435,2309.3929390739186,0,0,0,0,0,0,0,0,0
2024-05-06 10:00:00,2327.745,2330.63,2318.913,2320.964,86276,43929.4,57.89213614254837,79.6153846153848,75.24726821118085,2305.5841166666664,58.14760832118705,2317.1643375,32.626459143968724,2337.6897648148147,75.24726821118085,2208.206027536232,-5501.743507038071,-4026.1028009024967,-4026.1028009024967,2309.622068993247,0,0,0,0,0,0,0,0,0
2024-05-06 11:00:00,2321.002,2325.72,2319.395,2324.764,53797,44920.0,59.837735402108265,86.50943396226468,76.0960660454062,2305.6726666666664,63.1827216112363,2317.1227708333336,34.93677042801552,2337.7364574074077,76.0960660454062,2208.448447826087,-6117.984032283255,-4022.573048980218,-4022.573048980218,2309.9219092112025,0,0,0,0,0,0,0,0,0
2024-05-06 12:00:00,2324.88,2327.48,2317.565,2325.493,59348,46914.9,56.828294788304696,87.83200290275781,76.25890120886677,2305.7957166666665,64.14866834503756,2317.1048625,35.37998540856016,2337.785388888889,76.25890120886677,2208.692174637681,-9074.885908111773,-4028.032846900761,-4028.032846900761,2310.230247642664,0,0,0,0,0,0,0,0,0
2024-05-06 13:00:00,2325.515,2326.31,2320.845,2324.585,43080,49068.85,58.017911456573145,86.18468795355625,76.05608320005716,2305.956716666667,62.945541274678604,2317.0824958333333,34.8279426070038,2337.833314814815,76.05608320005716,2208.936580434782,-9258.774026927787,-4025.874616370521,-4025.874616370521,2310.5145001645915,0,0,0,0,0,0,0,0,0
2024-05-06 14:00:00,2324.64,2326.59,2323.9,2326.29,27640,49874.0,58.63366847125544,89.27793904209022,76.2773230188,2306.1677166666664,65.20471710613471,2317.0775999999996,35.86454280155628,2337.8907944444445,76.2773230188,2209.181851449275,-9256.240047443496,-4024.757495516598,-4024.757495516598,2310.826886299946,0,0,0,0,0,0,0,0,0
2024-05-06 15:00:00,2326.241,2327.17,2323.1,2324.961,31546,50209.8,55.71560867125856,86.8668359941944,75.85902187669491,2306.4310333333333,63.44375248443049,2317.0596874999997,35.05654182879353,2337.9446666666663,75.85902187669491,2209.422377536232,-9465.060467767931,-4528.31779638262,-4528.31779638262,2311.106769739551,0,0,0,0,0,0,0,0,0
2024-05-06 16:00:00,2324.921,2328.87,2323.37,2323.535,19885,49390.2,55.243597563018994,84.27975326560235,75.53674742361231,2306.7567833333333,61.55425997084903,2317.0478125,34.189567120622364,2338.0012796296296,75.53674742361231,2209.660931884058,-10794.528241325455,-5219.991594478961,-5219.991594478961,2311.3528733090648,0,0,0,0,0,0,0,0,0
2024-05-06 17:00:00,2323.566,2323.63,2322.0,2322.7,6,45335.7,56.851979583390786,82.76487663280113,75.34803832941594,2307.1045833333337,60.44786007685138,2317.033645833333,33.68190661478577,2338.058909259259,75.34803832941594,2209.9007942028984,-11276.740102083044,-5504.305469006439,-5504.305469006439,2311.577568887103,0,0,0,0,0,0,0,0,0
2024-05-06 18:00:00,2325.797,2326.93,2323.374,2326.78,12550,43493.3,57.89941246542439,90.16690856313565,76.27011390345328,2307.563066666667,65.85398171458871,2317.01905,36.16245136186771,2338.1209833333332,76.27011390345328,2210.143623188406,-12676.969592891068,-5501.725585060543,-5501.725585060543,2311.8786071269624,0,0,0,0,0,0,0,0,0
2024-05-06 19:00:00,2326.78,2326.98,2321.9,2325.933,16721,42727.1,57.80526644672747,88.63026124818607,76.0462116411695,2308.0121166666668,64.73168146283278,2316.986395833333,35.64749513618665,2338.179225925926,76.0462116411695,2210.386263043478,-12677.498503108469,-5501.957471806102,-5501.957471806102,2312.1569119363294,0,0,0,0,0,0,0,0,0
2024-05-06 20:00:00,2325.971,2329.51,2325.2,2329.105,30626,43265.15,58.36256224265846,94.38497822931821,76.76405358920971,2308.5896833333336,68.93467603021057,2316.9715,37.57599708171196,2338.2530500000003,76.76405358920971,2210.630465942029,-12674.367627850428,-5500.584822062429,-5500.584822062429,2312.4925176405604,0,0,0,0,0,0,0,0,0
2024-05-06 21:00:00,2329.105,2329.93,2322.0,2322.713,54858,43939.95,55.92376001732738,82.78846153846219,75.31750701547932,2309.1092333333336,60.4650854644231,2317.071175,33.68981031128405,2338.3170925925924,75.31750701547932,2210.8706202898547,-12688.068763947795,-5506.591724095265,-5506.591724095265,2312.6949034298564,0,0,0,0,0,0,0,0,0
2024-05-06 22:00:00,2322.76,2324.33,2319.3,2321.53,39527,43509.8,55.58911621486426,80.64223512336785,75.0497872725627,2309.4007333333334,58.897575195442066,2317.1532500000003,32.97057392996109,2338.3801074074076,75.0497872725627,2211.108134782609,-12689.948785309947,-5507.41596991414,-5507.41596991414,2312.869855837186,0,0,0,0,0,0,0,0,0
2024-05-06 23:00:00,2321.451,2325.1,2321.0,2324.775,26679,42068.8,56.93761649216301,86.52939042090033,75.7841495428623,2309.815133333333,63.197296939181136,2317.245770833333,34.94345817120617,2338.435212962963,75.7841495428623,2211.348070289855,-15446.719395339074,-5504.094540659709,-5504.094540659709,2313.105601266153,0,0,0,0,0,0,0,0,0
2024-05-07 00:00:00,2324.824,2325.12,2321.1,2322.6,25471,41091.8,56.71555311884762,82.58345428156761,75.29193446184479,2310.200166666667,60.31535709553442,2317.316975,33.621108949416175,2338.4917685185187,75.29193446184479,2211.587215217391,-17304.62645909792,-5504.641494781175,-5504.641494781175,2313.2936091618726,0,0,0,0,0,0,0,0,0
2024-05-07 01:00:00,2322.62,2323.321,2319.9,2321.53,37556,40980.85,55.974862392191646,80.64223512336785,75.0497872725627,2310.424833333333,58.897575195442066,2317.3723833333333,32.97057392996109,2338.556253703704,75.0497872725627,2211.8252079710146,-18290.255864196108,-5506.46585617688,-5506.46585617688,2313.4567060101526,0,0,0,0,0,0,0,0,0
2024-05-07 02:00:00,2321.435,2321.53,2318.0,2320.462,45206,41443.6,54.17295927509148,78.70464441219185,74.80239033002849,2310.6344,57.48244335497537,2317.449633333333,32.32125486381311,2338.6054425925927,74.80239033002849,2212.064136956522,-18304.82847331135,-6133.484856272901,-6133.484856272901,2313.595424703021,0,0,0,0,0,0,0,0,0
2024-05-07 03:00:00,2320.395,2322.02,2317.4,2319.302,46755,41929.8,54.26672136822279,76.60014513788151,74.47626395570482,2310.9089,55.945408771697444,2317.492466666667,31.61600194552526,2338.6337981481483,74.47626395570482,2212.3012978260867,-18061.718105601143,-9085.21483319275,-9085.21483319275,2313.7084261940504,0,0,0,0,0,0,0,0,0
2024-05-07 04:00:00,2319.302,2319.94,2311.608,2315.71,51146,40624.9,55.69224696556027,70.08345428156782,73.66116002541526,2311.11565,51.185901682787836,2317.5445375,29.432149805447377,2338.6909203703703,73.66116002541526,2212.5359898550723,-12312.606445991058,-9268.344662693273,-9268.344662693273,2313.7480613189205,0,0,0,0,0,0,0,0,0
2024-05-07 05:00:00,2315.7,2317.3,2312.3,2313.711,37234,37295.35,54.77170304765498,66.45682148040626,73.1588160407383,2311.299166666666,48.53716708625909,2317.6201874999997,28.216804474707928,2338.7337092592593,73.1588160407383,2212.768236956522,-12317.630700536987,-9272.132909269014,-9272.132909269014,2313.747327431417,0,0,0,0,0,0,0,0,0
2024-05-07 06:00:00,2313.711,2315.94,2311.9,2315.324,37157,34839.4,54.57618015209171,69.38316400580591,73.44703360846367,2311.4899,50.67444017490396,2317.6702875,29.197470817120553,2338.7824574074075,73.44703360846367,2213.001236231884,-12318.697848749865,-9469.847982554345,-9469.847982554345,2313.778548670399,0,0,0,0,0,0,0,0,0
2024-05-07 07:00:00,2315.313,2316.56,2311.9,2312.255,39955,34147.3,53.42624331954907,63.81531204644458,72.7348419179707,2311.6255666666666,46.607923678282845,2317.7124333333336,27.33159046692602,2338.824390740741,72.7348419179707,2213.2309499999997,-12324.974111344247,-10803.223716174596,-10803.223716174596,2313.7483793897964,0,0,0,0,0,0,0,0,0
2024-05-07 08:00:00,2312.245,2317.38,2309.7,2315.918,68107,34585.25,55.373182923792896,70.46081277213402,73.47451321558168,2311.82625,51.46150788392747,2317.7293,29.558608949416303,2338.8748111111113,73.47451321558168,2213.4625210144927,-11143.484019160678,-10019.230298116476,-10019.230298116476,2313.791342174157,0,0,0,0,0,0,0,0,0
2024-05-07 09:00:00,2315.964,2323.76,2315.2,2318.53,93343,37098.4,56.41333240729629,75.19956458635768,74.07250540871577,2312.0919,54.922485755929685,2317.683466666667,31.1466439688716,2338.940348148148,74.07250540871577,2213.6963108695654,-11138.342400359375,-10014.607411523126,-10014.607411523126,2313.885176982589,0,0,0,0,0,0,0,0,0
2024-05-07 10:00:00,2318.482,2322.48,2312.2,2314.065,77964,39614.6,52.999181460070595,67.09905660377395,73.05028674778785,2312.30895,49.00622764012191,2317.6581749999996,27.057256165571903,2339.0186722222224,73.05028674778785,2213.925698550725,-11155.21907335604,-10029.781415733018,-10029.781415733018,2313.8887378344193,0,0,0,0,0,0,0,0,0
2024-05-07 11:00:00,2314.08,2319.16,2312.4,2314.78,67246,41399.6,58.824398688303106,68.39622641509497,73.21397909774609,2312.5155833333333,49.95362395653922,2317.6231666666667,26.313137674770214,2339.0946314814814,73.21397909774609,2214.1553188405796,-11126.424129074121,-10003.891561385319,-10003.891561385319,2313.9063865901735,0,0,0,0,0,0,0,0,0
2024-05-07 12:00:00,2314.8,2316.18,2311.9,2312.375,43617,42586.2,57.42976939203348,64.03301886792478,72.66337755697751,2312.598166666667,46.766927255863195,2317.5488791666667,23.399409802412038,2339.160890740741,72.66337755697751,2214.3789384057973,-14606.162325602827,-10010.089913813184,-10010.089913813184,2313.8760621032393,0,0,0,0,0,0,0,0,0
2024-05-07 13:00:00,2312.413,2317.79,2310.7,2314.24,39788,44575.3,57.22200765422551,67.41654571843239,73.09035130896638,2312.7356666666665,49.238107857426435,2317.4990666666663,24.54743869559618,2339.2278907407413,73.09035130896638,2214.603970289855,-14607.509677988093,-10011.013299314553,-10011.013299314553,2313.883268794264,0,0,0,0,0,0,0,0,0
2024-05-07 14:00:00,2314.197,2315.37,2312.7,2314.378,28889,45392.25,55.543717023403794,67.66690856313554,73.12194507721014,2313.001883333333,49.4209619716445,2317.4583458333336,24.636025163692455,2339.291868518518,73.12194507721014,2214.8312695652176,-14618.393534219103,-10018.472368784871,-10018.472368784871,2313.8930654518035,0,0,0,0,0,0,0,0,0
2024-05-07 15:00:00,2314.51,2315.62,2311.5,2314.631,29356,46024.0,54.67983960362138,68.12590711175618,73.17986698565683,2313.2611,49.75619451437631,2317.4269124999996,24.273432449902952,2339.357537037037,73.17986698565683,2215.0591471014495,-16038.55021619,-10774.104923059469,-10774.104923059469,2313.9076780171144,0,0,0,0,0,0,0,0,0
2024-05-07 16:00:00,2314.641,2315.59,2312.6,2313.795,13555,45170.45,55.46550149796622,66.60921625544307,72.98847285339804,2313.4685,48.64846959056582,2317.3946625000003,23.733031674208195,2339.4030833333336,72.98847285339804,2215.2838826086954,-16032.962293755116,-11143.027674256211,-11143.027674256211,2313.905446769251,0,0,0,0,0,0,0,0,0
2024-05-07 17:00:00,2313.897,2313.897,2313.897,2313.897,2,42427.65,54.832883044919065,66.79426705370116,73.01182476905637,2313.67345,48.783622631509054,2317.3627333333334,23.798965740142172,2339.451012962963,73.01182476905637,2215.5080471014494,-16037.461713762565,-11146.154804523374,-11146.154804523374,2313.905279506493,0,0,0,0,0,0,0,0,0
2024-05-07 18:00:00,2313.832,2316.85,2312.97,2314.5,8401,40871.35,55.07940259364005,67.88824383164032,73.14987579986033,2313.9303666666665,49.58261560885113,2317.3330458333335,24.188752424046548,2339.494622222222,73.14987579986033,2215.7323036231883,-16035.708374155729,-11144.936220496083,-11144.936220496083,2313.917056149929,0,0,0,0,0,0,0,0,0
2024-05-07 19:00:00,2314.5,2316.31,2313.8,2315.1,7020,39888.4,55.0262571367508,68.9767779390422,73.28724000961545,2314.211783333333,50.37763349675348,2317.299166666666,24.576599870717462,2339.5338444444446,73.28724000961545,2215.957463043478,-16036.086364603023,-11145.19892665965,-11145.19892665965,2313.9404807806236,0,0,0,0,0,0,0,0,0
2024-05-07 20:00:00,2315.102,2316.33,2313.4,2314.16,24209,39825.3,54.683991747071936,67.27140783744558,73.07203608099904,2314.3697,49.132105472372864,2317.271529166667,23.968972204266233,2339.5764907407406,73.07203608099904,2216.1821405797104,-16038.520684586512,-11146.890797098002,-11146.890797098002,2313.9448276958587,0,0,0,0,0,0,0,0,0
2024-05-07 21:00:00,2314.15,2314.46,2306.7,2307.79,49634,40429.2,55.3426529405893,50.37205708941568,71.61368605409857,2314.6711999999998,40.691665562475066,2317.227979166667,19.85132514544278,2339.6079703703704,71.61368605409857,2216.40264057971,-13196.701917112296,-9691.594261986264,-9691.594261986264,2313.822949919703,0,0,1,0,1,0,0,0,0
2024-05-07 22:00:00,2307.67,2317.47,2307.0,2317.111,45289,40433.35,57.68539734497166,64.74532710280366,73.74763905264477,2315.1045333333336,53.042268451039895,2317.2096708333333,25.87653522947633,2339.6401148148148,73.74763905264477,2216.629938405797,-13182.96953490607,-9681.509266702653,-9681.509266702653,2313.888059822283,0,0,0,0,0,0,0,0,0
2024-05-07 23:00:00,2317.102,2318.19,2315.2,2316.925,29645,39577.85,53.43318358455484,62.3768472906412,73.70505614762075,2315.4921000000004,52.79581290579054,2317.1641499999996,25.75630252100852,2339.6390685185183,73.70505614762075,2216.8578347826087,-13207.894586256696,-9699.814104242116,-9699.814104242116,2313.9481972515446,0,0,0,0,0,0,0,0,0
2024-05-08 00:00:00,2317.011,2319.33,2316.4,2319.181,19787,38009.9,53.27472457084285,67.93349753694629,74.22154557630007,2315.825366666667,55.78508016430366,2317.133191666667,27.2146089204913,2339.626125925926,74.22154557630007,2217.085173188406,-14280.261567991944,-9700.496235166402,-9700.496235166402,2314.0518171079493,0,0,0,0,0,0,0,0,0
2024-05-08 01:00:00,2319.232,2321.39,2317.3,2317.67,26841,37490.25,53.34733736350072,64.21182266009907,73.8756167080667,2316.0857,53.78296011660263,2317.0870958333335,26.237879767291577,2339.6087092592593,73.8756167080667,2217.312122463768,-15339.364619717431,-9700.183653191982,-9700.183653191982,2314.1234642939307,0,0,0,0,0,0,0,0,0
2024-05-08 02:00:00,2317.68,2318.91,2313.2,2314.64,45171,37890.95,52.15148997538905,56.74876847290644,73.18192744880315,2316.3412000000003,49.76811978269487,2317.036179166667,24.279250161603024,2339.5873944444443,73.18192744880315,2217.5370398550726,-15347.505173754951,-9705.33151108312,-9705.33151108312,2314.1336927237535,0,0,0,0,0,0,0,0,0
2024-05-08 03:00:00,2314.64,2314.93,2305.115,2305.668,49058,38346.1,47.104016680138756,34.650246305419316,71.12787463226456,2316.414533333333,37.87995229892685,2316.9736291666663,18.479638009049864,2339.5510944444445,71.12787463226456,2217.756002173913,-13874.107424392312,-11287.233108322163,-11287.233108322163,2313.9660552440755,0,0,0,0,0,0,0,0,0
2024-05-08 04:00:00,2305.791,2309.34,2303.555,2307.322,54967,37689.1,47.448213749624855,38.72413793103508,71.5065419704896,2316.5169833333334,40.07155160991134,2316.924741666667,19.548804137039518,2339.5218555555557,71.5065419704896,2217.9755079710144,-12649.88385898722,-10461.89096336828,-10461.89096336828,2313.8344897936977,0,0,0,0,0,0,0,0,0
2024-05-08 05:00:00,2307.302,2311.44,2306.6,2310.722,36729,34858.4,45.2977297229731,47.098522167488525,72.28493915910211,2316.663516666667,44.57665297469215,2316.906825,21.746606334841772,2339.4874055555556,72.28493915910211,2218.1980123188405,-12661.94152103741,-10471.863066436452,-10471.863066436452,2313.7728563324363,0,0,1,0,1,0,0,0,0
2024-05-08 06:00:00,2310.742,2317.11,2310.4,2315.432,39050,32912.7,48.91583374296794,58.6995073891624,73.36324820567994,2316.8905500000005,50.81754339472603,2316.9013291666665,24.791208791208657,2339.461224074074,73.36324820567994,2218.422839855072,-12641.654983218545,-11158.817947324866,-11158.817947324866,2313.805710662487,0,0,0,0,0,0,0,0,0
2024-05-08 07:00:00,2315.442,2318.12,2312.775,2314.63,44931,31796.95,47.46533915704195,56.7241379310351,73.1796380453073,2317.2365333333337,49.75486948456347,2316.895475,24.272786037491993,2339.4744574074075,73.1796380453073,2218.6472239130435,-12649.787837639211,-11165.996836639026,-11165.996836639026,2313.822033223626,0,0,0,0,0,0,0,0,0
2024-05-08 08:00:00,2314.611,2319.01,2313.245,2314.58,69893,33110.75,48.129184718392985,51.785469968531736,73.16819102782766,2317.5465333333336,49.68861799390469,2316.8590583333335,24.24046541693596,2339.4807351851855,73.16819102782766,2218.8715688405796,-12646.06568702889,-11162.711285729098,-11162.711285729098,2313.837042466723,0,0,1,0,1,0,0,0,0
2024-05-08 09:00:00,2314.442,2316.28,2306.685,2309.94,96058,35924.25,46.77311003140175,22.29010298481488,72.1059078057212,2317.5735333333337,43.54047966079239,2316.8117666666667,21.24111182934717,2339.4877888888886,72.1059078057212,2219.0909963768113,-12653.669133549725,-11169.422865471692,-11169.422865471692,2313.759873308966,0,0,0,0,0,0,0,0,0
2024-05-08 10:00:00,2309.882,2317.78,2308.8,2315.49,70581,38008.85,46.999572200832205,41.66521207889667,73.37652674595626,2317.64835,50.89439512388992,2316.753070833334,24.828700711053514,2339.4716222222223,73.37652674595626,2219.3143224637683,-12652.399370895224,-11168.30204305432,-11168.30204305432,2313.7941332434416,0,0,0,0,0,0,0,0,0
2024-05-08 11:00:00,2315.406,2320.38,2312.3,2320.291,59687,39525.4,47.06627203306226,58.4255541979415,74.47566936434713,2317.8312,57.2558632569234,2316.743445833333,27.932126696832686,2339.4203462962964,74.47566936434713,2219.541439130435,-12652.025388096063,-11167.971927576811,-11167.971927576811,2313.9227840703043,0,0,0,0,0,0,0,0,0
2024-05-08 12:00:00,2320.41,2321.14,2315.4,2317.02,42173,40956.3,48.42388784986974,47.006458369698564,73.71988641568194,2317.9623666666666,52.921690738041505,2316.710058333333,25.81771170006463,2339.3675314814814,73.71988641568194,2219.7701739130434,-12644.413300533366,-11161.25272036668,-11161.25272036668,2313.9841150788134,0,0,1,1,0,0,0,0,0
2024-05-08 13:00:00,2317.02,2317.58,2313.3,2313.802,34314,42671.9,45.59886297937945,35.772386105778686,72.85834243975383,2317.97015,48.6577447992581,2316.665066666667,23.737556561086066,2339.3149425925926,72.85834243975383,2219.9989333333333,-12660.253081136056,-11175.234531158512,-11175.234531158512,2313.980508839629,0,0,0,0,0,0,0,0,0
2024-05-08 14:00:00,2313.784,2313.85,2311.0,2312.551,25002,43501.95,44.82560092117258,31.405131785652294,71.93819431368851,2317.9439666666667,47.00013250298116,2316.6325500000003,22.92889463477695,2339.274194444444,71.93819431368851,2220.2196804347827,-12664.588724860232,-11179.06161385194,-11179.06161385194,2313.9522017338936,0,0,0,0,0,0,0,0,0
2024-05-08 15:00:00,2312.565,2312.8,2307.7,2308.1,30048,44653.35,43.59064081927819,15.866643393262613,70.79437045433073,2317.699633333333,41.10242480455794,2316.5872916666663,20.051712992889417,2339.2221870370367,70.79437045433073,2220.4362528985507,-12671.513087640691,-11941.687498973315,-11941.687498973315,2313.836316551044,0,0,0,0,0,0,0,0,0
2024-05-08 16:00:00,2308.071,2309.6,2307.5,2308.077,14588,44172.3,42.82495134692215,15.786350148369321,70.63639384732247,2317.5307333333335,41.071949118855436,2316.5554666666667,20.036845507433902,2339.1673425925924,70.63639384732247,2220.649933333333,-12856.013924669167,-12675.80627223478,-12675.80627223478,2313.722270678746,0,0,0,0,0,0,0,0,0
2024-05-08 17:00:00,2308.32,2309.5,2307.9,2308.5,6,41690.9,43.46853102457688,17.26304765229592,70.73680212685146,2317.3219833333337,41.63243672982638,2316.525466666667,20.31027795733679,2339.1158055555557,70.73680212685146,2220.8634115942027,-12852.354102788846,-12672.19775147417,-12672.19775147417,2313.6188593781767,0,0,0,0,0,0,0,0,0
2024-05-08 18:00:00,2308.942,2310.92,2307.91,2309.61,9018,39877.35,44.460886099111455,21.138069471112917,71.00028484618306,2317.1615666666667,43.10321982244613,2316.4905916666667,21.02779573367818,2339.064194444444,71.00028484618306,2221.0785855072463,-12846.710912146054,-12666.633663587796,-12666.633663587796,2313.5394760241534,0,0,0,0,0,0,0,0,0
2024-05-08 19:00:00,2309.691,2310.05,2307.6,2308.74,10543,38922.25,44.44850952820283,18.100890207714954,70.79377136346365,2317.0038666666665,41.950443884987074,2316.4595083333334,20.46541693600504,2339.0062259259257,70.79377136346365,2221.293715942029,-15558.125794166455,-12666.703058434496,-12666.703058434496,2313.444436894962,0,0,0,0,0,0,0,0,0
2024-05-08 20:00:00,2308.742,2310.6,2307.5,2309.32,23022,39084.0,42.85784409974473,20.125676383314126,70.93144701860996,2316.7724499999995,42.71896117662664,2316.4183,20.8403361344539,2338.954374074074,70.93144701860996,2221.508400724638,-15661.20481425297,-12675.62184412812,-12675.62184412812,2313.3627648772404,0,0,0,0,0,0,0,0,0
2024-05-08 21:00:00,2309.28,2312.27,2308.5,2309.88,38092,39646.55,43.417934314650076,23.361034164359037,71.06437523737182,2316.47305,43.46097787200222,2316.3795416666667,21.202327084680107,2338.9189833333335,71.06437523737182,2221.7234442028985,-15657.330098134633,-12672.48144482952,-12672.48144482952,2313.2937992361067,0,0,0,0,0,0,0,0,0
2024-05-08 22:00:00,2309.88,2311.64,2307.7,2310.213,28540,38815.0,42.069249240172674,25.24360189573595,70.96422088468522,2316.2938666666664,43.902212799788195,2316.339595833333,21.41758241758255,2338.8872833333335,70.96422088468522,2221.9382623188403,-15666.660330403587,-12680.043458143104,-12680.043458143104,2313.232793310639,0,0,0,0,0,0,0,0,0
2024-05-08 23:00:00,2310.185,2313.11,2309.0,2312.244,27545,37739.35,45.43814545296089,32.94407582938504,71.44931690073565,2316.0852,46.59334835033801,2316.3357333333333,22.73044602456377,2338.8565685185185,71.44931690073565,2222.1509536231883,-15643.354234154624,-12661.154216692092,-12661.154216692092,2313.2132132450815,0,0,0,0,0,0,0,0,0
2024-05-09 00:00:00,2312.271,2315.28,2311.5,2314.398,22863,36134.15,46.91831725949736,41.11090047393479,71.96379096207127,2315.900283333334,49.44746256790789,2316.3321791666667,24.122818358112568,2338.8317592592593,71.96379096207127,2222.3644710144927,-16573.17949223258,-12652.854963501532,-12652.854963501532,2313.2366743689413,0,0,0,0,0,0,0,0,0
2024-05-09 01:00:00,2314.52,2319.8,2314.1,2316.515,42050,36400.2,46.39578315355873,49.13744075829398,72.46942772523161,2315.7657833333333,52.25255068239011,2316.3199374999995,25.491273432449823,2338.8095092592594,72.46942772523161,2222.5777188405796,-16577.010387437407,-12655.784787476516,-12655.784787476516,2313.3015917081702,0,0,1,1,0,0,0,0,0
2024-05-09 02:00:00,2316.553,2317.06,2313.3,2314.225,41356,36515.5,46.349267237997246,40.454976303317814,71.92247062195466,2315.5647000000004,49.21823241022904,2316.284895833334,24.010989010988958,2338.765537037037,71.92247062195466,2222.791045652174,-16577.35141321132,-12656.045600011204,-12656.045600011204,2313.3198770208796,0,0,0,0,0,0,0,0,0
2024-05-09 03:00:00,2314.29,2315.03,2307.4,2309.43,45784,36558.15,44.8914108150098,22.274881516587676,70.7772045476258,2315.3058499999997,42.864714456075,2316.2175625,20.911441499676698,2338.7110833333336,70.7772045476258,2223.00150942029,-18246.03700955624,-12664.219731903479,-12664.219731903479,2313.242849753139,0,0,0,0,0,0,0,0,0
2024-05-09 04:00:00,2309.38,2313.4,2308.9,2310.42,41929,35159.95,45.757498943810766,26.02843601895824,71.01366198528709,2315.087266666667,44.1764939711144,2316.1491833333334,21.551389786683963,2338.6593925925927,71.01366198528709,2223.2114855072464,-18239.05242787236,-12659.363616799465,-12659.363616799465,2313.186951738225,0,0,0,0,0,0,0,0,0
2024-05-09 05:00:00,2310.391,2312.0,2306.3,2307.505,33317,32022.9,45.088880562840835,14.97630331753658,70.31742619661794,2314.8340166666667,40.314032065721584,2316.0765791666668,19.66709760827416,2338.6013555555555,70.31742619661794,2223.418757246377,-16749.711995830807,-12663.112528383259,-12663.112528383259,2313.074437842419,0,0,0,0,0,0,0,0,0
2024-05-09 06:00:00,2307.64,2312.93,2307.0,2311.751,36561,30321.9,48.36078470341762,31.07488151658907,71.33156587369831,2314.583533333333,45.94010865244489,2316.008125,22.411764705882494,2338.55145,71.33156587369831,2223.6294898550723,-16725.475668863575,-12644.767116885772,-12644.767116885772,2313.0482311524697,0,0,0,0,0,0,0,0,0
2024-05-09 07:00:00,2311.695,2316.73,2310.8,2315.818,44753,29575.2,50.85771043825886,46.494786729859236,72.30295213528234,2314.41495,51.32900490261051,2315.955158333333,25.04072398190059,2338.509307407407,72.30295213528234,2223.843797826087,-16706.979922679566,-12810.334316529634,-12810.334316529634,2313.1030780603414,0,0,1,0,1,0,0,0,0
2024-05-09 08:00:00,2315.778,2329.37,2314.4,2326.595,89404,31936.75,54.26960929154253,87.35545023696669,74.87699436323676,2314.3731166666666,65.60885119915159,2315.9382208333336,32.00711053652216,2338.4867611111113,74.87699436323676,2224.0658666666664,-9761.726877800113,-8713.094676383702,-8713.094676383702,2313.3702448314234,0,0,0,0,0,0,0,0,0
2024-05-09 09:00:00,2326.595,2326.74,2311.968,2324.351,124076,36424.85,54.61095100864557,80.55781522370805,74.34102417120474,2314.4004166666664,62.63548429839675,2315.9614958333336,30.556561085972916,2338.456346296296,74.34102417120474,2224.28728768116,-9760.247286481936,-8711.772415228934,-8711.772415228934,2313.5876855278307,0,0,0,0,0,0,0,0,0
2024-05-09 10:00:00,2324.293,2338.801,2323.175,2333.311,116309,40990.2,56.372789693909766,84.42376439879769,76.4810834049871,2314.596766666667,74.50775142440709,2315.9589416666668,36.34841628959284,2338.4441611111106,76.4810834049871,2224.515534782609,-6922.639950481855,-6922.639950481855,-6922.639950481855,2313.9782462104477,0,0,0,0,0,0,0,0,0
2024-05-09 11:00:00,2333.291,2337.67,2328.095,2330.34,71355,43055.55,54.315826402186794,75.99443908528694,75.77147224610682,2314.689516666667,70.57108784947667,2315.9587708333333,34.427925016160394,2338.416803703704,75.77147224610682,2224.7427666666663,-6928.968873566447,-6928.968873566447,-6928.968873566447,2314.302241334993,0,0,0,0,0,0,0,0,0
2024-05-09 12:00:00,2330.321,2333.98,2329.2,2329.731,46086,44630.45,55.89097964893294,74.26658344209362,75.62601509506068,2314.8083666666666,69.76414469325576,2315.963341666667,34.0342598577894,2338.3901203703704,75.62601509506068,2224.969463043478,-6924.12239731419,-6924.12239731419,-6924.12239731419,2314.6077613085577,0,0,0,0,0,0,0,0,0
2024-05-09 13:00:00,2329.731,2335.09,2329.075,2334.76,42127,46736.5,57.27709790209799,88.53486920501702,76.82717110920036,2315.028866666667,76.42771962369166,2315.974445833334,37.28506787330329,2338.3728407407407,76.82717110920036,2225.1994557971016,-6919.857549299775,-6919.857549299775,-6919.857549299775,2315.0068155400713,1,0,0,0,0,0,0,0,0
2024-05-09 14:00:00,2334.733,2337.75,2333.5,2337.473,31154,47843.3,59.12070820129674,96.232196561312,77.4751600267507,2315.3123833333334,80.02252550682367,2315.9927916666666,39.03878474466705,2338.358937037037,77.4751600267507,2225.4332239130435,-6914.185076762934,-6914.185076762934,-6914.185076762934,2315.451690479872,1,0,0,0,0,0,0,0,0
2024-05-09 15:00:00,2337.49,2344.01,2335.2,2343.92,45887,49610.5,60.43820777941924,99.77753058954359,78.96526131820248,2315.7226833333334,88.56499271233592,2316.038829166667,43.20620555914675,2338.35797962963,78.96526131820248,2225.6707123188403,-5955.613344525534,-5955.613344525534,-5955.613344525534,2316.0154193812605,1,0,0,0,0,0,0,0,0
2024-05-09 16:00:00,2343.683,2347.26,2343.048,2345.985,30573,49988.05,60.96726510614393,97.0827136483238,79.45964710670592,2316.227266666667,91.30117927653369,2316.098204166666,44.54104718810606,2338.3433574074074,79.45964710670592,2225.9088463768117,-5481.769372299449,-5481.769372299449,-5481.769372299449,2316.6088764232154,1,0,0,0,0,0,0,0,0
2024-05-09 17:00:00,2346.211,2346.5,2345.6,2345.7,5,48083.7,60.778191758771754,96.43061434618376,79.39141468553225,2316.7604166666665,90.92354577977959,2316.1569541666668,44.356819650937155,2338.3215555555553,79.39141468553225,2226.1466195652174,-5482.230977151432,-5482.230977151432,-5482.230977151432,2317.1849382762207,1,0,0,0,0,0,0,0,0
2024-05-09 18:00:00,2346.561,2349.37,2343.37,2346.37,10863,47199.85,61.3136708737662,93.45192622503548,79.55182072829126,2317.27785,91.81131575460412,2316.2144541666667,44.78991596638645,2338.290461111111,79.55182072829126,2226.3856557971017,-5212.413116151031,-5212.413116151031,-5212.413116151031,2317.762860290553,1,0,0,0,0,0,0,0,0
2024-05-09 19:00:00,2346.311,2348.341,2345.5,2346.52,11663,46405.75,61.32656533181502,93.7793299137839,79.58773252890896,2317.8489333333337,92.01007022657987,2316.2807875000003,44.88687782805425,2338.2721814814818,79.58773252890896,2226.6237499999997,-5212.38317777618,-5212.38317777618,-5212.38317777618,2318.332308601631,1,0,0,0,0,0,0,0,0
2024-05-09 20:00:00,2346.531,2349.03,2345.8,2347.521,26838,46604.5,61.433151673372286,95.96420386336418,79.82738394503102,2318.37565,93.33642506956409,2316.3543333333337,45.533936651583794,2338.259348148148,79.82738394503102,2226.8625695652177,-5299.898155125404,-5212.135705425221,-5212.135705425221,2318.9103024907076,1,0,0,0,0,0,0,0,0
2024-05-09 21:00:00,2347.55,2355.81,2347.2,2350.33,76327,48318.35,62.01421380730888,89.51296526648166,80.46668904983447,2318.90565,93.03950209577033,2316.4302499999994,47.349709114414914,2338.261231481482,80.46668904983447,2227.104728985507,-4996.191482321047,-4532.99492262715,-4532.99492262715,2319.5324747186146,1,0,0,0,0,0,0,0,0
2024-05-09 22:00:00,2350.31,2351.83,2346.8,2349.393,43138,48407.45,62.01548272686985,87.7198354224478,80.2277527119132,2319.49445,91.84935856725528,2316.4948875,46.74402068519714,2338.2499407407404,80.2277527119132,2227.3461586956523,-5131.9568388146645,-4532.992359671059,-4532.992359671059,2320.123772248939,1,0,0,0,0,0,0,0,0
2024-05-09 23:00:00,2349.431,2353.99,2348.7,2353.43,33377,47787.1,65.81624873511603,95.44541192230389,81.15793903685437,2320.1386166666666,96.97701003429428,2316.573220833334,49.35358758888156,2338.251162962963,81.15793903685437,2227.5899826086957,-5123.287603815699,-4525.315595364361,-4525.315595364361,2320.783301511336,1,0,0,0,0,0,0,0,0
2024-05-10 00:00:00,2353.42,2354.58,2350.8,2353.93,18773,46629.3,63.590258450771906,96.40225815711395,81.27818192749346,2320.8312,97.61209195986268,2316.648620833333,49.676793794440705,2338.2759592592597,81.27818192749346,2227.833707246377,-6923.808002295831,-4529.811637142474,-4529.811637142474,2321.4396717784384,1,0,0,0,0,0,0,0,0
2024-05-10 01:00:00,2353.96,2358.82,2353.3,2357.14,38784,46902.65,64.51962306386972,96.96010132995517,82.05014128539644,2321.5462,97.9447027159282,2316.7292041666665,51.75177763413045,2338.2986185185187,82.05014128539644,2228.0793608695653,-7367.21033990595,-4268.431791576792,-4268.431791576792,2322.1466089709447,1,0,0,0,0,0,0,0,0
2024-05-10 02:00:00,2357.121,2369.11,2355.94,2368.473,65736,48361.4,66.70213198519949,99.02829684997305,84.77556664462209,2322.447783333334,99.30783440182532,2316.8437541666663,59.07756948933412,2338.3379740740743,84.77556664462209,2228.3322471014494,-5650.987555925522,-3565.6708613513815,-3565.6708613513815,2323.0639632487478,1,0,0,0,0,0,0,0,0
2024-05-10 03:00:00,2368.473,2370.36,2364.6,2366.535,59197,49083.6,66.50967301623766,94.27438066012984,84.30950520050496,2323.31285,95.89944253859319,2316.9311875,57.82482223658679,2338.3693166666662,84.30950520050496,2228.5844753623187,-5480.356853539409,-3496.394516053332,-3496.394516053332,2323.9247758576835,1,0,0,0,0,0,0,0,0
2024-05-10 04:00:00,2366.67,2372.18,2365.7,2369.473,50123,47119.55,68.53756330419152,96.05537340619325,85.01605242590027,2324.240816666667,97.15352260778141,2317.0247833333333,59.72398190045241,2338.403248148148,85.01605242590027,2228.838205072464,-5855.64228721773,-3396.7250101636614,-3396.7250101636614,2324.8267208902043,1,0,0,0,0,0,0,0,0
2024-05-10 05:00:00,2369.435,2375.33,2369.1,2372.493,50348,43433.15,73.53904681390678,96.04737025426682,85.74231948536037,2325.217416666667,97.11246819338425,2317.1212125,61.67614738202963,2338.438988888889,85.74231948536037,2229.09254057971,-5635.835916237445,-3234.4791441200955,-3234.4791441200955,2325.77060760525,1,0,0,0,0,0,0,0,0
2024-05-10 06:00:00,2372.46,2378.45,2371.4,2374.658,50737,40154.55,73.63396417139325,94.936911676347,86.26297120182763,2326.2200500000004,96.2592482983132,2317.232204166666,63.07563025210071,2338.4802074074073,86.26297120182763,2229.3475442028985,-6410.411942343947,-3094.478220136685,-3094.478220136685,2326.7386747813835,1,0,0,0,0,0,0,0,0
2024-05-10 07:00:00,2374.731,2375.74,2370.8,2372.14,49798,39076.7,71.69112972720974,91.5748714867482,85.65742800456916,2327.170716666667,93.77527868205588,2317.346141666667,61.44796380090484,2338.5168740740746,85.65742800456916,2229.599797826087,-6475.709436353462,-3097.1709913690943,-3097.1709913690943,2327.6377109243263,1,0,0,0,0,0,0,0,0
2024-05-10 08:00:00,2372.075,2375.71,2361.638,2364.713,91232,41334.0,67.07694866623716,81.65832165031092,83.87134010701618,2328.013266666667,86.44865344776596,2317.4293583333333,56.647058823529484,2338.5349537037036,83.87134010701618,2229.84525,-6488.86274610538,-3103.5662527148643,-3103.5662527148643,2328.3718750644384,1,0,0,0,0,0,0,0,0
2024-05-10 09:00:00,2364.771,2372.01,2359.9,2367.351,111287,44792.0,68.03944514018629,85.18058615394925,84.50574159802801,2329.0059499999998,89.05100128243097,2317.5378208333336,58.35229476405949,2338.5640851851854,84.50574159802801,2230.0920195652175,-6911.868148284753,-3102.2322312679494,-3102.2322312679494,2329.1437389245484,1,0,0,0,0,0,0,0,0
2024-05-10 10:00:00,2367.351,2373.02,2357.5,2360.664,117243,49096.45,65.0833966117673,76.25208625408958,82.89761317862083,2329.7318333333333,82.4543750616557,2317.6509166666665,54.029734970911534,2338.5849814814815,82.89761317862083,2230.3340442028984,-6985.3494743897645,-3106.329318625425,-3106.329318625425,2329.7679025102007,1,0,0,0,0,0,0,0,0
2024-05-10 11:00:00,2360.68,2366.35,2356.1,2364.87,77882,50696.2,68.02993500951882,81.86794846117907,83.90909637467678,2330.530916666667,86.60353161684922,2317.7683333333334,56.74854557207486,2338.608518518519,83.90909637467678,2230.5767471014497,-7199.905418611398,-3133.618005585006,-3133.618005585006,2330.4629935496027,1,0,0,0,0,0,0,0,0
2024-05-10 12:00:00,2364.83,2369.97,2361.585,2368.226,53723,51853.7,67.56274311291108,86.34888844382174,84.71616665664642,2331.3483333333334,89.91417579165461,2317.912954166667,58.917905623787995,2338.639844444444,84.71616665664642,2230.8232369565217,-7201.381538347916,-3315.9456864554345,-3315.9456864554345,2331.2107758555508,1,0,0,0,0,0,0,0,0
2024-05-10 13:00:00,2368.248,2370.13,2366.4,2369.551,47811,54244.0,66.79394517932633,88.1180319113427,85.03481031683997,2332.213016666667,91.22126861990736,2318.0425375,59.77440206851961,2338.6646722222226,85.03481031683997,2231.0711144927536,-7670.2724531787335,-3377.1156926997905,-3377.1156926997905,2331.9699882148466,1,0,0,0,0,0,0,0,0
2024-05-10 14:00:00,2369.551,2370.96,2366.31,2367.271,29954,55198.55,67.24835071291784,85.07376994458959,84.48650273552578,2333.0901999999996,88.97208247015918,2318.1526208333335,58.300581771170066,2338.682987037037,84.48650273552578,2231.3177746376814,-8258.776308452487,-3376.432191099972,-3376.432191099972,2332.6690181511863,1,0,0,0,0,0,0,0,0
2024-05-10 15:00:00,2367.03,2367.5,2361.8,2363.25,34399,56335.35,66.87967666175109,79.70492022164387,83.51950940900615,2334.0499,85.00542566834386,2318.2495375000003,55.70135746606329,2338.6963481481484,83.51950940900615,2231.5602166666667,-9091.134486434521,-4081.945406310744,-4081.945406310744,2333.274582148192,1,0,0,0,0,0,0,0,0
2024-05-10 16:00:00,2363.23,2365.07,2359.3,2360.175,18361,55911.5,66.05707503911117,74.67082467082504,82.7800156315758,2334.9307833333337,81.97198382164382,2318.345079166667,53.71363930187466,2338.709614814815,82.7800156315758,2231.8015101449273,-10172.736228169317,-4492.181362249802,-4492.181362249802,2333.807263689812,0,0,0,0,0,0,0,0,0
2024-05-10 17:00:00,2360.22,2360.22,2360.22,2360.22,1,52095.2,68.11105705747461,74.73319473319458,82.79083749173321,2335.75575,82.01637565354638,2318.4380374999996,53.74272786037474,2338.720188888889,82.79083749173321,2232.044372463768,-10237.086993031475,-4579.167479377266,-4579.167479377266,2334.3302881712016,0,0,0,0,0,0,0,0,0
2024-05-12 18:00:00,2362.801,2364.0,2359.8,2361.44,14497,50663.15,68.39000048246919,76.42411642411663,83.08423014489266,2336.52255,83.21988754069272,2318.5499291666665,54.53135100193922,2338.7458185185187,83.08423014489266,2232.2887057971016,-10235.83892401584,-4578.602530668417,-4578.602530668417,2334.8671141480095,1,0,0,0,0,0,0,0,0
2024-05-12 19:00:00,2361.481,2362.52,2359.3,2360.361,11972,49592.9,67.79193511866781,74.92862092862089,82.82474598689346,2337.284733333333,82.15547006017563,2318.6521833333336,53.833872010342475,2338.769762962963,82.82474598689346,2232.5323768115945,-10238.514831683853,-5040.507374596978,-5040.507374596978,2335.3719435708213,0,0,0,0,0,0,0,0,0
2024-05-12 20:00:00,2360.278,2364.52,2359.6,2363.99,24529,49880.7,68.33915635833858,79.9584199584198,83.69746888715196,2338.1082333333334,85.73542468185849,2318.785225,56.1797026502907,2338.8012444444444,83.69746888715196,2232.7787681159416,-10236.06641450412,-5241.296748304419,-5241.296748304419,2335.938637757538,1,0,0,0,0,0,0,0,0
2024-05-12 21:00:00,2363.913,2364.14,2354.5,2359.12,60310,50957.0,66.54385204450242,73.20859320859317,82.52630313232724,2338.9279,80.93124198480818,2318.9020583333336,53.03167420814467,2338.839864814815,82.52630313232724,2233.021514492754,-10771.921600543885,-6430.43937618071,-6430.43937618071,2336.397674633626,0,0,0,0,0,0,0,0,0
2024-05-12 22:00:00,2359.104,2359.84,2357.3,2358.96,40510,49695.7,66.34593854137869,72.98683298683315,82.48782540732277,2339.6524,80.77340436026458,2319.0463916666663,52.928248222365845,2338.886253703704,82.48782540732277,2233.264606521739,-10788.090813100507,-6490.946583405433,-6490.946583405433,2336.844453353752,0,0,0,0,0,0,0,0,0
2024-05-12 23:00:00,2358.931,2359.37,2355.8,2357.13,31021,48286.9,65.4298813940124,70.4504504504507,82.0477364275837,2340.2663833333336,78.96813652954549,2319.1659750000003,51.74531351001942,2338.90642037037,82.0477364275837,2233.5050268115947,-12359.989841285043,-6493.557920769647,-6493.557920769647,2337.246147346747,0,0,0,0,0,0,0,0,0
2024-05-13 00:00:00,2357.021,2357.04,2354.0,2354.26,19176,46739.55,64.14946450025397,66.47262647262686,81.35754223531535,2340.88705,76.13692413929208,2319.256225,49.89010989010999,2338.9383277777774,81.35754223531535,2233.7415536231883,-12039.172110934533,-6923.673855841453,-6923.673855841453,2337.5830553200785,0,0,0,0,0,0,0,0,0
2024-05-13 01:00:00,2354.26,2355.09,2351.078,2352.64,35003,45972.3,63.01098957729426,64.22730422730413,80.96795526964462,2341.53435,74.53881819078626,2319.3489541666668,48.84292178409813,2338.9668092592588,80.96795526964462,2233.975071014493,-11508.233630533641,-6991.696815996114,-6991.696815996114,2337.881212640473,0,0,0,0,0,0,0,0,0
2024-05-13 02:00:00,2352.508,2354.46,2347.265,2349.564,46468,45758.85,61.2596055327869,59.963963963963806,80.22822100643292,2342.151233333333,71.50438985893263,2319.434241666667,46.85455720749825,2338.988759259259,80.22822100643292,2234.2060231884057,-9647.627746221555,-7221.296664983381,-7221.296664983381,2338.112554964424,0,0,0,0,0,0,0,0,0
2024-05-13 03:00:00,2349.564,2351.27,2346.2,2348.64,40531,45295.5,60.365109991159486,58.683298683298545,80.0060121445319,2342.8269,70.59287757719248,2319.4814083333335,46.257272139624966,2339.0280000000002,80.0060121445319,2234.436274637681,-9231.966437838531,-7087.86012405842,-7087.86012405842,2338.3210192225542,0,0,0,0,0,0,0,0,0
2024-05-13 04:00:00,2348.601,2350.38,2341.2,2343.22,48702,43169.0,59.170003225867696,51.171171171170904,78.70257921000413,2343.4126166666665,65.24612804577285,2319.5028250000005,42.75371687136377,2339.0532500000004,78.70257921000413,2234.663281884058,-7668.1115483001195,-6126.255024896998,-6126.255024896998,2338.4180287428994,0,0,1,1,0,0,0,0,0
2024-05-13 05:00:00,2343.231,2344.34,2338.7,2340.16,43939,39801.6,59.82655632442673,46.93000693000671,77.96669271929291,2343.940283333333,62.22748347637368,2319.4903208333335,40.775694893341836,2339.065685185185,77.96669271929291,2234.8888688405796,-7912.755012762356,-5733.01495264295,-5733.01495264295,2338.452523223238,0,0,1,1,0,0,0,0,0
2024-05-13 06:00:00,2340.085,2344.17,2339.0,2343.36,41332,36006.05,60.38644905784133,51.36521136521155,78.73624721938315,2344.502783333334,65.38423596724896,2319.4997166666667,42.844214608920545,2339.085611111111,78.73624721938315,2235.1184557971014,-8639.793518931092,-5731.60641746455,-5731.60641746455,2338.549700981194,0,0,1,1,0,0,0,0,0
2024-05-13 07:00:00,2343.301,2346.7,2338.3,2344.611,53517,34787.8,61.824126239579925,53.09909909909894,79.0370949317621,2345.1006333333335,66.61832889415017,2319.5314666666663,43.65287653522937,2339.1016296296298,79.0370949317621,2235.34784057971,-8682.21157040594,-5669.9274564394545,-5669.9274564394545,2338.6697267043382,0,0,1,1,0,0,0,0,0
2024-05-13 08:00:00,2344.571,2349.88,2343.4,2347.15,73313,35767.3,61.404243529358766,56.61815661815678,79.64768833042744,2345.7311333333337,69.12301469862902,2319.5948,45.294117647058854,2339.1232222222225,79.64768833042744,2235.5776811594205,-8683.812953740118,-5670.973241520952,-5670.973241520952,2338.8376529082125,0,0,0,0,0,0,0,0,0
2024-05-13 09:00:00,2347.044,2349.43,2340.235,2344.031,93165,38035.0,59.145040939236175,52.295218295218234,78.89761317862076,2346.3003166666667,66.04616750517914,2319.636508333334,43.2779573367808,2339.1395574074077,78.89761317862076,2235.8065347826087,-8692.42928703578,-5676.600147100336,-5676.600147100336,2338.9404914644856,0,0,1,1,0,0,0,0,0
2024-05-13 10:00:00,2344.031,2346.0,2340.6,2343.701,91384,41106.5,55.94759606692361,51.837837837837874,78.81825287079899,2346.85845,65.72062740455773,2319.6610958333335,43.064641241111815,2339.1452444444444,78.81825287079899,2236.034307246377,-8704.623966182662,-5684.563895225647,-5684.563895225647,2339.034758960238,0,0,1,1,0,0,0,0,0
2024-05-13 11:00:00,2343.67,2343.761,2331.985,2335.851,85028,43637.95,53.84841913634783,40.95772695772707,76.93043948776528,2347.2519,57.97671895038005,2319.653179166666,37.99030381383328,2339.130588888889,76.93043948776528,2236.256858695652,-7084.8595268657145,-4902.908814943867,-4902.908814943867,2338.9717142283516,0,0,0,0,0,0,0,0,0
2024-05-13 12:00:00,2335.765,2337.91,2334.3,2336.73,49849,45212.35,51.20957185613909,42.17602217602216,77.14182648950879,2347.6241,58.84383940021718,2319.628383333333,38.5585003232062,2339.117364814815,77.14182648950879,2236.4809456521734,-8188.028821194972,-5212.605252300032,-5212.605252300032,2338.927323847592,0,0,0,0,0,0,0,0,0
2024-05-13 13:00:00,2336.73,2338.16,2334.1,2335.831,38967,47160.65,51.97150632993201,40.93000693000707,76.92562977213973,2347.9460333333336,57.956989247312094,2319.6018875,37.97737556561093,2339.104162962963,76.92562977213973,2236.7068920289853,-8325.775036224532,-5214.439093585073,-5214.439093585073,2338.8660105040753,0,0,0,0,0,0,0,0,0
2024-05-13 14:00:00,2335.831,2337.97,2335.4,2337.211,25543,47712.95,52.67085624509021,42.84268884268851,77.25750015030353,2348.329133333333,59.3183387590016,2319.584970833333,38.86942469295395,2339.0955666666664,77.25750015030353,2236.9339,-9097.242641209039,-5554.561091153692,-5554.561091153692,2338.8332380188463,0,0,0,0,0,0,0,0,0
2024-05-13 15:00:00,2337.211,2338.45,2335.4,2337.241,25121,48370.4,50.918677933215264,42.88426888426883,77.26471472374192,2348.7926500000003,59.347933313603754,2319.59135,38.888817065287625,2339.0980592592596,77.26471472374192,2237.1607608695654,-9872.60905460629,-5558.831051704138,-5558.831051704138,2338.8017085531264,0,0,0,0,0,0,0,0,0
2024-05-13 16:00:00,2337.248,2337.38,2334.8,2336.545,10318,47659.85,49.65116453907112,41.91961191961198,77.09733661997232,2349.228066666667,58.66133964683852,2319.597433333334,38.438914027149345,2339.0984,77.09733661997232,2237.3887391304347,-10154.989256778368,-5855.891816448838,-5855.891816448838,2338.757021255045,0,0,0,0,0,0,0,0,0
2024-05-13 17:00:00,2335.8,2336.3,2335.8,2336.3,3,44644.5,46.995552471374964,41.00769769069315,77.0384176035592,2349.7079833333332,58.419650784256014,2319.6045166666668,38.28054298642544,2339.1138981481486,77.0384176035592,2237.613613768116,-11848.532266158374,-5862.705445872048,-5862.705445872048,2338.708367368806,0,0,0,0,0,0,0,0,0
2024-05-13 18:00:00,2335.731,2338.45,2334.935,2337.59,6511,42944.55,46.66962875980861,39.600886917960246,77.34864426140805,2350.1386333333335,59.69221663213996,2319.6156375,39.11441499676801,2339.126472222222,77.34864426140805,2237.8405992753624,-12423.568204621874,-5863.541683746496,-5863.541683746496,2338.686221480315,0,0,0,0,0,0,0,0,0
2024-05-13 19:00:00,2337.561,2339.381,2337.1,2338.275,8650,41826.0,47.06375507169586,39.57010920249128,77.51337702158358,2350.5129166666666,60.36795896221785,2319.6372374999996,39.557207498384,2339.1261296296298,77.51337702158358,2238.066961594203,-12768.489773279163,-5862.530455236201,-5862.530455236201,2338.6780784807047,0,0,0,0,0,0,0,0,0
2024-05-13 20:00:00,2338.391,2339.7,2334.5,2336.34,22512,41992.8,46.07288844340736,36.659546945038215,77.04803703481032,2350.675333333333,58.45911019039192,2319.6471083333336,38.30639948287015,2339.1244074074075,77.04803703481032,2238.292222463768,-12774.026887714976,-6436.469411675633,-6436.469411675633,2338.631779896928,0,0,0,0,0,0,0,0,0
2024-05-13 21:00:00,2336.331,2342.11,2336.1,2341.92,51510,42818.15,48.27239131087944,33.91225689733155,78.38994769434255,2350.96815,63.963697346355154,2319.680025,41.91338073691016,2339.1255092592596,78.38994769434255,2238.521294927536,-12761.73572891379,-6902.561912314094,-6902.561912314094,2338.6968931662955,0,0,0,0,0,0,0,0,0
2024-05-13 22:00:00,2341.97,2344.45,2339.9,2340.391,37657,42377.6,47.33278467753995,24.418627743025066,78.02224493476821,2351.08615,62.45536154680893,2319.7178625,40.9250161603103,2339.120335185185,78.02224493476821,2238.748773913044,-12766.986394649133,-7022.1368228752735,-7022.1368228752735,2338.73043983627,0,0,0,0,0,0,0,0,0
2024-05-13 23:00:00,2340.4,2343.61,2339.6,2343.13,26729,41687.5,47.30518751403552,28.46582278481072,78.68093548968916,2351.2993166666665,65.15734438196729,2319.7761083333335,42.695539754363324,2339.1281814814815,78.68093548968916,2238.9778173913046,-13096.473559679007,-7022.221645876671,-7022.221645876671,2338.817559839512,0,0,0,0,0,0,0,0,0
2024-05-14 00:00:00,2343.064,2344.88,2342.2,2343.943,17566,40130.7,47.958281509897695,30.112405063291938,78.87645042986836,2351.536183333333,65.95935681168034,2319.8492458333335,43.22107304460256,2339.1269592592594,78.87645042986836,2239.206877536232,-16297.015472637338,-7020.214287659789,-7020.214287659789,2338.919053704076,0,0,0,0,0,0,0,0,0
2024-05-14 01:00:00,2343.925,2345.881,2342.2,2344.681,32175,39542.5,46.6393171848472,27.32379210158183,79.05392893645161,2351.701533333333,66.68738285488823,2319.9395791666666,43.698125404007754,2339.1176574074075,79.05392893645161,2239.4375449275362,-16446.068529182478,-7024.268273598166,-7024.268273598166,2339.03315165053,0,0,0,0,0,0,0,0,0
2024-05-14 02:00:00,2344.671,2345.241,2336.7,2338.161,50776,40014.7,44.21053404509977,13.291724954266593,77.48596164251786,2351.713,60.25549965473039,2320.0055666666667,39.4835164835165,2339.08425,77.48596164251786,2239.661661594203,-19437.1400216867,-7114.832735048728,-7114.832735048728,2339.0158813208163,0,0,0,0,0,0,0,0,0
2024-05-14 03:00:00,2338.161,2339.78,2335.7,2339.18,39710,39324.35,43.298307412161456,15.484773485418609,77.73101665364028,2351.634,61.26072802604319,2320.0960125,40.142210730445896,2339.043148148148,77.73101665364028,2239.8868840579707,-19444.883223731842,-8216.430416757628,-8216.430416757628,2339.019131195652,0,0,0,0,0,0,0,0,0
2024-05-14 04:00:00,2339.18,2343.99,2337.3,2343.683,43255,37821.45,40.252897787144256,25.175938878725802,78.81392412673597,2351.595633333333,65.70287067179652,2320.2243583333334,43.053005817711664,2338.98932962963,78.81392412673597,2240.114804347826,-20158.572201150026,-8368.567106857314,-8368.567106857314,2339.1114850333615,0,0,0,0,0,0,0,0,0
2024-05-14 05:00:00,2343.695,2348.22,2343.2,2345.831,51977,35762.05,41.87288029142068,29.798773270203583,79.33048758492154,2351.597816666667,67.82184078129652,2320.3535291666662,44.44149967679385,2338.940838888889,79.33048758492154,2240.342656521739,-16710.110201957817,-9140.339731425242,-9140.339731425242,2339.244544735671,0,0,0,0,0,0,0,0,0
2024-05-14 06:00:00,2345.698,2347.58,2342.3,2345.568,46574,33521.55,40.41507285426737,29.232755837727698,79.2672398244454,2351.5844500000003,67.56239518595281,2320.4794583333337,44.27149321266979,2338.890038888889,79.2672398244454,2240.568988405797,-16720.735620595962,-9918.069366568843,-9918.069366568843,2339.369761671598,0,0,0,0,0,0,0,0,0
2024-05-14 07:00:00,2345.624,2346.28,2342.1,2343.53,43609,31450.6,38.29484557747793,24.846658775422682,78.77712980220046,2351.5346166666664,65.55193844332676,2320.6076666666663,42.954104718810704,2338.83365,78.77712980220046,2240.796007246377,-16736.18917217606,-10205.5179284651,-10205.5179284651,2339.452142628596,0,0,0,0,0,0,0,0,0
2024-05-14 08:00:00,2343.511,2350.21,2336.395,2348.16,104906,34203.45,39.500253597920306,34.81114817604613,79.89057896951836,2351.545266666667,70.11936470356122,2320.7831666666666,45.94699418228817,2338.7804092592596,79.89057896951836,2241.026985507246,-14608.527984736313,-11887.398218315257,-11887.398218315257,2339.6245754478314,0,0,0,0,0,0,0,0,0
2024-05-14 09:00:00,2348.24,2355.12,2344.824,2353.784,116725,38091.35,42.901229793487495,46.91488216937507,81.24307100342692,2351.602833333333,75.6673572062743,2320.9750166666663,49.58241758241761,2338.734451851852,81.24307100342692,2241.262336231884,-11113.476092175193,-9894.461941675108,-9894.461941675108,2339.904960092429,0,0,1,1,0,0,0,0,0
2024-05-14 10:00:00,2353.733,2357.01,2347.995,2353.01,112281,42428.25,45.228601482423684,45.2491122350161,81.05693500871763,2351.663116666666,74.90381769754401,2321.223845833333,49.082094376212126,2338.664872222222,81.05693500871763,2241.497669565217,-10170.019540282337,-9137.88770636391,-9137.88770636391,2340.164465833173,0,0,1,1,0,0,0,0,0
2024-05-14 11:00:00,2353.061,2353.86,2347.1,2347.871,80808,45212.6,42.21659288145877,34.18917464758436,79.82107857872901,2351.5704666666666,69.8342704942293,2321.4403916666665,45.76018099547514,2338.586001851852,79.82107857872901,2241.731246376811,-10762.474927820263,-9149.923704769362,-9149.923704769362,2340.31707047014,0,0,0,0,0,0,0,0,0
2024-05-14 12:00:00,2347.89,2355.73,2346.1,2354.17,67534,48073.4,47.39719438877747,47.745614979016665,81.33589851500028,2351.5744666666665,76.04814047548606,2321.688425,49.83193277310925,2338.5304277777777,81.33589851500028,2241.9698188405796,-10738.164268471044,-9129.222000444413,-9129.222000444413,2340.5913859063753,0,0,1,1,0,0,0,0,0
2024-05-14 13:00:00,2354.4,2356.57,2351.6,2355.851,44027,50274.6,46.310492943342254,51.36339180028009,81.74015511332891,2351.552983333333,77.70642201834889,2321.9381999999996,50.91855203619913,2338.4780203703704,81.74015511332891,2242.21076884058,-10743.263759064357,-9133.564463762836,-9133.564463762836,2340.893556482487,0,0,1,1,0,0,0,0,0
2024-05-14 14:00:00,2355.798,2359.72,2355.4,2357.548,34269,51662.5,45.5717200537463,55.015603142149615,82.1482594841579,2351.3709,79.38048732366572,2322.2192750000004,52.01551389786665,2338.4226999999996,82.1482594841579,2242.454694927536,-9534.255953148438,-8243.783233986951,-8243.783233986951,2341.2233474432296,0,0,0,0,0,0,0,0,0
2024-05-14 15:00:00,2357.551,2357.98,2354.7,2356.505,32487,52854.35,44.57700109740281,52.77090283008747,81.89743281428484,2351.2037333333337,78.35158330867147,2322.493525,51.341305753070486,2338.3513388888887,81.89743281428484,2242.6964014492755,-9538.397164457114,-8247.369745457452,-8247.369745457452,2341.525954424552,0,0,1,1,0,0,0,0,0
2024-05-14 16:00:00,2356.55,2358.41,2355.7,2357.827,11169,52287.2,46.042773578264566,55.61605509523355,82.21535501713463,2351.009633333333,79.65571668146433,2322.795325,52.19586296056894,2338.273277777778,82.21535501713463,2242.9393101449273,-9532.294864370262,-8242.08482575,-8242.08482575,2341.848747406244,0,0,0,0,0,0,0,0,0
2024-05-14 17:00:00,2358.031,2358.031,2357.6,2357.8,5,49711.95,47.63725592203384,55.5579468417093,82.20886190104011,2350.7647500000003,79.62908158232253,2323.096991666667,52.17840982546872,2338.2012962962963,82.20886190104011,2243.181911594203,-9525.656719725095,-8924.522810608805,-8924.522810608805,2342.1646137942394,0,0,0,0,0,0,0,0,0
2024-05-14 18:00:00,2357.038,2358.14,2355.9,2357.51,7000,48179.1,48.81605018347891,58.33619014969784,82.13912102446945,2350.4789499999997,79.34300088783701,2323.372616666667,51.990950226244436,2338.1261944444445,82.13912102446945,2243.423175362319,-9807.412432225246,-8919.92174011136,-8919.92174011136,2342.468482828017,0,0,0,0,0,0,0,0,0
2024-05-14 19:00:00,2357.411,2357.55,2354.7,2355.691,11563,47420.8,48.01917408000279,54.216123499141744,81.70167738832433,2350.2048,77.54858439380483,2323.6409958333334,50.81512605042,2338.047677777778,81.70167738832433,2243.6631586956523,-9810.828835669947,-9066.141260586895,-9066.141260586895,2342.7303148512246,0,0,1,1,0,0,0,0,0
2024-05-14 20:00:00,2355.761,2356.93,2354.5,2355.84,24230,47754.0,47.52759381898458,58.13330084074596,81.73750976973486,2350.056916666667,77.69557068166154,2323.9286166666666,50.91144149967685,2337.9745111111106,81.73750976973486,2243.9035572463767,-9812.93636090475,-9068.09042894938,-9068.09042894938,2342.989912576943,0,0,0,0,0,0,0,0,0
2024-05-14 21:00:00,2355.723,2359.05,2354.6,2357.381,48811,48585.8,48.689672154214136,61.88863165590306,82.10809835868447,2349.89075,79.21574430304825,2324.217870833333,51.907563025209946,2337.903451851852,82.10809835868447,2244.1446920289854,-9807.954245855535,-9063.482663940538,-9063.482663940538,2343.274884605122,0,0,0,0,0,0,0,0,0
2024-05-14 22:00:00,2357.39,2359.14,2356.1,2358.488,31320,47613.0,47.52585664178433,67.99999999999939,82.3743161185594,2349.8544833333335,80.30778336786031,2324.511775,52.623141564317876,2337.819151851852,82.3743161185594,2244.386683333333,-9812.94380860979,-9068.097317042959,-9068.097317042959,2343.576134414922,0,0,0,0,0,0,0,0,0
2024-05-14 23:00:00,2358.591,2360.97,2357.4,2360.32,28648,47059.9,50.55477476144698,72.7004490057732,82.81488606986113,2349.7786499999997,82.11502416888658,2324.8295625,53.8073691014868,2337.696372222222,82.81488606986113,2244.6283427536237,-14209.520780618055,-8628.429260440387,-8628.429260440387,2343.9076961096757,0,0,0,0,0,0,0,0,0
2024-05-15 00:00:00,2360.256,2360.83,2355.8,2356.96,26108,46202.55,49.10194697894964,64.07953816549062,82.0068538447664,2349.5908833333333,78.80043405346768,2325.1366458333337,56.72932838099837,2337.6249925925927,82.0068538447664,2244.869364492754,-15447.19605259628,-8633.917842920542,-8633.917842920542,2344.1661575728504,0,0,0,0,0,0,0,0,0
2024-05-15 01:00:00,2356.921,2359.02,2355.5,2358.5,31474,45177.4,50.616772613495115,68.03078896728655,82.3772019479348,2349.4067,80.31962118970125,2325.4331,57.82300847246977,2337.605362962963,82.3772019479348,2245.1105239130434,-15437.00892660741,-8628.195041127776,-8628.195041127776,2344.4499960367543,0,0,0,0,0,0,0,0,0
2024-05-15 02:00:00,2358.365,2359.7,2356.5,2358.76,49989,45348.15,52.074650536642935,75.39067999436911,82.43972825106717,2349.26485,80.57610732958507,2325.7326833333336,58.00765576064043,2337.611825925926,82.43972825106717,2245.3516036231886,-15427.204771105406,-9036.902847104702,-9036.902847104702,2344.7333624518683,1,0,0,0,0,0,0,0,0
2024-05-15 03:00:00,2358.75,2364.87,2358.0,2362.404,58623,46098.85,54.41905934320584,91.9419676590595,83.31605843804482,2349.25075,84.17085922856877,2326.0521791666665,60.59555852253759,2337.655664814815,83.31605843804482,2245.5979760869564,-17311.084707285583,-7820.640866152857,-7820.640866152857,2345.0832760666826,1,0,0,0,0,0,0,0,0
2024-05-15 04:00:00,2362.404,2374.3,2361.9,2373.089,64447,44075.9,59.96104500995054,97.13813068651721,85.88564901100217,2349.4659833333335,94.71145309263107,2326.4139250000003,68.18385188446753,2337.7109907407403,85.88564901100217,2245.8531782608693,-11588.58058075772,-5895.696774585565,-5895.696774585565,2345.6378448574415,1,0,0,0,0,0,0,0,0
2024-05-15 05:00:00,2373.15,2374.27,2368.0,2369.153,52483,40863.8,58.46965655631435,87.83646461065725,84.93909697589122,2349.6148666666663,90.82864752885466,2326.7356875,65.38857601431708,2337.7588944444446,84.93909697589122,2246.1048398550724,-11596.112845675072,-5899.5604752426525,-5899.5604752426525,2346.103491493928,1,0,0,0,0,0,0,0,0
2024-05-15 06:00:00,2369.25,2370.86,2365.135,2365.781,42606,37380.05,59.47551008408312,79.86765922249741,84.12817892142122,2349.6872166666662,87.50221959159526,2327.038683333333,62.99384272312132,2337.7753574074072,84.12817892142122,2246.355739130435,-11591.03277735301,-5896.954637087812,-5896.954637087812,2346.4931451277116,1,0,0,0,0,0,0,0,0
2024-05-15 07:00:00,2365.791,2366.74,2361.7,2362.73,51989,35939.1,59.48000672043022,72.65745007680457,83.3846672120891,2349.7267,84.49245338857668,2327.3227625,60.8270778146283,2337.771801851852,83.3846672120891,2246.606468115942,-11591.010067068428,-5896.942987770851,-5896.942987770851,2346.8146670063707,0,0,0,0,0,0,0,0,0
2024-05-15 08:00:00,2362.711,2378.91,2358.32,2372.503,128320,38978.4,61.6003120696107,86.3462972828988,85.53796233043816,2349.8685833333334,93.70814101934626,2327.6326708333336,67.76768530420647,2337.8073981481484,85.53796233043816,2246.8598036231883,-9393.280163582152,-5262.9013837778,-5262.9013837778,2347.3233468676303,1,0,0,0,0,0,0,0,0
2024-05-15 09:00:00,2372.485,2375.49,2351.735,2357.96,138612,43707.65,54.80508261041726,55.35428875865755,81.94580316963409,2349.8492499999998,79.42649513895725,2327.8619124999996,57.43951025857722,2337.81175,81.94580316963409,2247.1019311594205,-8452.364001433692,-5366.552786991861,-5366.552786991861,2347.5339736623305,0,0,0,0,0,0,0,0,0
2024-05-15 10:00:00,2358.055,2373.79,2353.65,2373.721,115342,47761.3,58.73316373819244,88.94192860948347,85.76217568296627,2350.0952666666667,94.90425218501439,2328.150291666667,68.6326868310974,2337.8380481481477,85.76217568296627,2247.352460869565,-8437.909241073894,-5357.313504085179,-5357.313504085179,2348.052528639314,1,0,0,0,0,0,0,0,0
2024-05-15 11:00:00,2373.681,2385.75,2372.8,2377.94,107695,51521.7,61.06495591508032,85.47382125918355,86.7968021972632,2350.4421,92.81310389251868,2328.4449166666664,71.62894417260259,2337.8740666666667,86.7968021972632,2247.6080166666666,-6734.2938235629235,-4610.130775169525,-4610.130775169525,2348.644359755367,1,0,0,0,0,0,0,0,0
2024-05-15 12:00:00,2377.541,2386.71,2376.7,2383.538,73462,54636.35,62.5672734155652,94.20374600274091,88.16669937205648,2350.930066666667,97.10663139651552,2328.7777333333333,75.60454232328895,2337.923914814815,88.16669937205648,2247.8660108695653,-6545.154329047723,-4519.184590250288,-4519.184590250288,2349.335322928528,1,0,0,0,0,0,0,0,0
2024-05-15 13:00:00,2383.561,2390.25,2383.2,2389.22,59557,57613.95,67.06966806757627,98.232214880288,89.56043956043946,2351.5397333333335,99.0898648051602,2329.1517958333334,79.6397957516918,2337.9759703703703,89.56043956043946,2248.126211594203,-5931.884543508844,-4213.769068670361,-4213.769068670361,2350.125118514102,1,0,0,0,0,0,0,0,0
2024-05-15 14:00:00,2389.22,2389.41,2383.2,2385.378,43653,59446.6,65.27026178667853,91.63820475414082,88.61803375196232,2352.1366333333335,95.69497216576846,2329.4024083333334,76.91127697803412,2338.0328277777776,88.61803375196232,2248.3777173913045,-5936.556505811578,-5018.169634599844,-5018.169634599844,2350.823195375209,1,0,0,0,0,0,0,0,0
2024-05-15 15:00:00,2385.396,2387.5,2383.5,2386.305,36183,60677.6,65.84064575252015,93.22921136188076,88.84541797488218,2352.7643833333336,96.51409384112382,2329.7217416666667,77.56961557854949,2338.094262962963,88.84541797488218,2248.6301920289857,-5935.075566006718,-5164.800349371404,-5164.800349371404,2351.525805367779,1,0,0,0,0,0,0,0,0
2024-05-15 16:00:00,2386.283,2388.73,2385.21,2385.806,17455,60338.85,65.33574859407858,92.37277954174897,88.72301805337517,2353.4741500000005,96.07316426614831,2330.0029541666668,77.2152348216378,2338.157727777778,88.72301805337517,2248.8803123188404,-5936.386476453145,-5165.943944294261,-5165.943944294261,2352.20462110307,1,0,0,0,0,0,0,0,0
2024-05-15 17:00:00,2385.806,2386.0,2385.5,2385.9,12,57898.9,65.34974542747378,92.53411138762564,88.74607535321819,2354.2364833333336,96.15622514800751,2330.287120833333,77.28199191813025,2338.2248203703703,88.74607535321819,2249.132960144928,-5936.350135200659,-5165.912241387365,-5165.912241387365,2352.871856328752,1,0,0,0,0,0,0,0,0
2024-05-15 18:00:00,2385.45,2389.57,2384.28,2388.868,12392,56952.5,66.272321845086,97.62807860636735,89.47409733124013,2354.99495,98.77882831138989,2330.5706041666663,79.38981173078416,2338.2843166666667,89.47409733124013,2249.388310869565,-5933.954766077948,-5912.878856804421,-5912.878856804421,2353.584651252935,1,0,0,0,0,0,0,0,0
2024-05-15 19:00:00,2388.99,2391.92,2388.5,2391.79,18699,56455.05,66.9746099724687,99.78309835655274,90.19083594976448,2355.781266666667,99.88679902472997,2330.8538125,81.46496317706956,2338.346888888889,90.19083594976448,2249.6466985507245,-5685.6050517047015,-5685.6050517047015,-5685.6050517047015,2354.3411928122828,1,0,0,0,0,0,0,0,0
2024-05-15 20:00:00,2391.733,2395.17,2389.9,2395.01,47053,57502.3,67.3600193493773,99.74677534224918,90.9806711145997,2356.578933333333,99.86451011940059,2331.1484583333336,83.75174882287362,2338.416924074074,90.9806711145997,2249.908328985507,-5259.29545447364,-5259.29545447364,-5259.29545447364,2355.146515726891,1,0,0,0,0,0,0,0,0
2024-05-15 21:00:00,2394.893,2397.39,2389.465,2391.55,86175,60237.35,65.84103951711228,91.0710190352424,90.13196624803767,2357.3709166666667,95.145873161001,2331.4291250000006,81.2945195264508,2338.4964111111112,90.13196624803767,2250.170082608696,-5006.886344284088,-5006.886344284088,-5006.886344284088,2355.867376801606,1,0,0,0,0,0,0,0,0
2024-05-15 22:00:00,2391.55,2391.8,2386.2,2387.5,62996,60887.7,65.02319844952135,84.87883189358625,89.13854003139713,2358.1009,91.77956944559898,2331.7093333333337,78.41828292225634,2338.566948148148,89.13854003139713,2250.428227536232,-5008.677694777114,-5008.677694777114,-5008.677694777114,2356.493765379792,1,0,0,0,0,0,0,0,0
2024-05-15 23:00:00,2387.375,2390.75,2386.3,2388.65,43851,60149.1,64.08888084901113,86.19055142992607,89.4206240188383,2358.980883333333,92.73543346355267,2331.9976625,79.23499208147207,2338.635790740741,89.4206240188383,2250.6875101449277,-5010.7241685489025,-5010.7241685489025,-5010.7241685489025,2357.130522500984,1,0,0,0,0,0,0,0,0
2024-05-16 00:00:00,2388.561,2392.18,2386.5,2391.33,30502,58451.85,65.25201956991694,90.4250276504978,90.07800235478801,2359.8908833333335,94.96301221843575,2332.302745833333,81.13827951338325,2338.6991222222223,90.07800235478801,2250.947531884058,-5231.819799794454,-5008.17649858744,-5008.17649858744,2357.807739877202,1,0,0,0,0,0,0,0,0
2024-05-16 01:00:00,2391.25,2394.48,2390.0,2390.153,43276,57991.5,64.2124415912566,88.49260613770059,89.78929552590257,2360.79625,93.98470617571267,2332.616195833333,80.30239544347286,2338.7448777777777,89.78929552590257,2251.206881884058,-9388.318659653405,-5010.4535284388485,-5010.4535284388485,2358.4482400776537,1,0,0,0,0,0,0,0,0
2024-05-16 02:00:00,2390.153,2390.43,2386.363,2386.958,56108,58666.6,62.81650189796857,83.41230720305325,89.00559262166404,2361.625366666667,91.32906657800699,2332.9217291666664,78.03336434460866,2338.765225925926,89.00559262166404,2251.46337826087,-11183.583847762326,-5013.511111821365,-5013.511111821365,2359.0127897790862,1,0,0,0,0,0,0,0,0
2024-05-16 03:00:00,2386.989,2391.15,2384.545,2389.281,58978,59016.05,63.16441946681152,87.10605819685175,89.57540227629508,2362.4927000000002,93.25991189427319,2333.2555583333333,79.68311684622422,2338.77075,89.57540227629508,2251.7218188405795,-16349.792674652426,-5012.749053845584,-5012.749053845584,2359.61216027851,1,0,0,0,0,0,0,0,0
2024-05-16 04:00:00,2389.32,2391.4,2385.0,2386.05,51640,55182.05,64.41510592569861,81.96851645730686,88.7828689167975,2363.317783333333,90.574349596875,2333.597475,77.38851919976713,2338.7759055555557,88.7828689167975,2251.97617173913,-16340.978816591207,-5010.009624519361,-5010.009624519361,2360.1356818571535,1,0,0,0,0,0,0,0,0
2024-05-16 05:00:00,2385.97,2387.75,2383.3,2385.4,43099,50406.4,63.943694264441596,80.93496581332516,88.62343014128726,2364.136116666667,90.03407863020549,2333.945675,76.92690097934081,2338.781646296296,88.62343014128726,2252.230821014493,-16461.009976831865,-5011.042176619365,-5011.042176619365,2360.6359653847344,1,0,0,0,0,0,0,0,0
2024-05-16 06:00:00,2385.323,2385.69,2380.6,2384.795,41517,46715.15,62.70143351458239,79.97296867546537,88.47502943485084,2364.922866666667,89.53121103815161,2334.302025,76.4972409434056,2338.7824703703704,88.47502943485084,2252.4857065217393,-13805.23267710198,-5013.763150773038,-5013.763150773038,2361.114362109789,1,0,0,0,0,0,0,0,0
2024-05-16 07:00:00,2384.821,2386.62,2381.2,2384.55,48785,43769.65,62.10445362861636,79.5833995865802,88.41493328100472,2365.6941166666666,89.32757044302244,2334.658525,76.32324638339885,2338.7873407407405,88.41493328100472,2252.7410949275363,-13808.788245213751,-5015.0707400534375,-5015.0707400534375,2361.578434147219,1,0,0,0,0,0,0,0,0
2024-05-16 08:00:00,2384.55,2386.27,2377.67,2379.065,91824,44687.75,60.140833984221274,70.29502350462019,87.06951530612243,2366.4062,84.76851467043485,2335.0110833333333,72.42789878487879,2338.7790537037035,87.06951530612243,2252.9934536231885,-11752.176298254575,-5019.371735879513,-5019.371735879513,2361.924702777967,0,0,0,0,0,0,0,0,0
2024-05-16 09:00:00,2379.121,2382.21,2371.565,2375.13,121897,47804.75,59.45790633081125,63.91635597341588,86.10429748822604,2366.9597,81.49779735682839,2335.359375,69.63333309660608,2338.7630722222225,86.10429748822604,2253.2415,-8952.980033569042,-5020.867580044249,-5020.867580044249,2362.1861938120664,0,0,0,0,0,0,0,0,0
2024-05-16 10:00:00,2375.14,2379.05,2370.7,2373.29,94790,50361.6,57.64917877101779,60.933700761874064,85.65296310832021,2367.5080166666667,79.96841492810248,2335.647916666667,68.32659844186088,2338.739562962963,85.65296310832021,2253.4883550724635,-8666.357516781482,-5024.829309449118,-5024.829309449118,2362.4060711623224,0,0,0,0,0,0,0,0,0
2024-05-16 11:00:00,2373.29,2382.37,2372.8,2381.51,70593,52082.1,58.30806295022239,74.25838871778303,87.66925039246469,2368.1476833333336,86.80076469121465,2335.9879124999998,74.16429347555919,2338.7277296296297,87.66925039246469,2253.7449528985508,-8663.888861183112,-5023.386128682051,-5023.386128682051,2362.7843667828706,0,0,0,0,0,0,0,0,0
2024-05-16 12:00:00,2381.428,2383.801,2378.9,2381.888,54403,53929.5,58.67384330734198,74.8711298427623,87.7619701726844,2368.7800999999995,87.11495303798525,2336.3312041666663,74.43274222528379,2338.719874074074,87.7619701726844,2254.0006210144925,-9722.565839750372,-5022.584945115915,-5022.584945115915,2363.162656549546,0,0,0,0,0,0,0,0,0
2024-05-16 13:00:00,2381.911,2382.46,2379.4,2381.46,38045,55831.15,60.38267750610495,74.17733830442565,87.65698587127156,2369.393083333334,86.75920538608608,2336.6370791666664,74.12878438168012,2338.7110722222224,87.65698587127156,2254.256910869565,-9715.379825457845,-5018.842016195177,-5018.842016195177,2363.5249801822283,0,0,0,0,0,0,0,0,0
2024-05-16 14:00:00,2381.363,2382.02,2378.1,2379.671,32429,56833.0,58.1086839009189,71.27735451450796,87.21816130298265,2370.0849166666667,85.27221344859109,2336.9361750000003,72.85826900269142,2338.7236388888887,87.21816130298265,2254.511293478261,-9724.942456261822,-5023.822836708124,-5023.822836708124,2363.8447033469365,0,0,0,0,0,0,0,0,0
2024-05-16 15:00:00,2379.588,2381.84,2377.5,2378.06,30412,57418.65,57.06505487513916,68.30887777686702,86.82299843014123,2370.732916666667,83.93317263735356,2337.249625,71.71416599791198,2338.7468055555555,86.82299843014123,2254.764079710145,-9729.331140138105,-5250.537140203183,-5250.537140203183,2364.1261943697696,0,0,0,0,0,0,0,0,0
2024-05-16 16:00:00,2378.07,2378.44,2375.6,2376.464,13790,55755.5,56.02136572570897,65.69226985818514,86.43151491365771,2371.2792666666664,82.60659961765444,2337.554454166667,70.58071572129614,2338.760137037037,86.43151491365771,2255.0153833333334,-11182.022387798357,-8672.45647910935,-8672.45647910935,2364.3705073525466,0,0,0,0,0,0,0,0,0
2024-05-16 17:00:00,2376.51,2377.5,2375.9,2376.4,5,51447.0,56.37272173996605,65.58734322485479,86.41581632653059,2371.78875,82.55340370709018,2337.8615375000004,70.5352640811312,2338.767766666667,86.41581632653059,2255.264750724638,-11180.325015748807,-8671.140045934917,-8671.140045934917,2364.6087151277434,0,0,0,0,0,0,0,0,0
2024-05-16 18:00:00,2376.741,2379.42,2376.098,2378.341,6498,48622.1,56.54504383781913,68.7695712763341,86.8919250392464,2372.334966666667,84.16673593217523,2338.171791666667,71.9137271055116,2338.782787037037,86.8919250392464,2255.5165304347825,-11179.492541846135,-8670.494403005529,-8670.494403005529,2364.8806415608574,0,0,0,0,0,0,0,0,0
2024-05-16 19:00:00,2378.361,2379.69,2377.4,2377.811,8318,46845.45,56.36413364966895,67.90064759406549,86.76192111459969,2372.906316666667,83.7262072978142,2338.478858333334,71.53733071039498,2338.7900611111113,86.76192111459969,2255.7677195652172,-13573.817397949011,-8671.172223118496,-8671.172223118496,2365.1366882626226,0,0,0,0,0,0,0,0,0
2024-05-16 20:00:00,2377.811,2379.65,2377.2,2378.01,23055,46473.1,56.52342705853904,63.13206254993774,86.81073390894821,2373.4038166666664,83.89161333222536,2338.7877458333332,71.67865690403323,2338.7933574074073,86.81073390894821,2256.0189876811596,-14536.285005913629,-8670.575395059783,-8670.575395059783,2365.391605326729,0,0,0,0,0,0,0,0,0
2024-05-16 21:00:00,2377.863,2378.85,2375.998,2378.018,37041,46161.35,57.18765090300371,62.230454279586944,86.81269623233906,2373.807716666667,83.89826282104576,2339.102025,71.68433835905373,2338.8152777777777,86.81269623233906,2256.270080434783,-14532.112745584081,-8668.08673322215,-8668.08673322215,2365.6416329440217,0,0,0,0,0,0,0,0,0
2024-05-16 22:00:00,2378.091,2381.19,2373.6,2375.043,34558,45083.85,56.07148051422471,56.43010333398368,86.08295722135007,2374.1749333333337,81.42548416590493,2339.4103625000002,69.57154727325671,2338.8008574074074,86.08295722135007,2256.517517391304,-14865.950671070974,-8672.268712947809,-8672.268712947809,2365.8277986282983,0,0,0,0,0,0,0,0,0
2024-05-16 23:00:00,2375.053,2377.84,2374.575,2377.751,26592,43464.55,56.393275918347015,61.70988496783061,86.74720368916799,2374.6729333333333,83.67633613166015,2339.7244,71.4947197977403,2338.7862481481484,86.74720368916799,2256.76759057971,-17665.115060542194,-8671.063035150424,-8671.063035150424,2366.063901625758,0,0,0,0,0,0,0,0,0
2024-05-17 00:00:00,2377.751,2379.11,2376.1,2378.771,15535,41659.3,56.369448753619345,59.33828346800677,86.99739992150707,2375.0829500000004,84.52414595627987,2340.0216958333335,72.21910531287071,2338.751846296296,86.99739992150707,2257.017823188406,-17665.296933412414,-8671.152308903618,-8671.152308903618,2366.315527336139,0,0,0,0,0,0,0,0,0
2024-05-17 01:00:00,2378.78,2382.38,2378.1,2381.31,37267,41367.7,56.56232804762144,64.77932318475519,87.62019230769226,2375.507266666667,86.63452747070075,2340.3355291666667,74.02225710004323,2338.7456592592594,87.62019230769226,2257.2696855072463,-21054.792036655133,-8670.429643883002,-8670.429643883002,2366.6124475869087,0,0,0,0,0,0,0,0,0
2024-05-17 02:00:00,2381.238,2386.661,2380.5,2386.01,51041,41843.9,59.00674653372042,75.07392399518187,88.77305729984303,2375.981633333334,90.5411021527723,2340.70055,77.36011192466401,2338.734048148148,88.77305729984303,2257.5250333333333,-17721.40918357134,-8661.271088296271,-8661.271088296271,2366.9965575356828,1,0,0,0,0,0,0,0,0
2024-05-17 03:00:00,2385.961,2387.84,2382.5,2383.748,47393,41774.3,57.793073646521485,70.11937356258919,88.21821036106748,2376.4356833333336,88.6609591887625,2341.0533416666667,75.75368051758053,2338.7232574074073,88.21821036106748,2257.778828985507,-16262.689089560676,-9726.269665069214,-9726.269665069214,2367.3282692676494,0,0,0,0,0,0,0,0,0
2024-05-17 04:00:00,2383.86,2385.59,2381.1,2384.171,45212,39443.7,57.83550103914202,71.04588763552705,88.32196821036098,2376.8747500000004,89.01255091014873,2341.398425,76.05408745179622,2338.726137037037,88.32196821036098,2258.0316152173914,-16262.391144387777,-9726.091248784012,-9726.091248784012,2367.6617886880917,0,0,0,0,0,0,0,0,0
2024-05-17 05:00:00,2384.24,2386.58,2381.4,2382.473,35027,35100.2,56.26345914972511,67.32668930018619,87.9054650706436,2377.285966666667,87.60119690798777,2341.7353958333333,74.84819862366744,2338.7257166666664,87.9054650706436,2258.281243478261,-16273.430764397728,-9732.70202207845,-9732.70202207845,2367.955080001199,0,0,0,0,0,0,0,0,0
2024-05-17 06:00:00,2382.395,2387.58,2381.4,2387.37,34681,32094.75,54.62410713707514,78.05278720841082,89.10665227629507,2377.7836333333335,91.671515252265,2342.10325,78.32595927817101,2338.7302722222225,89.10665227629507,2258.5354028985507,-16284.943067857346,-9739.595848876808,-9739.595848876808,2368.3395338625614,1,0,0,0,0,0,0,0,0
2024-05-17 07:00:00,2387.37,2390.14,2385.6,2389.685,43522,30741.2,56.71867432819816,83.12342569269528,89.67449960753527,2378.3502,93.59571107971081,2342.484375,79.97003032476607,2338.743387037037,89.67449960753527,2258.791425362319,-14007.746829938373,-11178.653747206625,-11178.653747206625,2368.762216360333,1,0,0,0,0,0,0,0,0
2024-05-17 08:00:00,2389.67,2394.05,2386.6,2393.243,69938,31517.95,58.97544841290603,90.9166575402476,90.54724293563574,2378.9735833333334,96.55307123264905,2342.853366666667,82.49685744519161,2338.7597814814812,90.54724293563574,2259.04868115942,-11318.457464973413,-9900.319278745428,-9900.319278745428,2369.246984353197,1,0,0,0,0,0,0,0,0
2024-05-17 09:00:00,2393.26,2405.14,2392.8,2401.6,128847,36058.05,62.27809716343431,93.37140717161319,92.59713500784923,2379.7105666666666,97.10135433896141,2343.3196166666667,88.43184739611802,2338.791262962963,92.59713500784923,2259.312018115942,-7328.224168790642,-6702.734909513826,-6702.734909513826,2369.8876381283812,1,0,0,0,0,0,0,0,0
2024-05-17 10:00:00,2401.59,2415.49,2398.625,2413.323,114557,40164.45,62.73714428357471,96.6010508979689,95.47267464678171,2380.624483333333,98.28138631136495,2343.8288333333335,96.7573095469748,2338.8486759259263,95.47267464678171,2259.585872463768,-5516.502400850876,-5152.852993338752,-5152.852993338752,2370.747744304057,1,0,0,0,0,0,0,0,0
2024-05-17 11:00:00,2413.295,2419.101,2403.44,2407.76,97494,43518.55,66.46172153907213,83.16509812071386,94.10812401883831,2381.4151500000003,91.10516780260556,2344.3042041666663,92.0145612268609,2338.8969537037037,94.10812401883831,2259.856104347826,-5070.5221389879725,-4760.724527305042,-4760.724527305042,2371.4806602584317,1,0,0,0,0,0,0,0,0
2024-05-17 12:00:00,2407.72,2414.2,2407.5,2407.85,62228,45940.45,62.58546047245743,83.29869667191134,94.1302001569858,2382.2633166666665,91.17575548427057,2344.756975,92.07793213679653,2338.944951851852,94.1302001569858,2260.1272376811594,-5079.041206847173,-4768.73316569395,-4768.73316569395,2372.2008452038094,1,0,0,0,0,0,0,0,0
2024-05-17 13:00:00,2407.81,2414.33,2405.5,2414.22,59010,48890.7,63.169740090024874,92.75450524003159,95.69270015698578,2383.191983333333,96.17179473102148,2345.2243499999995,96.56318431781193,2339.012875925926,95.69270015698578,2260.4033898550724,-5191.136100053811,-4767.526001342867,-4767.526001342867,2373.032907675021,1,0,0,0,0,0,0,0,0
2024-05-17 14:00:00,2414.17,2419.18,2412.8,2417.381,48261,50978.85,62.50637458149507,97.33264141152051,96.4680631868131,2384.1690000000003,98.5899043737263,2345.7163125,98.73399014778327,2339.0802296296297,96.4680631868131,2260.6824485507245,-5370.458740525786,-4761.125464972161,-4761.125464972161,2373.9110877210596,1,0,0,0,0,0,0,0,0
2024-05-17 15:00:00,2417.338,2417.83,2411.4,2416.338,43255,52725.7,60.37699748974507,95.78619615983445,96.21222527472527,2385.0679,97.77237811569239,2346.1957708333334,98.00000000000026,2339.1431185185183,96.21222527472527,2260.960802173913,-5641.974202800046,-4765.517744451844,-4765.517744451844,2374.7512245978705,1,0,0,0,0,0,0,0,0
2024-05-17 16:00:00,2416.345,2422.709,2412.52,2414.525,32159,53180.9,61.32934271388055,88.46901682306229,95.76751373626371,2385.7584999999995,93.75786559275127,2346.6680625000004,94.380240199411,2339.1831092592593,95.76751373626371,2261.2393181159423,-5494.493253301734,-4631.370408716135,-4631.370408716135,2375.538824110784,1,0,0,0,0,0,0,0,0
2024-05-17 17:00:00,2414.5,2414.5,2414.5,2414.5,1,51328.9,61.036693728324174,88.43379265646594,95.76138147566714,2386.514283333333,93.73879748911223,2347.1371041666666,94.36307328897415,2339.2245537037034,95.76138147566714,2261.517901449275,-5575.868937661755,-4709.041736283938,-4709.041736283938,2376.3103325442335,1,0,0,0,0,0,0,0,0
2024-05-19 18:00:00,2414.5,2425.35,2414.5,2417.76,28727,51037.35,62.24347479577628,89.68960130408243,96.56102825745684,2387.3806,94.32523364486003,2347.6202291666664,94.88096041006293,2339.2821648148147,96.56102825745684,2261.7989130434785,-5240.353729275082,-4466.38942068449,-4466.38942068449,2377.1311180384073,1,0,0,0,0,0,0,0,0
2024-05-19 19:00:00,2417.683,2420.57,2416.8,2420.173,23222,50868.85,62.90272789561272,92.96746586972743,97.15291405023537,2388.3379833333333,96.12934579439242,2348.1464875,96.50839684359606,2339.3430037037037,97.15291405023537,2262.081647101449,-5275.3066487016995,-4465.115501650989,-4465.115501650989,2377.9834325326965,1,0,0,0,0,0,0,0,0
2024-05-19 20:00:00,2420.25,2426.52,2416.2,2425.37,48484,52516.3,63.51505457561369,98.46225847429285,98.42768838304545,2389.2191000000003,99.12123180376717,2348.6856125,99.23046038543892,2339.4208000000003,98.42768838304545,2262.3681550724637,-5137.156350674628,-4365.239881754314,-4365.239881754314,2378.921780403336,1,0,0,0,0,0,0,0,0
2024-05-19 21:00:00,2425.37,2440.62,2425.303,2434.61,98651,55585.5,65.14572722127924,93.0895711164772,98.557092096418,2390.4966,95.61521905665212,2349.211820833333,96.32505808976411,2339.497392592593,98.557092096418,2262.6608260869566,-4217.4741417279565,-3444.425951624472,-3444.425951624472,2380.024517425052,1,0,0,0,0,0,0,0,0
2024-05-19 22:00:00,2434.61,2437.09,2428.6,2433.92,59143,55990.6,64.01354174169862,90.41762013730003,98.39143378469225,2391.4999166666666,95.11180826615123,2349.7239833333338,95.90314296196661,2339.5779666666667,98.39143378469225,2262.951072463768,-4299.49362876398,-3446.115276422414,-3446.115276422414,2381.091754703764,1,0,0,0,0,0,0,0,0
2024-05-19 23:00:00,2433.91,2438.9,2430.6,2437.57,46828,55962.35,66.55157531290483,95.63787185354731,99.2677422452704,2392.49375,97.77477838981525,2350.258358333333,98.13501284089537,2339.680594444445,99.2677422452704,2263.2456666666667,-4864.593108923274,-3442.3282970562454,-3442.3282970562454,2382.210135798739,1,0,0,0,0,0,0,0,0
2024-05-20 00:00:00,2437.503,2439.67,2434.8,2437.27,34102,55406.85,68.39654025282792,95.20881006865002,99.19571689234613,2393.389283333333,97.55590413307561,2350.7921916666664,97.9515714809833,2339.8007981481483,99.19571689234613,2263.5401782608697,-5548.823573633,-3439.5754397898727,-3439.5754397898727,2383.300430139358,1,0,0,0,0,0,0,0,0
2024-05-20 01:00:00,2437.168,2450.1,2436.8,2449.44,60107,56660.85,70.7772233235357,99.16876574307322,99.84507042253524,2394.39295,99.54962639462292,2351.3592958333334,99.61854120910886,2339.944027777778,99.84507042253524,2263.8442652173912,-4999.27727534606,-3010.2258518646595,-3010.2258518646595,2384.610124592044,1,0,0,0,0,0,0,0,0
2024-05-20 02:00:00,2449.49,2449.73,2431.7,2438.71,90977,59475.65,65.3492289749905,85.65491183879111,97.32629107981224,2395.2818166666666,92.22764338599075,2351.8784125,93.41694601780148,2340.063212962963,97.32629107981224,2264.1397217391304,-5246.97482292604,-3017.3212693137375,-3017.3212693137375,2385.681409253588,1,0,0,0,0,0,0,0,0
2024-05-20 03:00:00,2438.683,2443.721,2435.465,2442.108,72267,60912.9,66.5925741404312,89.93450881612125,98.1239436619719,2396.2118666666665,94.54638506943279,2352.3756958333333,95.38088082302639,2340.192014814815,98.1239436619719,2264.438863768116,-5244.187053496802,-3015.695981515776,-3015.695981515776,2386.7987674861897,1,0,0,0,0,0,0,0,0
2024-05-20 04:00:00,2442.24,2443.66,2436.5,2439.965,52474,60039.7,67.04306503160606,87.23551637279628,97.62089201877939,2397.1145166666665,93.08403562045805,2352.8830041666665,94.14229568835987,2340.339366666667,97.62089201877939,2264.737350724638,-6057.769857799496,-3055.3219926757906,-3055.3219926757906,2387.8515641696313,1,0,0,0,0,0,0,0,0
2024-05-20 05:00:00,2440.012,2447.26,2438.5,2441.585,55899,56392.3,66.89340206451963,89.27581863979867,98.00117370892022,2398.0425999999998,94.1894981063838,2353.3853375000003,95.07860362963827,2340.49007962963,98.00117370892022,2265.0379268115944,-6058.15658381264,-3120.549456669568,-3120.549456669568,2388.9155926019157,1,0,0,0,0,0,0,0,0
2024-05-20 06:00:00,2441.67,2443.06,2434.448,2436.23,50203,53174.6,65.98802013636659,82.53148614609587,96.74413145539908,2398.8319666666666,90.53533044457342,2353.872816666667,91.98358571263444,2340.6218481481483,96.74413145539908,2265.3360065217394,-6244.097870845231,-3211.26663869949,-3211.26663869949,2389.8525115602934,1,0,0,0,0,0,0,0,0
2024-05-20 07:00:00,2436.17,2437.22,2427.525,2430.41,71959,51897.85,63.88340530536707,75.20151133501255,95.3539405379896,2399.4756333333335,86.56385410624719,2354.3403499999995,88.61981273841171,2340.7378055555555,95.3539405379896,2265.628133333333,-6602.85560307483,-3328.4721188141325,-3328.4721188141325,2390.655630143258,1,0,0,0,0,0,0,0,0
2024-05-20 08:00:00,2430.581,2430.9,2407.145,2413.735,125181,55045.5,58.12145703541569,54.200251889169095,91.41727637479353,2399.7877166666663,75.18509672796768,2354.7175583333333,78.98219858975854,2340.819240740741,91.41727637479353,2265.90827826087,-5468.568369141168,-3366.6355695138905,-3366.6355695138905,2391.112647368144,0,0,1,1,0,0,0,0,0
2024-05-20 09:00:00,2413.733,2422.68,2410.1,2420.12,137068,58948.4,59.649503553795235,62.24181360201514,92.90246212121211,2400.2638833333335,79.54212016786653,2355.1020416666665,82.67252340769852,2340.9172018518516,92.90246212121211,2266.1912898550722,-5465.011049810753,-3364.421009342326,-3364.421009342326,2391.687050390557,0,0,0,0,0,0,0,0,0
2024-05-20 10:00:00,2419.995,2423.66,2414.635,2422.923,100779,61574.3,62.073578963595956,65.77204030226687,93.5660511363636,2400.8542666666667,81.45484322221836,2355.5268708333333,84.2925673332562,2341.0095407407407,93.5660511363636,2266.4718398550726,-5459.367759367729,-3376.020991319375,-3376.020991319375,2392.30558404619,0,0,0,0,0,0,0,0,0
2024-05-20 11:00:00,2422.875,2426.99,2419.328,2424.85,85776,63700.35,63.84032958467883,68.19899244332497,94.02225378787878,2401.4576,82.76979767306972,2355.943895833333,85.40631140908566,2341.1022074074076,94.02225378787878,2266.7567130434786,-5455.254732662845,-3373.4493019145957,-3373.4493019145957,2392.950027926463,0,0,0,0,0,0,0,0,0
2024-05-20 12:00:00,2424.808,2428.13,2422.2,2426.415,54278,64806.3,64.81083944353075,70.17002518891698,94.3927556818182,2402.04235,83.83772902521414,2356.364404166667,86.31083111778987,2341.1973833333336,94.3927556818182,2267.0426659420286,-5452.995368540271,-3598.122729544913,-3598.122729544913,2393.6127006407905,0,0,0,0,0,0,0,0,0
2024-05-20 13:00:00,2426.403,2436.76,2425.5,2435.278,60738,67843.15,64.93655132564398,81.33249370277066,96.49100378787875,2402.7944333333335,89.88570063802919,2356.825625,91.43336030516697,2341.3058407407407,96.49100378787875,2267.3337782608696,-5452.702709054499,-3656.162911298198,-3656.162911298198,2394.437756073646,1,0,0,0,0,0,0,0,0
2024-05-20 14:00:00,2435.248,2437.37,2431.5,2435.085,51984,69006.0,64.79313470854231,81.08942065491203,96.44531250000003,2403.5965499999998,89.75400047766907,2357.2789375,91.32181250722468,2341.4067574074074,96.44531250000003,2267.624611594203,-5453.036585476572,-4062.839206442354,-4062.839206442354,2395.2426519929795,1,0,0,0,0,0,0,0,0
2024-05-20 15:00:00,2435.161,2435.31,2425.7,2426.73,46126,70151.2,62.0572098226177,70.5667506297231,94.46732954545458,2404.2207,84.0526800641442,2357.702975,86.49289099526072,2341.4975259259263,94.46732954545458,2267.911020289855,-5459.405867017545,-4539.228344200848,-4539.228344200848,2395.866163834703,0,0,0,0,0,0,0,0,0
2024-05-20 16:00:00,2426.608,2427.98,2422.9,2425.785,29081,69181.05,62.337467761095134,69.37657430730475,94.24360795454544,2404.88295,83.40782694735402,2358.1290166666668,85.94671136284819,2341.5824425925925,94.24360795454544,2268.196270289855,-5506.181829843614,-5017.365049804785,-5017.365049804785,2396.458616035996,0,0,0,0,0,0,0,0,0
2024-05-20 17:00:00,2425.831,2426.9,2424.9,2425.0,6,64248.8,62.61421046974109,68.38790931989939,94.05776515151517,2405.54295,82.8721553106555,2358.555266666667,85.49300658883371,2341.6665888888892,94.05776515151517,2268.479860869565,-5844.523967419283,-5253.107151413147,-5253.107151413147,2397.023791956075,0,0,0,0,0,0,0,0,0
2024-05-20 18:00:00,2427.076,2430.52,2425.698,2427.32,12819,61932.6,63.61358574610263,71.30982367758222,94.60700757575763,2406.2517000000003,84.45528677198149,2358.9741833333333,86.83389203560297,2341.7486074074077,94.60700757575763,2268.764813768116,-5842.032691646225,-5250.866399672426,-5250.866399672426,2397.623716867836,0,0,0,0,0,0,0,0,0
2024-05-20 19:00:00,2427.25,2428.6,2425.0,2426.18,11270,60154.7,63.249228148621334,69.87405541561708,94.33712121212119,2406.9455333333335,83.67736872632976,2359.391879166667,86.17500866951792,2341.832401851852,94.33712121212119,2269.049002173913,-5842.940974327222,-5456.630827264306,-5456.630827264306,2398.189187820948,0,0,0,0,0,0,0,0,0
2024-05-20 20:00:00,2426.201,2429.9,2424.0,2428.84,30100,59954.6,63.38934876099683,73.22418136020184,94.96685606060612,2407.7751166666667,85.49251083285014,2359.8074416666664,87.71240319038274,2341.912938888889,94.96685606060612,2269.334625362319,-6525.840599301144,-5456.304623999551,-5456.304623999551,2398.7961345967706,0,0,0,0,0,0,0,0,0
2024-05-20 21:00:00,2428.84,2433.1,2419.478,2420.44,95629,61730.7,60.84988979327968,62.64483627204053,92.97821969696973,2408.5302833333335,79.76048312804951,2360.2146374999998,82.85747312449436,2341.988612962963,92.97821969696973,2269.6145855072464,-7762.762978351457,-5462.216529406878,-5462.216529406878,2399.2247259908936,0,0,0,0,0,0,0,0,0
2024-05-20 22:00:00,2420.38,2422.69,2411.378,2413.853,82785,61321.1,58.835419573351984,53.108667529107414,91.41879734848489,2409.2063333333335,75.26561806953508,2360.5993166666663,79.05039879782693,2342.051585185185,91.41879734848489,2269.8880514492757,-7769.427892230457,-5466.906251720759,-5466.906251720759,2399.514394783153,0,0,1,1,0,0,0,0,0
2024-05-20 23:00:00,2413.815,2417.23,2406.121,2413.665,53156,60365.55,58.77931404759207,52.372549019607916,91.37428977272728,2409.7422500000002,75.13732983042757,2360.9696916666667,78.94174083920937,2342.106298148148,91.37428977272728,2270.1613376811597,-7511.733770528412,-5337.414870625566,-5337.414870625566,2399.794604787447,0,0,1,1,0,0,0,0,0
2024-05-21 00:00:00,2413.74,2415.89,2410.3,2412.318,33237,59403.7,59.254477652702015,50.61176470588274,91.05539772727279,2410.249416666667,74.21815824490793,2361.3435166666663,78.16321812507242,2342.1514777777775,91.05539772727279,2270.4336521739133,-7510.21319833375,-5336.334437680047,-5336.334437680047,2400.0425928114582,0,0,1,1,0,0,0,0,0
2024-05-21 01:00:00,2412.329,2417.97,2411.7,2416.46,42612,58739.35,59.54255681061811,56.02614379084984,92.03598484848487,2410.83275,77.04459381077494,2361.7390583333336,80.55716102184725,2342.210161111111,92.03598484848487,2270.709934782609,-7509.291315528169,-5335.679399689379,-5335.679399689379,2400.3676899835086,0,0,0,0,0,0,0,0,0
2024-05-21 02:00:00,2416.4,2417.39,2409.3,2410.66,64631,59460.75,57.680284003602964,48.44444444444437,90.66287878787878,2411.3492333333334,73.08676515746015,2362.114883333333,77.20494740492425,2342.2641000000003,90.66287878787878,2270.9817101449275,-7515.250779213455,-5339.9138588790265,-5339.9138588790265,2400.571498102647,0,0,1,1,0,0,0,0,0
2024-05-21 03:00:00,2410.57,2422.19,2408.484,2419.241,71878,59456.7,58.877109223244176,59.66143790849683,92.69436553030305,2412.035583333333,78.94230441161424,2362.531295833333,82.16448965437526,2342.336638888889,92.69436553030305,2271.25887826087,-7511.420815951778,-5337.19250273259,-5337.19250273259,2400.9411912095256,0,0,0,0,0,0,0,0,0
2024-05-21 04:00:00,2419.241,2419.95,2414.0,2418.73,57754,56085.35,57.810709647849635,58.99346405228773,92.57339015151518,2412.740016666667,78.59360605957222,2362.960545833333,81.86914807536706,2342.4101462962963,92.57339015151518,2271.5353014492753,-7514.833403795852,-5339.617295418632,-5339.617295418632,2401.293444848941,0,0,0,0,0,0,0,0,0
2024-05-21 05:00:00,2418.71,2420.21,2412.085,2416.25,51225,51793.2,57.75060331753103,55.751633986928226,91.98626893939395,2413.404183333333,76.90129311815491,2363.3877916666665,80.43578777020002,2342.47885,91.98626893939395,2271.810043478261,-8045.395171751281,-5339.753965943925,-5339.753965943925,2401.5896142578727,0,0,0,0,0,0,0,0,0
2024-05-21 06:00:00,2416.34,2420.09,2414.7,2419.741,41380,48823.25,58.35989132376311,60.315032679738664,92.81273674242426,2414.0941833333336,79.28349653689999,2363.8228624999997,82.45347358686861,2342.554287037037,92.81273674242426,2272.089186231884,-8702.179875741329,-5338.36855925839,-5338.36855925839,2401.9490476389046,0,0,0,0,0,0,0,0,0
2024-05-21 07:00:00,2419.79,2423.77,2417.0,2423.325,51440,47106.45,59.516931621223684,64.99999999999989,93.66122159090907,2414.8527499999996,81.72916169094812,2364.2856541666665,84.52491041498087,2342.634951851852,93.66122159090907,2272.3736514492753,-8697.891205674016,-5381.008664217892,-5381.008664217892,2402.3723338242726,0,0,0,0,0,0,0,0,0
2024-05-21 08:00:00,2423.44,2430.0,2422.1,2426.125,84200,48602.55,59.11749344801468,68.66013071895438,94.3241003787879,2415.654666666667,83.63983759254843,2364.74485,86.14322043694375,2342.721603703704,94.3241003787879,2272.6605173913044,-8699.371757856115,-5705.057260876488,-5705.057260876488,2402.8426836495346,0,0,0,0,0,0,0,0,0
2024-05-21 09:00:00,2426.2,2431.52,2420.325,2427.689,135844,52357.85,58.97251865143072,70.70457516339862,94.66531778148058,2416.4825166666665,84.70708656044216,2365.1996791666666,87.04716217778288,2342.7557407407407,94.66531778148058,2272.9485239130436,-8699.909119495109,-5705.40966321146,-5705.40966321146,2403.3346899139005,0,0,0,0,0,0,0,0,0
2024-05-21 10:00:00,2427.645,2431.701,2424.9,2429.48,102343,54875.8,58.62732307047661,72.69778219132755,94.98906439854194,2417.3898,85.92923675321582,2365.680575,88.08230262397417,2342.8094814814817,94.98906439854194,2273.2252811594203,-8701.18861681137,-5706.248758913724,-5706.248758913724,2403.852418826497,0,0,0,0,0,0,0,0,0
2024-05-21 11:00:00,2429.5,2433.9,2419.915,2423.305,97672,57453.1,55.22179078193337,63.79054054054044,93.48845686512757,2418.1490333333336,81.71551400593671,2366.1327625,84.51335105768115,2342.8687314814815,93.48845686512757,2273.497429710145,-8462.864787134407,-6364.274098427342,-6364.274098427342,2404.237618453695,0,0,0,0,0,0,0,0,0
2024-05-21 12:00:00,2423.36,2424.0,2417.87,2422.6,69064,59452.25,52.356805698810554,61.80555555555556,93.31713244228432,2418.879516666667,81.23443310928384,2366.5920333333333,84.10588371286556,2342.9411000000005,93.31713244228432,2273.7689094202897,-8473.178279639978,-7532.286454930413,-7532.286454930413,2404.6012299694635,0,0,0,0,0,0,0,0,0
2024-05-21 13:00:00,2422.773,2423.81,2418.2,2419.9,51744,62039.15,53.12967259602986,56.60919540229905,92.66099635479956,2419.5226833333336,79.39199563274093,2367.0322833333335,82.54537047740156,2343.0126,92.66099635479956,2274.040597826087,-8470.396081226721,-7529.81320171521,-7529.81320171521,2404.904175910662,0,0,0,0,0,0,0,0,0
2024-05-21 14:00:00,2419.869,2420.67,2417.2,2420.35,36502,63223.3,53.21650970099326,56.88405797101449,92.77035236938032,2420.0950166666667,79.69906854549798,2367.473833333333,82.80545601664548,2343.0687851851853,92.77035236938032,2274.312105072464,-9266.86925676342,-7529.535314086921,-7529.535314086921,2405.2100338134214,0,0,0,0,0,0,0,0,0
2024-05-21 15:00:00,2420.49,2425.26,2419.6,2423.31,34003,64359.95,52.38082765845996,61.173913043478315,93.48967193195627,2420.7543833333334,81.71892592718963,2367.9266625000005,84.51624089700614,2343.139025925926,93.48967193195627,2274.585293478261,-9270.157272354125,-7532.209582199607,-7532.209582199607,2405.568448985433,0,0,0,0,0,0,0,0,0
2024-05-21 16:00:00,2423.281,2423.43,2420.0,2420.365,14256,63567.75,50.782446351031,56.71761280931557,92.77399756986631,2421.3576166666667,79.70930430925647,2368.3707041666667,82.8141255346202,2343.206035185185,92.77399756986631,2274.85775,-9276.446150649013,-7537.324566062864,-7537.324566062864,2405.8614499956225,0,0,0,0,0,0,0,0,0
2024-05-21 17:00:00,2420.78,2423.2,2420.5,2421.5,9,58786.75,51.352895542416185,58.36972343522564,93.04981773997571,2422.0080666666668,80.48381043365526,2368.81905,83.47011906138025,2343.280979629629,93.04981773997571,2275.131293478261,-9274.20170151703,-7535.499070234565,-7535.499070234565,2406.1711242531346,0,0,0,0,0,0,0,0,0
2024-05-21 18:00:00,2421.11,2422.25,2420.274,2421.989,7360,55015.5,51.96989210987477,56.41705426356608,93.1686512758202,2422.58505,80.81749633218475,2369.266920833333,83.75274534735875,2343.3567555555555,93.1686512758202,2275.4053036231885,-10818.7719820771,-7533.524618036227,-7533.524618036227,2406.484349515449,0,0,0,0,0,0,0,0,0
2024-05-21 19:00:00,2421.99,2422.18,2420.8,2421.494,10816,52898.5,51.84128221059175,54.95118110236257,93.04835965978134,2423.1152,80.47971612815194,2369.710229166667,83.46665125419041,2343.4396129629627,93.04835965978134,2275.6789224637682,-10819.361530091233,-7533.936182884008,-7533.936182884008,2406.7815703171236,0,0,1,1,0,0,0,0,0
2024-05-21 20:00:00,2421.69,2423.18,2419.9,2420.49,24452,52459.25,50.72735604744587,48.324607329842465,92.8043742405832,2423.5693166666665,79.7946023405779,2370.1532708333334,82.88637151774354,2343.5120185185183,92.8043742405832,2275.9515579710146,-12312.357520586043,-8069.4564526108,-8069.4564526108,2407.0530243702497,0,0,1,1,0,0,0,0,0
2024-05-21 21:00:00,2420.54,2423.4,2418.8,2421.814,52714,52964.35,50.43976481559894,45.04905293831936,93.12612393681651,2423.906216666667,80.69807908833461,2370.6283708333335,83.65160097098597,2343.5921314814814,93.12612393681651,2276.2256043478264,-14003.315001091054,-8480.079323173624,-8480.079323173624,2407.345320917373,0,0,1,1,0,0,0,0,0
2024-05-21 22:00:00,2421.96,2426.56,2415.714,2417.604,58419,52653.75,47.90775365051996,30.355765109300908,92.10303766707166,2423.977566666667,77.82524139342858,2371.047091666667,81.21835625939192,2343.641425925926,92.10303766707166,2276.4961,-13019.939768775213,-8489.194162314987,-8489.194162314987,2407.5484630774254,0,0,0,0,0,0,0,0,0
2024-05-21 23:00:00,2417.75,2419.561,2412.224,2414.15,47070,51413.35,44.31047140219352,19.394618834080962,91.26366950182265,2424.084066666667,75.46828619195483,2371.4521958333335,79.222055253728,2343.6773240740745,91.26366950182265,2276.7633297101447,-10924.125893143635,-8502.143808624525,-8502.143808624525,2407.6791865808427,0,0,0,0,0,0,0,0,0
2024-05-22 00:00:00,2414.18,2416.16,2411.7,2412.9,28897,49970.5,44.1728948127121,16.591928251121313,90.95990279465374,2424.168233333333,74.61530587874046,2371.8426916666667,78.49959542249462,2343.702111111111,90.95990279465374,2277.028793478261,-10664.536509852516,-8502.639062555485,-8502.639062555485,2407.7825690247864,0,0,0,0,0,0,0,0,0
2024-05-22 01:00:00,2412.694,2417.37,2411.214,2417.03,47901,49804.3,44.32107230541244,24.805020578003482,91.9635479951398,2424.215066666666,77.4335528336008,2372.256691666667,80.88660270488978,2343.7456574074076,91.9635479951398,2277.2981007246376,-10433.275710546468,-8502.105647052047,-8502.105647052047,2407.96568646984,0,0,0,0,0,0,0,0,0
2024-05-22 02:00:00,2417.2,2418.14,2413.494,2417.023,60893,50779.95,44.39299699253957,24.789103890493394,91.96184690157965,2424.2091,77.42877614384676,2372.6832874999996,80.88255692983483,2343.7808759259265,91.96184690157965,2277.5676536231886,-15423.048370959597,-8501.846729570756,-8501.846729570756,2408.1450392130114,0,0,0,0,0,0,0,0,0
2024-05-22 03:00:00,2416.864,2418.5,2411.8,2417.213,59740,51194.95,40.44111976555882,25.221128265763536,92.00801944106934,2424.223683333333,77.55842915145539,2373.148058333333,80.99237082418233,2343.8359092592596,92.00801944106934,2277.836131884058,-15448.800210051093,-8516.072861638078,-8516.072861638078,2408.3246027929517,0,0,0,0,0,0,0,0,0
2024-05-22 04:00:00,2417.213,2417.54,2410.2,2416.88,58208,49895.35,43.09937157813553,24.463948702790102,91.92709599027951,2424.2629333333334,76.89847009735755,2373.6045499999996,80.7999075251417,2343.885140740741,91.92709599027951,2278.105386231884,-14468.830247077298,-8506.503576161364,-8506.503576161364,2408.494016599032,0,0,0,0,0,0,0,0,0
2024-05-22 05:00:00,2416.821,2418.0,2414.1,2417.145,51677,45687.0,41.94954882901939,25.066509015666416,91.98370226222332,2424.3070166666666,77.08275382475661,2374.0479791666667,80.95306900936312,2343.9321314814815,91.98370226222332,2278.378831884058,-14475.858503489988,-9311.199445904016,-9311.199445904016,2408.6653232010312,0,0,0,0,0,0,0,0,0
2024-05-22 06:00:00,2417.21,2419.381,2413.9,2414.676,40356,42587.65,41.861527866277875,19.4524659496575,91.2511731291677,2424.255616666667,75.36578581363001,2374.461495833333,79.5260663507109,2343.9893833333335,91.2511731291677,2278.6457311594204,-14476.396528934618,-9311.545766972406,-9311.545766972406,2408.7843465039814,0,0,0,0,0,0,0,0,0
2024-05-22 07:00:00,2414.741,2415.3,2404.648,2408.69,69033,41155.7,39.703129597515904,8.892898002287989,89.77278340330949,2424.064233333333,71.20305980528516,2374.8534125,76.06635071090055,2344.0305314814814,89.77278340330949,2278.902122463768,-10792.921095301685,-8084.7288062439775,-8084.7288062439775,2408.782478256378,0,0,0,0,0,0,0,0,0
2024-05-22 08:00:00,2408.67,2415.09,2408.0,2412.361,87206,42062.8,42.448860796335296,16.96955029481602,90.67942701901703,2423.8474166666665,73.75591098748254,2375.2608333333333,78.18807074326666,2344.0864777777774,90.67942701901703,2279.1608115942026,-10780.390376066473,-8075.342332844484,-8075.342332844484,2408.8533400730835,0,0,0,0,0,0,0,0,0
2024-05-22 09:00:00,2412.36,2413.34,2405.675,2411.71,111274,45039.3,43.88409209837788,15.537270087124732,90.51864657940236,2423.4657500000003,73.30319888734357,2375.684875,77.81181366316041,2344.1488481481483,90.51864657940236,2279.4212717391306,-10773.840397506585,-8070.435894645241,-8070.435894645241,2408.9099075963886,0,0,0,0,0,0,0,0,0
2024-05-22 10:00:00,2411.73,2411.75,2381.8,2388.65,150089,50718.65,42.12476061909397,10.029282576866672,84.82341318844163,2422.71125,57.26703755215582,2375.9897083333335,64.48387469656697,2344.1785129629634,84.82341318844163,2279.665481884058,-5227.156477615993,-4490.739422995989,-4490.739422995989,2408.508721307351,0,0,0,0,0,0,0,0,0
2024-05-22 11:00:00,2388.555,2395.27,2386.3,2391.928,95032,53770.1,40.9732450466835,14.828696925329051,85.59689020389467,2421.95055,59.54659248956875,2376.2881958333332,66.37845335799327,2344.220398148148,85.59689020389467,2279.9158500000003,-5229.7291218796445,-4492.949625630174,-4492.949625630174,2408.180390192354,0,0,0,0,0,0,0,0,0
2024-05-22 12:00:00,2391.918,2395.09,2389.315,2391.89,61367,56125.65,39.88447973505968,14.773060029282185,84.72322825139881,2421.1942166666663,59.520166898469995,2376.600154166667,66.35649057912377,2344.2616203703706,84.72322825139881,2280.1496934782604,-5232.161573424828,-4495.039386305076,-4495.039386305076,2407.8578082083473,0,0,0,0,0,0,0,0,0
2024-05-22 13:00:00,2391.913,2394.34,2386.618,2388.206,56607,58955.55,38.19078311311641,9.430295892830804,83.32147669091896,2420.1736499999997,56.95827538247573,2376.9101708333333,64.2272569645129,2344.3038074074075,83.32147669091896,2280.3722739130435,-6206.427840594491,-4498.29024354489,-4498.29024354489,2407.4686634913505,0,0,0,0,0,0,0,0,0
2024-05-22 14:00:00,2388.265,2390.73,2374.5,2377.695,93169,63246.0,35.15503120124811,4.391148982957881,80.48908649959586,2419.1567333333337,49.64881780250356,2377.1816041666666,58.15223673563764,2344.344351851852,80.48908649959586,2280.5845311594203,-5212.328087161069,-3938.2911932638854,-3938.2911932638854,2406.879085996472,0,0,0,0,0,0,0,0,0
2024-05-22 15:00:00,2377.77,2380.09,2376.4,2379.17,53698,65390.1,32.09791459274584,6.418361737218333,80.88655348962548,2418.107766666667,50.67454798331017,2377.477729166667,59.00473933649298,2344.3780166666666,80.88655348962548,2280.797234057971,-5219.1396925364,-3943.4378542209606,-3943.4378542209606,2406.3303912242645,0,0,0,0,0,0,0,0,0
2024-05-22 16:00:00,2379.118,2380.62,2377.2,2378.506,29041,65619.55,32.00173051107336,5.5057724024187005,80.70762597682564,2417.08345,50.212795549374,2377.771183333333,58.62096867414168,2344.4131759259258,80.70762597682564,2281.009767391304,-5219.354001668711,-3943.599780284382,-3943.599780284382,2405.7794131802198,0,0,0,0,0,0,0,0,0
2024-05-22 17:00:00,2378.55,2378.55,2378.0,2378.1,3,62984.0,33.706359311130484,5.250875145857514,80.59822150363783,2416.025366666667,49.93045897079267,2378.0611833333332,58.386313720957105,2344.444361111111,80.59822150363783,2281.223236231884,-5215.555893783287,-4496.338149613661,-4496.338149613661,2405.2313059885323,0,0,0,0,0,0,0,0,0
2024-05-22 18:00:00,2380.711,2383.36,2377.766,2380.611,12231,60674.6,35.02148598106055,9.720057261014613,81.27485852869845,2415.098383333333,51.67663421418626,2378.357020833333,59.83759102993871,2344.487133333333,81.27485852869845,2281.439334782609,-5212.62564118212,-4493.811974681026,-4493.811974681026,2404.7437751768784,0,0,0,0,0,0,0,0,0
2024-05-22 19:00:00,2380.475,2382.741,2380.0,2382.211,15667,59104.45,35.88855689890572,12.264991251789088,81.70600916195092,2414.2950666666666,52.78929068150191,2378.66315,60.76233961391739,2344.56142962963,81.70600916195092,2281.656306521739,-5210.6937080303505,-4492.146452364765,-4492.146452364765,2404.2975816090193,0,0,0,0,0,0,0,0,0
2024-05-22 20:00:00,2382.211,2383.7,2378.6,2380.201,34387,59378.95,34.428721555045854,9.067917925878847,81.16437617892754,2413.736166666667,51.3915159944367,2378.9584875,59.60062420529425,2344.6417629629627,81.16437617892754,2281.871347101449,-5213.946388104012,-4494.950592479748,-4494.950592479748,2403.8204215771575,0,0,0,0,0,0,0,0,0
2024-05-22 21:00:00,2380.195,2381.92,2366.3,2372.98,97521,61859.95,33.09844836131198,9.399183903193842,79.21853947722988,2412.9505,46.36995827538245,2379.2214041666666,55.42711825222524,2344.7056888888887,79.21853947722988,2282.0817818840583,-4761.635819670792,-3871.8910581458636,-3871.8910581458636,2403.209720159788,0,0,0,0,0,0,0,0,0
2024-05-22 22:00:00,2373.02,2375.7,2367.985,2369.5,55259,61578.25,31.245496264269605,4.502603067398102,78.25148407987051,2412.060116666667,43.94993045897075,2379.4684333333335,53.41579008207148,2344.7583277777776,78.25148407987051,2282.2914536231883,-4785.928476605313,-3874.965986949452,-3874.965986949452,2402.542200948703,0,0,0,0,0,0,0,0,0
2024-05-22 23:00:00,2369.393,2372.88,2367.744,2372.42,37423,60462.4,34.278623904872845,8.611228366399207,79.01674770394385,2411.1862833333334,45.98052851182199,2379.7191666666668,55.1034562478327,2344.828105555556,79.01674770394385,2282.5022362318837,-4957.52843557638,-3869.93258562087,-3869.93258562087,2401.945721721996,0,0,0,0,0,0,0,0,0
2024-05-23 00:00:00,2372.28,2373.96,2371.2,2372.79,23602,58732.1,35.98580253233668,9.131841846066987,79.11669367909239,2410.2925333333333,46.237830319888666,2379.962466666667,55.31730435787773,2344.9077333333335,79.11669367909239,2282.713388405797,-5127.203954824363,-3867.099564334007,-3867.099564334007,2401.368380697798,0,0,0,0,0,0,0,0,0
2024-05-23 01:00:00,2372.751,2373.15,2358.185,2359.851,56375,58967.0,33.10456120962469,2.1039338258510685,75.614968927317,2409.0354166666666,37.239916550764974,2380.1430333333337,47.83897815281482,2344.9631,75.614968927317,2282.915700724638,-6269.598055252455,-3400.4832742820845,-3400.4832742820845,2400.546254347347,0,0,0,0,0,0,0,0,0
2024-05-23 02:00:00,2359.821,2367.22,2354.84,2364.128,75898,60744.1,35.143600557384644,11.542189635889194,76.72658364916087,2407.8528,40.214186369958334,2380.3509624999997,50.31094671136298,2345.0309944444443,76.72658364916087,2283.1204601449276,-5763.220868180411,-3234.3786941475487,-3234.3786941475487,2399.8251007959143,0,0,0,0,0,0,0,0,0
2024-05-23 03:00:00,2364.145,2364.78,2354.8,2356.07,79325,61258.7,31.821410940265594,1.6055625790138854,74.5232766702251,2406.675133333333,34.61057023643955,2380.5452958333335,45.653681655300105,2345.0806425925925,74.5232766702251,2283.317945652174,-5875.009077035247,-3237.149650306218,-3237.149650306218,2398.958663156391,0,0,0,0,0,0,0,0,0
2024-05-23 04:00:00,2355.955,2361.85,2354.7,2360.451,65902,60193.5,34.755864296861205,7.2613636363638685,75.71027576527712,2405.5862333333334,37.6571627260083,2380.7537583333333,48.18575887180679,2345.1437277777777,75.71027576527712,2283.5158847826087,-6438.9234962617975,-3576.793659831219,-3576.793659831219,2398.196135173096,0,0,0,0,0,0,0,0,0
2024-05-23 05:00:00,2360.345,2364.29,2358.655,2364.05,54039,57331.75,32.720521474505446,11.805555555555975,76.68539782487368,2404.5703999999996,39.867225716282476,2380.9893624999995,50.26586521789403,2345.2140055555556,76.68539782487368,2283.718870289855,-8006.825788018947,-3589.8942170428613,-3589.8942170428613,2397.5199740805597,0,0,0,0,0,0,0,0,0
2024-05-23 06:00:00,2364.004,2367.73,2363.2,2366.38,49911,52322.85,33.79457652303114,14.747474747475064,77.31669385123094,2403.554733333333,39.899497487437216,2381.2169833333332,51.612530343313026,2345.2808518518523,77.31669385123094,2283.9226239130435,-8003.122149920581,-3588.233675232243,-3588.233675232243,2396.9033409304498,0,0,0,0,0,0,0,0,0
2024-05-23 07:00:00,2366.371,2369.456,2365.3,2368.08,56821,50412.3,35.01617518974729,16.893939393939473,77.77729610222119,2402.5864,40.622013726001256,2381.4347416666665,52.595075713790315,2345.3443888888887,77.77729610222119,2284.128529710145,-7998.909740725008,-3586.345023747702,-3586.345023747702,2396.332581704104,0,0,0,0,0,0,0,0,0
2024-05-23 08:00:00,2367.961,2369.31,2360.3,2362.7,88124,51750.15,32.46284488006428,10.101010101010067,76.31962544908716,2401.4840666666664,36.72718848637531,2381.5851791666664,49.485608600161775,2345.399981481482,76.31962544908716,2284.3318485507248,-8007.714327999777,-3590.292597702469,-3590.292597702469,2395.6665899871914,0,0,0,0,0,0,0,0,0
2024-05-23 09:00:00,2362.604,2369.96,2350.4,2358.69,137869,55813.25,30.180000613289934,9.928143712574807,75.2331460217513,2400.4548999999997,27.981091195587904,2381.7282583333335,47.167957461565216,2345.5109055555554,75.2331460217513,2284.5320115942027,-6967.627625785974,-3363.563879019901,-3363.563879019901,2394.9343802844746,0,0,0,0,0,0,0,0,0
2024-05-23 10:00:00,2358.475,2363.891,2341.415,2345.889,156496,58979.6,26.81790865384602,4.837541222901177,71.04445679355383,2399.3221666666664,14.584648170157214,2381.7806666666665,39.769390821870424,2345.5924925925924,71.04445679355383,2284.71634057971,-5473.801800511202,-2968.726228543412,-2968.726228543412,2393.9631846352772,0,1,0,0,0,0,0,0,0
2024-05-23 11:00:00,2345.98,2349.87,2339.9,2346.041,103812,61485.3,26.215888699867108,6.532978723404337,70.51317653726275,2398.1950999999995,14.018591200165535,2381.8460875,39.85724193734843,2345.672994444444,70.51317653726275,2284.8940782608697,-5506.149717515787,-2910.990187969627,-2910.990187969627,2393.0142304840833,0,1,0,0,0,0,0,0,0
2024-05-23 12:00:00,2346.018,2350.18,2339.951,2340.951,73247,63695.6,24.69775869854736,1.1180851063829051,68.15027721038811,2397.0056499999996,9.81284858500326,2381.8928375,36.915385504566004,2345.7386240740743,68.15027721038811,2285.0621731884057,-6467.045366763884,-3070.5600017260613,-3070.5600017260613,2391.983275424993,0,1,0,0,0,0,0,0,0
2024-05-23 13:00:00,2340.901,2343.16,2331.6,2332.078,75972,67494.05,24.322650739412495,0.4672531769306595,65.28764705882355,2395.5992833333335,0.40337552742621563,2381.8816624999995,31.78707663853893,2345.782783333333,65.28764705882355,2285.2164688405796,-5446.830380690701,-2763.5373688592417,-2763.5373688592417,2390.79703234727,0,1,0,0,0,0,0,0,0
2024-05-23 14:00:00,2332.141,2336.411,2331.5,2334.706,60656,69915.3,25.525717849903018,3.1308593750001252,66.06058823529418,2394.333383333333,2.70320404721765,2381.870133333333,33.305976187724085,2345.843494444445,66.06058823529418,2285.3745963768115,-5430.933306995042,-2817.6616350807585,-2817.6616350807585,2389.6863188354428,0,1,0,0,0,0,0,0,0
2024-05-23 15:00:00,2334.771,2334.86,2330.6,2331.418,43789,71321.4,25.442404192015516,0.791868344627502,65.09352941176478,2392.869666666667,0.6845188284520594,2381.818041666667,31.405617847647786,2345.8849685185182,65.09352941176478,2285.5312217391306,-5417.526664648589,-2840.613180293262,-2840.613180293262,2388.532490739691,0,1,0,0,0,0,0,0,0
2024-05-23 16:00:00,2331.471,2333.17,2326.848,2328.375,23815,70792.8,24.83515280855832,1.4264095953368847,64.19852941176474,2391.36375,1.2389251290040277,2381.744666666667,29.646861634493167,2345.9315648148145,64.19852941176474,2285.68491884058,-5339.610426775463,-3364.4337306589123,-3364.4337306589123,2387.3412532993016,0,1,0,0,0,0,0,0,0
2024-05-23 17:00:00,2328.827,2328.827,2327.7,2327.9,7,65917.1,23.535448796183232,0.9826999962636226,64.05882352941182,2389.89125,0.853535845260227,2381.6704999999997,29.372326898624536,2345.9914629629634,64.05882352941182,2285.8380326086954,-5342.62514196468,-3375.212554151125,-3375.212554151125,2386.1641987785233,0,1,0,0,0,0,0,0,0
2024-05-23 18:00:00,2328.321,2332.16,2327.808,2330.91,10803,63694.3,25.196173575488572,3.7944176661808218,64.9441176470588,2388.410733333333,3.2956868854054293,2381.606083333333,31.112010172234385,2346.0425925925924,64.9441176470588,2285.995,-5338.773024736749,-3410.258736479145,-3410.258736479145,2385.0700562284537,0,1,0,0,0,0,0,0,0
2024-05-23 19:00:00,2330.834,2333.6,2330.2,2331.908,14044,62525.35,25.139298954425172,4.726674886970761,65.23764705882353,2386.8871166666668,4.105410054197861,2381.5452,31.688822101491144,2346.0977185185184,65.23764705882353,2286.152904347826,-5338.904947684103,-3603.062992776639,-3603.062992776639,2384.0173422437315,0,1,0,0,0,0,0,0,0
2024-05-23 20:00:00,2331.99,2332.35,2327.3,2329.14,29847,62837.6,24.55731721352332,2.1410155812127876,64.42352941176469,2385.2707,1.8596047122966908,2381.4686125000003,30.089007051207922,2346.1297,64.42352941176469,2286.308473188406,-5340.25487749692,-4049.6212671260155,-4049.6212671260155,2382.930662199301,0,1,0,0,0,0,0,0,0
2024-05-23 21:00:00,2329.03,2335.2,2326.4,2333.815,65281,63282.9,26.51207895117507,6.897674418604617,65.79852941176475,2383.706133333333,5.99434114793854,2381.3998,32.79100682002088,2346.1376351851854,65.79852941176475,2286.4666434782607,-5279.816164023939,-4013.7660053208306,-4013.7660053208306,2381.9580748290177,0,1,0,0,0,0,0,0,0
2024-05-23 22:00:00,2333.831,2334.56,2325.2,2330.7,56973,62336.65,26.215577617902156,5.059797608095663,64.80990274093716,2382.0598,4.4035228182546,2381.3219125,30.990636920587157,2346.1572,64.80990274093716,2286.6246217391304,-5136.247592453276,-3929.8879015078596,-3929.8879015078596,2380.9430634462647,0,1,0,0,0,0,0,0,0
2024-05-23 23:00:00,2330.69,2331.53,2328.2,2330.54,31540,59947.4,25.67246287194672,5.268350434096428,64.76274683171233,2380.513716666667,4.2754203362691285,2381.2265374999997,30.898162062189368,2346.170825925926,64.76274683171233,2286.7828210144926,-5137.460985540755,-3930.816302782997,-3930.816302782997,2379.944982981982,0,1,0,0,0,0,0,0,0
2024-05-24 00:00:00,2330.58,2335.13,2330.2,2335.05,25992,57951.9,28.031762589545124,9.717837411207924,65.94138543516878,2379.05455,7.8863090472380755,2381.1478708333334,33.50479713327954,2346.1798,65.94138543516878,2286.943817391304,-5937.215986690547,-3926.7833118127432,-3926.7833118127432,2379.055973417982,0,1,0,0,0,0,0,0,0
2024-05-24 01:00:00,2335.05,2339.29,2332.9,2338.411,41557,57327.8,29.835304391350306,13.033741120757917,66.81847890671423,2377.6964,10.577261809447743,2381.0698333333335,35.44734712749979,2346.202422222222,66.81847890671423,2287.105093478261,-9188.809830298831,-3923.7003343737597,-3923.7003343737597,2378.2511224592104,0,1,0,0,0,0,0,0,0
2024-05-24 02:00:00,2338.421,2339.551,2335.065,2338.664,58431,57753.8,30.129975803515933,13.283346487766751,66.8936423054071,2376.334966666667,10.77982385908758,2380.9456291666665,35.59357299734152,2346.2292981481482,66.8936423054071,2287.2641521739133,-9187.630200946685,-4046.315275381653,-4046.315275381653,2377.4672190441765,0,1,0,0,0,0,0,0,0
2024-05-24 03:00:00,2338.78,2340.59,2336.7,2337.641,46798,57252.65,28.391318312220548,12.274072612470642,66.5897207367796,2374.90715,9.960768614892112,2380.8252375,35.00231187146004,2346.257938888889,66.5897207367796,2287.4238413043477,-12788.467047259326,-4548.136003342138,-4548.136003342138,2376.6785810433016,0,1,0,0,0,0,0,0,0
2024-05-24 04:00:00,2337.63,2341.11,2335.7,2340.18,46767,55184.8,29.368680495518745,14.779005524861876,67.26086762274937,2373.5707333333335,11.993594875900726,2380.703183333333,36.46977228066115,2346.2924666666668,67.26086762274937,2287.5874405797103,-14430.115144591053,-4708.4317463176185,-4708.4317463176185,2375.955836864226,0,1,0,0,0,0,0,0,0
2024-05-24 05:00:00,2340.11,2343.26,2337.3,2337.561,42752,50428.95,28.88984299632122,12.195146014207099,66.04133977066996,2372.17175,9.896717373899378,2380.557633333333,34.95607444226114,2346.3220981481486,66.04133977066996,2287.744636956522,-12714.895664471915,-4709.413775643291,-4709.413775643291,2375.195543064934,0,1,0,0,0,0,0,0,0
2024-05-24 06:00:00,2337.553,2343.9,2336.7,2340.175,43475,44777.9,29.913742085168423,14.774072612470743,66.59829838954732,2370.8081833333335,11.989591673338953,2380.413954166667,36.46688244133641,2346.35645,66.59829838954732,2287.900942753623,-12274.258063715497,-4786.832654671153,-4786.832654671153,2374.5020669646383,0,1,0,0,0,0,0,0,0
2024-05-24 07:00:00,2340.175,2342.09,2337.655,2338.22,40745,41624.55,29.51372846248472,12.845303867403283,66.00425402613183,2369.4202833333334,10.424339471577241,2380.2726208333333,35.33695526528718,2346.3842074074078,66.00425402613183,2288.056413768116,-12276.397173997228,-5128.879069565469,-5128.879069565469,2373.783610193061,0,1,0,0,0,0,0,0,0
2024-05-24 08:00:00,2338.171,2340.85,2335.588,2339.38,70230,41473.7,30.32197365670079,13.989739542225998,66.3567304770587,2368.0684499999998,11.353082465973003,2380.167066666667,36.00739798867194,2346.4186277777776,66.3567304770587,2288.212145652174,-12272.075007183239,-5127.073338568561,-5127.073338568561,2373.1023505852777,0,1,0,0,0,0,0,0,0
2024-05-24 09:00:00,2339.221,2347.43,2336.5,2337.13,93014,42325.8,30.925878539747472,11.769928966061835,65.56842426089612,2366.65705,9.551641313050666,2380.0411458333333,34.70697029245185,2346.453605555556,65.56842426089612,2288.3662833333333,-10320.62132910594,-5125.7241319487075,-5125.7241319487075,2372.3900268113116,0,1,0,0,0,0,0,0,0
2024-05-24 10:00:00,2337.13,2343.18,2335.39,2338.325,92472,43916.6,30.001944810596967,13.909348141711039,65.80758641786477,2365.3357333333333,10.508406725380297,2379.9480666666664,35.397641891110794,2346.4847537037035,65.80758641786477,2288.518866666667,-10324.777576200635,-5127.788327054048,-5127.788327054048,2371.715471824949,0,1,0,0,0,0,0,0,0
2024-05-24 11:00:00,2338.291,2340.27,2332.1,2334.491,72918,45373.05,29.494771391091362,9.865047090177598,64.63475068828392,2364.0080833333336,7.438751000800769,2379.8214875,33.18171309675186,2346.497051851852,64.63475068828392,2288.668473188406,-10327.059058069754,-5128.921422271888,-5128.921422271888,2370.97835357099,0,1,0,0,0,0,0,0,0
2024-05-24 12:00:00,2334.58,2337.02,2332.4,2334.168,50467,46705.65,33.5455500924169,9.52209044287096,64.53594371367399,2362.6958833333333,7.180144115292471,2379.679579166667,32.99502947636123,2346.5110462962966,64.53594371367399,2288.8188413043476,-10308.836931658036,-5119.871425173306,-5119.871425173306,2370.249435678495,0,1,0,0,0,0,0,0,0
2024-05-24 13:00:00,2334.27,2334.5,2331.5,2332.6,38785,48644.55,31.894973267254187,7.8572111147684645,64.05628632609361,2361.288716666667,5.924739791833535,2379.525616666667,32.08877586406195,2346.5182074074073,64.05628632609361,2288.9668847826088,-11941.263789561848,-5123.559040957852,-5123.559040957852,2369.503902298723,0,1,0,0,0,0,0,0,0
2024-05-24 14:00:00,2332.59,2336.75,2332.1,2334.91,30215,49615.15,32.849334200197404,10.309935124919074,64.76292444172529,2359.9201666666663,7.774219375500424,2379.3907791666666,33.423881632181214,2346.533114814815,64.76292444172529,2289.114750724638,-13333.43392803134,-5121.426867291759,-5121.426867291759,2368.8188745304315,0,1,0,0,0,0,0,0,0
2024-05-24 15:00:00,2334.88,2334.91,2331.5,2333.751,27284,50277.15,33.35635823486618,9.079325978700993,64.40838176812491,2358.529133333333,6.846277021617597,2379.2678666666666,32.75401687666182,2346.5573203703702,64.40838176812491,2289.261977536232,-14426.513758726665,-5923.4541411830105,-5923.4541411830105,2368.1244611733932,0,1,0,0,0,0,0,0,0
2024-05-24 16:00:00,2333.685,2335.14,2332.86,2333.405,13646,49467.1,35.56633165174087,8.71194826982128,64.30253900275324,2357.1378833333333,6.569255404323759,2379.1563250000004,32.554039995376414,2346.5838944444445,64.30253900275324,2289.409676811594,-14412.640730372146,-9165.867367286859,-9165.867367286859,2367.436947090752,0,1,0,0,0,0,0,0,0
2024-05-24 17:00:00,2333.75,2333.75,2333.75,2333.75,1,46203.1,35.08824919892831,9.078264193414997,64.40807586417868,2355.7479666666673,6.8454763811050245,2379.0460333333335,32.75343890879672,2346.618575925926,64.40807586417868,2289.55760942029,-14415.641875713092,-9167.78122818683,-9167.78122818683,2366.769878831529,0,1,0,0,0,0,0,0,0
2024-05-26 18:00:00,2334.871,2340.65,2332.125,2340.22,19420,44325.45,37.89199377616971,16.670366259711344,66.38727439583968,2354.5070333333333,12.025620496397096,2378.9576166666666,36.492890995260595,2346.662037037037,66.38727439583968,2289.711663768116,-14398.041470331787,-10289.28477833481,-10289.28477833481,2366.244138656647,0,1,0,0,0,0,0,0,0
2024-05-26 19:00:00,2340.181,2340.75,2336.1,2337.19,15657,43531.3,37.27337207421321,13.338524863722542,65.46038543897221,2353.3153666666667,9.599679743795217,2378.8610708333335,34.74164836435102,2346.701212962963,65.46038543897221,2289.8636130434784,-14401.924845736412,-10292.06760200533,-10292.06760200533,2365.6688091782976,0,1,0,0,0,0,0,0,0
2024-05-26 20:00:00,2337.171,2337.39,2334.0,2336.15,21830,43323.2,36.040940629807494,12.423417290674191,65.14224533496488,2352.0451833333336,8.767013610888922,2378.745070833333,34.14056178476487,2346.7249722222223,65.14224533496488,2290.0144804347824,-14409.66138964354,-10297.61160310477,-10297.61160310477,2365.08427830348,0,1,0,0,0,0,0,0,0
2024-05-26 21:00:00,2336.151,2340.39,2334.3,2339.67,45640,43527.35,36.80285404063905,16.718659734257912,66.21902722545127,2350.8445166666666,11.585268214571853,2378.6640291666668,36.175008669518064,2346.759009259259,66.21902722545127,2290.1686688405794,-14404.87850570863,-10294.184192349794,-10294.184192349794,2364.5810252677675,0,1,0,0,0,0,0,0,0
2024-05-26 22:00:00,2339.544,2346.46,2338.4,2346.011,36279,42419.75,39.671069326791695,29.700299700299844,68.15876414805754,2350.1338666666666,16.662129703763117,2378.610075,39.83990290139871,2346.7894425925924,68.15876414805754,2290.328466666667,-14386.873387779233,-10281.28173942063,-10281.28173942063,2364.2133019951384,0,0,0,0,0,0,0,0,0
2024-05-26 23:00:00,2346.064,2347.6,2343.485,2345.891,35469,41853.3,41.44944919667935,29.60509371870105,68.12205567451825,2349.3665833333334,16.566052842274015,2378.5632458333334,39.770546757600364,2346.832572222222,68.12205567451825,2290.4875992753623,-14223.91646461698,-10195.314958943354,-10195.314958943354,2363.8504841338486,0,0,0,0,0,0,0,0,0
2024-05-27 00:00:00,2345.5,2346.1,2340.7,2342.861,20921,40561.0,41.567535057452986,25.543824124963805,67.12477007970567,2348.5494333333336,14.140112089671774,2378.51575,38.01930412669053,2346.865587037037,67.12477007970567,2290.6457195652174,-14223.18301206559,-10194.787789922044,-10194.787789922044,2363.4348507846635,0,0,0,0,0,0,0,0,0
2024-05-27 01:00:00,2342.5,2344.25,2340.195,2343.72,33791,40112.95,40.79502739040615,28.26186479475038,67.38810545677494,2347.808,14.827862289831838,2378.478583333333,38.515778522714065,2346.9009944444447,67.38810545677494,2290.8034014492755,-14227.981196332963,-10198.236484864216,-10198.236484864216,2363.044457699819,0,0,0,0,0,0,0,0,0
2024-05-27 02:00:00,2343.711,2344.63,2341.158,2341.215,45315,40204.95,40.00974504679519,27.376068376068936,66.6201716738198,2347.2,12.822257806245249,2378.4437958333333,37.06796902092256,2346.9396240740743,66.6201716738198,2290.9598688405795,-14232.858726417502,-10201.74220961248,-10201.74220961248,2362.6121912107133,0,0,0,0,0,0,0,0,0
2024-05-27 03:00:00,2341.298,2341.9,2337.8,2338.59,34676,39901.5,42.803371357005,22.88888888888945,65.81545064377687,2346.5236666666665,10.72057646116919,2378.4019208333334,35.550803375332464,2346.975972222222,65.81545064377687,2291.113021014493,-14215.50701020502,-10189.270663584757,-10189.270663584757,2362.136504256046,0,1,0,0,0,0,0,0,0
2024-05-27 04:00:00,2338.461,2346.22,2337.7,2344.18,38935,38336.75,43.307297957430634,32.44444444444448,67.5291232372777,2345.951566666666,15.196156925540436,2378.4059208333333,38.781643740607976,2347.0286851851856,67.5291232372777,2291.269361594203,-14212.377031320386,-11777.797433209063,-11777.797433209063,2361.780929914342,0,0,0,0,0,0,0,0,0
2024-05-27 05:00:00,2344.28,2345.86,2342.8,2343.181,28699,35121.0,45.460628728806896,30.736752136752514,67.20276073619635,2345.369583333333,14.396317053643081,2378.418508333333,38.20425384348637,2347.079575925926,67.20276073619635,2291.4273695652173,-14199.002306032335,-13130.686041788396,-13130.686041788396,2361.4126144704937,0,0,0,0,0,0,0,0,0
2024-05-27 06:00:00,2343.27,2345.9,2342.26,2344.813,28407,31917.75,44.383709237178536,33.526495726496215,67.7033742331289,2344.77295,15.702962369896131,2378.4245625,39.14749739914471,2347.129266666667,67.7033742331289,2291.584107246377,-14783.465529969853,-14205.691246974126,-14205.691246974126,2361.0839092334545,0,0,0,0,0,0,0,0,0
2024-05-27 07:00:00,2344.813,2346.09,2343.075,2345.09,33723,29958.0,43.0241798996305,34.000000000000554,67.67928593413366,2344.1542666666664,15.924739791833717,2378.4265583333336,39.30759449774606,2347.1827666666663,67.67928593413366,2291.7431847826088,-14792.25085686839,-14214.135528573806,-14214.135528573806,2360.767198159525,0,0,0,0,0,0,0,0,0
2024-05-27 08:00:00,2344.975,2349.771,2343.3,2347.22,55852,30227.25,42.94020545623348,38.82228490832137,67.79968701095459,2343.6045833333333,17.630104083266584,2378.4268500000003,40.53866605016754,2347.2346370370374,67.79968701095459,2291.898798550724,-12972.825538613526,-12525.64060283369,-12525.64060283369,2360.4989368098313,0,0,0,0,0,0,0,0,0
2024-05-27 09:00:00,2347.061,2357.03,2344.3,2354.768,92444,32910.2,45.29764175603689,58.55049504950537,70.09661229611042,2343.30105,23.6733386709369,2378.4715874999997,44.901167495087336,2347.300537037037,70.09661229611042,2292.0586644927535,-9937.917317602882,-8954.964192103194,-8954.964192103194,2360.385452912607,0,0,0,0,0,0,0,0,0
2024-05-27 10:00:00,2354.881,2358.55,2353.8,2354.253,64093,34604.1,46.909958223893675,59.58367514356072,69.88613870718424,2343.046933333333,23.26100880704589,2378.5155541666663,44.60351404461926,2347.364338888889,69.88613870718424,2292.214391304348,-9316.049050004438,-8445.8042209837,-8445.8042209837,2360.264018201466,0,0,0,0,0,0,0,0,0
2024-05-27 11:00:00,2354.271,2356.87,2351.8,2352.45,56259,36052.85,47.679848892722646,55.88597210828523,69.31965992421809,2342.7141,21.81745396317052,2378.5847166666667,43.56143798404803,2347.437077777778,69.31965992421809,2292.364807971014,-9429.361447865063,-8442.958044758825,-8442.958044758825,2360.1092851677736,0,0,0,0,0,0,0,0,0
2024-05-27 12:00:00,2352.46,2355.64,2351.7,2354.96,30700,36905.55,53.65227124485638,62.064650677789466,69.4083601286174,2342.4169333333334,23.827061649319614,2378.660675,45.01213732516479,2347.510612962963,69.4083601286174,2292.5199420289855,-10954.665365731911,-8420.87884937201,-8420.87884937201,2360.007319124847,0,0,0,0,0,0,0,0,0
2024-05-27 13:00:00,2354.96,2355.1,2352.0,2354.875,16283,37719.65,53.55876760449898,66.29803395889195,69.38102893890678,2342.3340000000003,23.75900720576474,2378.740025,44.9630100566409,2347.576209259259,69.38102893890678,2292.6697608695654,-10955.113824438662,-8421.224519022127,-8421.224519022127,2359.9056890431666,0,0,0,0,0,0,0,0,0
2024-05-27 14:00:00,2354.889,2355.17,2350.2,2350.4,9117,37204.5,53.82547509736769,56.30026809651508,67.94212218649524,2342.1052,20.17614091273039,2378.794979166667,42.37660386082543,2347.627625925926,67.94212218649524,2292.8187608695653,-10953.834651810994,-8420.238539381207,-8420.238539381207,2359.717457576965,0,0,0,0,0,0,0,0,0
2024-05-27 15:00:00,2350.5,2350.5,2350.4,2350.5,3,36421.8,58.0285544941079,56.52368185880263,67.97427652733123,2342.012366666667,20.256204963971307,2378.850225,42.434400647324054,2347.673755555556,67.97427652733123,2292.9661159420293,-10933.675997629985,-8404.700353071632,-8404.700353071632,2359.5349336645495,0,0,0,0,0,0,0,0,0
2024-05-27 16:00:00,2350.76,2350.76,2350.76,2350.76,1,35330.35,57.144001423994425,57.10455764075129,67.67328343638145,2341.8508500000003,20.464371497198066,2378.9094541666664,42.58467229222072,2347.7180685185185,67.67328343638145,2293.1157173913043,-10937.918458397917,-8407.970419874271,-8407.970419874271,2359.361172601885,0,0,0,0,0,0,0,0,0
2024-05-27 17:00:00,2350.76,2350.76,2350.76,2350.76,1,33048.4,58.8666202141706,57.10455764075129,67.55715218811243,2341.62935,20.464371497198066,2378.969704166667,42.58467229222072,2347.7659018518516,67.55715218811243,2293.2635942028987,-10929.65649777357,-8401.602143385633,-8401.602143385633,2359.1908523523425,0,0,0,0,0,0,0,0,0
2024-05-27 18:00:00,2351.451,2353.85,2350.76,2351.965,8221,31645.5,60.9993099203613,59.79669347631859,67.95068582625741,2341.3891000000003,21.42914331465197,2379.0296,43.28112356952967,2347.809948148148,67.95068582625741,2293.411413043478,-10919.427770165941,-8393.717893085484,-8393.717893085484,2359.0477661671475,0,0,0,0,0,0,0,0,0
2024-05-27 19:00:00,2352.18,2352.84,2350.7,2352.365,9797,30361.9,61.41528009779864,60.69034852546879,68.0813193990855,2341.127183333333,21.749399519615647,2379.0883083333333,43.51231071552414,2347.854087037037,68.0813193990855,2293.559648550725,-14001.50227073178,-8392.180110544126,-8392.180110544126,2358.9154341638373,0,0,0,0,0,0,0,0,0
2024-05-27 20:00:00,2352.4,2353.55,2350.8,2351.635,26133,30622.5,59.88043364257895,59.05942806076915,67.84291312867416,2340.942766666667,21.16493194555675,2379.1520374999996,43.090394174084096,2347.8929296296296,67.84291312867416,2293.7077007246376,-14010.924287031472,-8397.854219435882,-8397.854219435882,2358.771267150692,0,0,0,0,0,0,0,0,0
2024-05-27 21:00:00,2351.74,2356.4,2348.9,2354.741,65329,32199.4,60.67092263546064,76.35108940063573,68.85728282168519,2340.87695,23.651721377101797,2379.2054583333334,44.88556236273267,2347.9595518518513,68.85728282168519,2293.8568898550725,-14748.976267298774,-8595.852705258367,-8595.852705258367,2358.6914598803814,0,0,0,0,0,0,0,0,0
2024-05-27 22:00:00,2354.731,2355.91,2351.4,2354.081,38297,31848.5,61.890368901305706,86.59970014992503,68.49770341207353,2341.0134833333336,23.123298638911365,2379.2625,44.50410357184153,2347.9968796296293,68.49770341207353,2294.007584057971,-14960.063154745534,-8591.23796063833,-8591.23796063833,2358.6001636451265,0,0,0,0,0,0,0,0,0
2024-05-27 23:00:00,2354.081,2354.57,2350.0,2350.8,33038,31766.6,58.20650335797485,76.76161919040506,67.3784494086729,2341.0928,20.496397117694432,2379.294458333333,42.60779100682017,2348.0346925925924,67.3784494086729,2294.1526094202895,-16042.761379944039,-8605.178795239393,-8605.178795239393,2358.4457049590847,0,0,0,0,0,0,0,0,0
2024-05-28 00:00:00,2350.82,2352.07,2350.1,2351.03,20404,30840.05,60.10437375745574,77.45127436281889,67.45400788436278,2341.260783333333,20.68054443554873,2379.3239875,42.74072361576712,2348.0761666666663,67.45400788436278,2294.2970007246377,-23718.089391114223,-9262.303976547972,-9262.303976547972,2358.2988593163304,0,0,0,0,0,0,0,0,0
2024-05-28 01:00:00,2351.001,2353.72,2349.2,2350.37,33595,31084.85,59.807121661721254,75.47226386806535,67.2371879106439,2341.56565,20.15212169735793,2379.347691666667,42.35926482487572,2348.110009259259,67.2371879106439,2294.4362304347824,-28721.366102112126,-9263.514779381921,-9263.514779381921,2358.1418522011554,0,0,0,0,0,0,0,0,0
2024-05-28 02:00:00,2350.325,2350.51,2341.2,2341.715,78015,33565.25,53.16642120765839,49.520239880060416,64.39388961892256,2341.6824666666666,13.222578062450212,2379.3625,37.35695295341592,2348.126018518519,64.39388961892256,2294.571900724638,-15052.852492054606,-9406.7364073911,-9406.7364073911,2357.816567999152,0,0,1,0,1,0,0,0,0
2024-05-28 03:00:00,2341.8,2344.95,2341.4,2344.12,49214,34339.8,52.73710554325001,56.73163418290814,65.18396846254927,2341.8941666666665,15.148118494795884,2379.383083333333,38.7469656687088,2348.14685,65.18396846254927,2294.7086398550723,-15055.67693721519,-10959.05464967247,-10959.05464967247,2357.5453488308517,0,0,0,0,0,0,0,0,0
2024-05-28 04:00:00,2344.061,2345.07,2339.9,2344.91,46388,33866.6,52.97922271192253,59.100449775111905,65.44349540078844,2342.16975,15.780624499599696,2379.3881958333336,39.20356028204828,2348.171248148148,65.44349540078844,2294.845545652174,-13860.125922958048,-10957.89341624958,-10957.89341624958,2357.2951439035082,0,0,0,0,0,0,0,0,0
2024-05-28 05:00:00,2344.91,2345.17,2342.0,2343.85,35033,30996.05,52.96052945271452,55.922038980509406,65.09526938239159,2342.4355833333334,14.931945556445218,2379.3799416666666,38.5909143451624,2348.1939333333335,65.09526938239159,2294.982224637681,-13860.239215438094,-10957.983072169043,-10957.983072169043,2357.0289034301713,0,0,0,0,0,0,0,0,0
2024-05-28 06:00:00,2343.84,2346.25,2343.0,2345.661,31847,29383.75,52.63168003072952,61.35232383808101,65.69021024967154,2342.681433333333,16.381905524419714,2379.380329166667,39.63761414865342,2348.2181759259256,65.69021024967154,2295.118442753623,-13862.232242238002,-10959.56028762221,-10959.56028762221,2356.803796431554,0,0,0,0,0,0,0,0,0
2024-05-28 07:00:00,2345.605,2348.46,2343.1,2347.348,40516,28596.6,54.7416257279343,66.41079460269835,66.2444152431012,2342.9387666666667,17.732586068855184,2379.3962375,40.61264593688593,2348.2491907407407,66.2444152431012,2295.255995652174,-13849.444692557976,-10949.440643990532,-10949.440643990532,2356.61655293786,0,0,0,0,0,0,0,0,0
2024-05-28 08:00:00,2347.42,2357.1,2345.8,2353.29,78368,30980.0,56.155485257812344,84.22788605697103,68.19645203679372,2343.3412666666673,22.489991993594977,2379.4176125,44.046930990636945,2348.292561111111,68.19645203679372,2295.3989086956526,-13277.584388036115,-10942.659543127806,-10942.659543127806,2356.550680602457,0,0,0,0,0,0,0,0,0
2024-05-28 09:00:00,2353.151,2364.12,2352.1,2354.935,125160,36423.85,57.86802986226859,76.40030832476894,68.7368593955322,2343.693266666667,23.80704563650929,2379.4224083333334,44.99768812854007,2348.3348296296294,68.7368593955322,2295.5413326086955,-9422.097316836294,-8629.189894540972,-8629.189894540972,2356.5186869271606,0,0,0,0,0,0,0,0,0
2024-05-28 10:00:00,2354.94,2356.94,2347.5,2355.168,104581,41197.05,57.497103348719065,75.07795100222786,68.81340341655724,2344.101066666667,23.993594875900946,2379.4314,45.132354641082074,2348.374251851852,68.81340341655724,2295.6831282608696,-9423.628805331544,-9423.628805331544,-9423.628805331544,2356.491940651375,0,0,0,0,0,0,0,0,0
2024-05-28 11:00:00,2355.26,2362.15,2352.6,2360.29,82709,45332.35,60.70576706173872,88.70872641509457,70.49605781865968,2344.5968999999996,28.09447558046447,2379.4831458333333,48.09270604554389,2348.4217703703703,70.49605781865968,2295.832722463768,-9410.380813122545,-9410.380813122545,-9410.380813122545,2356.5671497473877,0,0,0,0,0,0,0,0,0
2024-05-28 12:00:00,2360.286,2362.22,2354.9,2356.568,61519,48408.25,58.24035846891897,76.84855916615663,69.27332457293046,2344.9555333333333,25.114491593274916,2379.4931375,45.941509652063516,2348.4601666666667,69.27332457293046,2295.9797934782605,-9420.560039352187,-9420.560039352187,-9420.560039352187,2356.5671665840728,0,0,0,0,0,0,0,0,0
2024-05-28 13:00:00,2356.67,2360.13,2353.058,2356.88,60462,51431.3,60.445456326805214,77.80502759043591,69.37582128777932,2345.26335,25.36429143314673,2379.497425,46.121835625939305,2348.4955,69.37582128777932,2296.125311594203,-9411.455589071898,-9411.455589071898,-9411.455589071898,2356.5733613051802,0,0,0,0,0,0,0,0,0
2024-05-28 14:00:00,2356.821,2357.83,2352.4,2357.008,38996,52970.05,60.67529165420302,78.19742489270355,69.41787122207619,2345.5690833333333,25.466773418734963,2379.4951749999996,46.19581551265743,2348.5251796296297,69.41787122207619,2296.269402173913,-9410.506640569016,-9410.506640569016,-9410.506640569016,2356.581968012008,0,0,0,0,0,0,0,0,0
2024-05-28 15:00:00,2357.071,2360.22,2355.4,2358.108,37114,54335.9,61.9746873474298,81.569589209075,69.77923784494097,2345.9102,26.347477982386174,2379.501854166667,46.83158016414302,2348.548433333333,69.77923784494097,2296.415089130435,-9405.141670737363,-9405.141670737363,-9405.141670737363,2356.612186467216,0,0,0,0,0,0,0,0,0
2024-05-28 16:00:00,2358.23,2361.36,2357.5,2361.126,20102,54034.35,62.22578719594144,90.8215818516257,70.7706964520369,2346.2592999999997,28.76381104883936,2379.5156,48.57588718067292,2348.574574074074,70.7706964520369,2296.5608449275364,-9404.104924872327,-9404.104924872327,-9404.104924872327,2356.7015689134096,0,0,0,0,0,0,0,0,0
2024-05-28 17:00:00,2361.126,2361.126,2358.8,2360.8,13,50768.55,62.713027457394844,89.82219497241041,70.66360052562428,2346.646616666667,28.502802241793706,2379.5281,48.387469656687244,2348.595777777778,70.66360052562428,2296.7074028985508,-9402.093197946426,-9402.093197946426,-9402.093197946426,2356.782725964629,0,0,0,0,0,0,0,0,0
2024-05-28 18:00:00,2360.281,2362.73,2357.7,2359.211,14126,49560.0,61.988738780592136,84.95095033721606,70.14159001314057,2346.963883333333,27.230584467574015,2379.5351874999997,47.469078719223134,2348.616501851852,70.14159001314057,2296.8519652173914,-9405.08365491093,-9405.08365491093,-9405.08365491093,2356.8308105989927,0,0,0,0,0,0,0,0,0
2024-05-28 19:00:00,2359.24,2360.851,2357.8,2359.685,14208,48618.5,62.0342443506104,86.40404659717976,70.29730617608412,2347.321633333333,27.610088070456445,2379.5518291666667,47.743035487226926,2348.644075925926,70.29730617608412,2296.997026811594,-10307.25929317089,-9404.895770641653,-9404.895770641653,2356.887329200993,0,0,0,0,0,0,0,0,0
2024-05-28 20:00:00,2359.821,2361.05,2356.9,2357.715,24270,48811.8,58.47174470969963,80.36480686695351,69.65013140604476,2347.6272166666668,26.032826261009053,2379.5596416666667,46.60443879320323,2348.6681018518516,69.65013140604476,2297.138892753623,-10816.895148154887,-9419.60468740842,-9419.60468740842,2356.9037187217655,0,0,0,0,0,0,0,0,0
2024-05-28 21:00:00,2357.82,2359.44,2355.3,2356.44,57387,50001.4,59.48275862068982,76.4561618638876,69.23127463863344,2347.94905,25.01200960768632,2379.5557208333335,45.867529765345125,2348.696101851852,69.23127463863344,2297.280660869565,-10864.021129302151,-9415.430393804001,-9415.430393804001,2356.8945361728197,0,0,0,0,0,0,0,0,0
2024-05-28 22:00:00,2356.371,2360.9,2354.0,2355.6,48499,48525.6,59.6001974333663,73.88105456774981,68.95532194480947,2348.2369666666664,24.339471577261865,2379.5436875000005,45.38203675875621,2348.736988888889,68.95532194480947,2297.4239579710147,-12479.25656422855,-9414.945510184363,-9414.945510184363,2356.8689017931597,0,0,0,0,0,0,0,0,0
2024-05-28 23:00:00,2355.515,2359.13,2355.0,2358.121,37170,47923.4,59.19781457812,81.6094420600864,69.78350854139296,2348.6308,26.35788630904744,2379.534525,46.8390937463878,2348.776675925926,69.78350854139296,2297.5709079710145,-13768.3645332244,-9416.606876225842,-9416.606876225842,2356.8936958170575,0,0,0,0,0,0,0,0,0
2024-05-29 00:00:00,2358.18,2359.02,2356.5,2358.143,19422,46575.1,56.45442744355315,81.67688534641361,69.79073587385024,2349.0303833333332,26.375500400320405,2379.539454166667,46.851809039417475,2348.8222796296295,69.79073587385024,2297.716241304348,-15042.978152044941,-9427.933825584087,-9427.933825584087,2356.918434513749,0,0,0,0,0,0,0,0,0
2024-05-29 01:00:00,2358.3,2361.38,2356.3,2356.691,49708,47308.85,55.66548460876674,77.22562844880407,69.31373193166883,2349.4319000000005,25.21297037630101,2379.531916666667,46.01259969945664,2348.856057407407,69.31373193166883,2297.860472463768,-22233.63519255808,-9431.1912278747,-9431.1912278747,2356.9139308600115,0,0,0,0,0,0,0,0,0
2024-05-29 02:00:00,2356.691,2356.82,2350.975,2355.695,66126,49022.8,56.87928816466579,74.17228694052802,68.98653088042059,2349.7783166666663,24.41553242594101,2379.5191458333334,45.43694370593009,2348.883546296296,68.98653088042059,2298.0039818840582,-19515.914179798492,-9426.179652499393,-9426.179652499393,2356.889793615259,0,0,0,0,0,0,0,0,0
2024-05-29 03:00:00,2355.711,2356.22,2349.8,2350.48,53862,49690.1,53.46183784669605,57.36833880293821,67.2733245729304,2350.0571333333337,20.240192153723125,2379.4694625,42.42284129002433,2348.902972222222,67.2733245729304,2298.141141304348,-17759.769235524618,-9440.289686842785,-9440.289686842785,2356.762867009016,0,0,0,0,0,0,0,0,0
2024-05-29 04:00:00,2350.461,2351.87,2344.7,2345.51,65634,49053.4,52.14533321345447,41.83466166588612,65.64060446780563,2350.2588833333334,16.261008807045947,2379.3545499999996,39.550341001040515,2348.918277777778,65.64060446780563,2298.2746594202895,-12715.222777518138,-9445.725296393743,-9445.725296393743,2356.540037959333,0,0,0,0,0,0,0,0,0
2024-05-29 05:00:00,2345.461,2346.2,2340.6,2345.625,56837,45637.25,53.604328267975504,42.19409282700436,65.6783837056505,2350.4568,16.35308246597291,2379.2565166666664,39.61680730551386,2348.9325648148147,65.6783837056505,2298.4054818840577,-10334.368150619128,-9439.701369661616,-9439.701369661616,2356.3238985938015,0,0,0,0,0,0,0,0,0
2024-05-29 06:00:00,2345.706,2347.4,2342.8,2346.59,45946,42705.5,51.2961727943551,41.7994687915013,65.99540078843636,2350.562966666667,17.12570056044861,2379.176554166667,40.174546295226115,2348.9547944444444,65.99540078843636,2298.534186231884,-10344.79813468429,-9449.231326200097,-9449.231326200097,2356.1311481265975,0,0,0,0,0,0,0,0,0
2024-05-29 07:00:00,2346.344,2347.15,2338.435,2341.691,52016,41170.85,49.23089628971969,25.53452855245628,64.38600525624176,2350.6379833333335,13.203362690152101,2379.0888916666668,37.34308172465604,2348.9656666666665,64.38600525624176,2298.6597637681157,-9422.531811937737,-8912.610876816372,-8912.610876816372,2355.845204599338,0,0,0,0,0,0,0,0,0
2024-05-29 08:00:00,2341.681,2343.79,2334.438,2337.611,75739,41881.85,46.37412650784367,11.10328638497561,63.04566360052563,2350.662333333333,9.936749399519655,2378.943508333333,34.98497283551032,2348.9759462962966,63.04566360052563,2298.7825014492755,-8087.317522593536,-7708.590639081505,-7708.590639081505,2355.4841312409353,0,1,0,0,0,0,0,0,0
2024-05-29 09:00:00,2337.581,2347.18,2335.67,2345.601,107849,44251.2,50.238724807758786,37.60865170810623,65.67049934296986,2350.7611833333335,16.333867093675163,2378.8920125,39.60293607675424,2349.0028370370374,65.67049934296986,2298.912705072464,-8478.209766135553,-7695.570632680607,-7695.570632680607,2355.2884256718075,0,0,0,0,0,0,0,0,0
2024-05-29 10:00:00,2345.66,2346.49,2341.2,2343.415,85461,46574.45,48.22334077304529,30.243918873391028,64.95236530880423,2350.717916666667,14.583666933546944,2378.7657375,38.33949832389322,2349.038198148148,64.95236530880423,2299.0375492753624,-8485.690220573655,-7702.36055261428,-7702.36055261428,2355.0533083317714,0,0,0,0,0,0,0,0,0
2024-05-29 11:00:00,2343.401,2343.77,2336.4,2339.041,70173,48227.4,42.432320588207034,15.507715113537154,63.515440210249764,2350.60375,11.081665332266084,2378.6036583333334,35.81146688244148,2349.0578481481484,63.515440210249764,2299.1595137681156,-8507.184616627543,-7721.8707614440045,-7721.8707614440045,2354.736232919261,0,1,0,0,0,0,0,0,0
2024-05-29 12:00:00,2339.07,2341.95,2335.6,2341.808,49029,49673.75,44.13861964374855,24.829863216764178,64.42444152431015,2350.5861999999997,13.297037630104214,2378.4297833333335,37.41070396485959,2349.0749,64.42444152431015,2299.278829710145,-8500.851385777785,-7716.122162779692,-7716.122162779692,2354.4802283069985,0,1,0,0,0,0,0,0,0
2024-05-29 13:00:00,2341.853,2344.26,2339.0,2343.49,42321,51789.15,45.775179177668754,30.496597264334426,64.97700394218131,2350.582366666667,14.643714971977543,2378.239241666667,38.38284591376711,2349.0991685185186,64.97700394218131,2299.396858695652,-8494.777005501934,-7710.608519716824,-7710.608519716824,2354.262600023692,0,0,0,0,0,0,0,0,0
2024-05-29 14:00:00,2343.528,2344.33,2337.7,2338.103,30711,52618.4,42.26153860278919,12.347550704130414,63.207293035479694,2350.5305000000003,10.33066453162549,2378.0422625,35.26933302508389,2349.1158499999997,63.207293035479694,2299.50787173913,-8507.81850418384,-7722.446133674373,-7722.446133674373,2353.9426079440145,0,1,0,0,0,0,0,0,0
2024-05-29 15:00:00,2338.16,2339.34,2336.2,2336.631,31553,53485.65,41.73012764722932,7.38831615120198,62.723718791064385,2350.49785,9.152121697357913,2377.8352875,34.41856432782334,2349.114574074074,62.723718791064385,2299.6255101449274,-8509.790929970937,-8103.7320527102265,-8103.7320527102265,2353.599803826311,0,1,0,0,0,0,0,0,0
2024-05-29 16:00:00,2336.637,2338.71,2335.7,2337.427,19803,53262.3,43.916529894490004,10.070076140421987,62.9852168199738,2350.3853000000004,9.789431545236434,2377.6337083333333,34.878626748352914,2349.1133648148148,62.9852168199738,2299.7422326086958,-10233.765839091699,-8096.004065126244,-8096.004065126244,2353.279550285196,0,1,0,0,0,0,0,0,0
2024-05-29 17:00:00,2337.76,2338.6,2337.76,2338.6,6,50393.25,44.47529202027883,14.021966174785517,63.37056504599212,2350.30895,10.728582866293099,2377.4366250000003,35.556583053982195,2349.1049185185184,63.37056504599212,2299.8592,-10513.096630152206,-8094.029082354476,-8094.029082354476,2352.9888661211326,0,1,0,0,0,0,0,0,0
2024-05-29 18:00:00,2337.901,2339.18,2336.66,2337.495,11727,48554.65,43.88951843969649,10.299171214877067,63.007555847568995,2350.1869833333335,9.843875100080115,2377.2225708333335,34.91792856317187,2349.0982333333336,63.007555847568995,2299.974076811594,-13139.906388023928,-8096.099538952038,-8096.099538952038,2352.682056891011,0,1,0,0,0,0,0,0,0
2024-05-29 19:00:00,2337.526,2339.03,2337.2,2338.38,14681,47430.2,44.343312497715296,13.2807762280171,63.29829172141926,2350.07515,10.552441953563076,2377.0000291666665,35.42943012368523,2349.100805555556,63.29829172141926,2300.090900724638,-17667.757194123486,-8094.495572961584,-8094.495572961584,2352.3988478436645,0,1,0,0,0,0,0,0,0
2024-05-29 20:00:00,2338.281,2338.4,2333.6,2336.748,38653,48391.75,43.07405215966491,10.314547837484076,62.76215505913277,2349.900616666667,9.245796637310026,2376.757270833333,34.48618656802689,2349.109690740741,62.76215505913277,2300.2033326086957,-16598.01411478482,-7863.116882390411,-7863.116882390411,2352.088930064582,0,1,0,0,0,0,0,0,0
2024-05-29 21:00:00,2336.811,2339.88,2332.5,2334.09,73027,49557.7,41.8497408864272,5.0284629981029445,61.88896189224713,2349.555983333333,7.117694155324516,2376.5178541666664,32.94994798289228,2349.1098185185183,61.88896189224713,2300.3101586956523,-15603.884598866473,-7577.407406925475,-7577.407406925475,2351.7325156078577,0,1,0,0,0,0,0,0,0
2024-05-29 22:00:00,2334.09,2336.59,2327.8,2330.733,63533,49428.05,40.89158096566146,8.075440528634406,60.78613666228656,2349.1639833333334,4.429943955164414,2376.2813249999995,31.009709860131924,2349.0967314814816,60.78613666228656,2300.4192804347826,-11800.353039393083,-6547.118290965787,-6547.118290965787,2351.316683615623,0,1,0,0,0,0,0,0,0
2024-05-29 23:00:00,2330.735,2335.07,2328.8,2334.31,50649,49267.4,41.133225126073,17.92400881057218,61.96123521682,2348.86165,7.293835068054539,2376.0549083333335,33.07710091318924,2349.0903592592595,61.96123521682,2300.5330036231885,-11799.106165500352,-6546.426495487941,-6546.426495487941,2350.9799176034326,0,1,0,0,0,0,0,0,0
2024-05-30 00:00:00,2334.331,2337.12,2333.8,2335.27,32470,47609.2,41.857485434287575,20.5671806167397,62.27660972404734,2348.533483333333,8.0624499599681,2375.821325,33.6319500635765,2349.0766351851853,62.27660972404734,2300.645928985507,-12230.832073653086,-6807.452395966998,-6807.452395966998,2350.668830126137,0,1,0,0,0,0,0,0,0
2024-05-30 01:00:00,2335.211,2335.84,2322.458,2324.884,65806,48057.65,39.432048019834205,5.823052181844227,58.86465177398165,2348.0336333333335,1.9006283198319787,2375.5493708333333,27.62917581782458,2349.0445870370368,58.86465177398165,2300.7505094202897,-10438.121580011806,-5865.643985355748,-5865.643985355748,2350.1582394305697,0,1,0,0,0,0,0,0,0
2024-05-30 02:00:00,2324.873,2333.11,2323.8,2332.86,67047,49112.7,43.03094460042034,24.96759637079375,61.4848883048621,2347.7413,8.149355227903087,2375.3239625,32.23904750895862,2349.0290111111112,61.4848883048621,2300.8627615942028,-10421.667224760407,-5856.3975525398955,-5856.3975525398955,2349.815700035905,0,1,0,0,0,0,0,0,0
2024-05-30 03:00:00,2332.861,2337.74,2332.155,2334.35,63382,49681.0,43.894444783218475,28.543996927655613,61.974375821287786,2347.4721333333337,9.316682596637346,2375.095083333333,33.10021962778869,2349.0264925925926,61.974375821287786,2300.9749789855073,-10417.719253917327,-5854.179012426854,-5854.179012426854,2349.5094485500454,0,0,0,0,0,0,0,0,0
2024-05-30 04:00:00,2334.35,2335.79,2331.6,2335.06,55653,48676.7,47.30013712301305,30.248187797033076,62.207621550591355,2347.2104666666664,9.872925839457137,2374.882625,33.51057681192927,2349.0264462962964,62.207621550591355,2301.085739130435,-10402.148239196247,-5845.428967876743,-5845.428967876743,2349.223320855985,0,0,0,0,0,0,0,0,0
2024-05-30 05:00:00,2335.03,2338.01,2331.5,2333.075,54483,46008.4,45.50383873252621,25.48365416926644,61.55551905387646,2346.915716666667,8.317795083122913,2374.664604166667,32.363310599930585,2349.0236222222225,61.55551905387646,2301.198554347826,-13069.418902924295,-5850.044091432795,-5850.044091432795,2348.9035521261635,0,0,0,0,0,0,0,0,0
2024-05-30 06:00:00,2333.075,2341.01,2330.3,2340.7,50330,44251.85,48.37654825623543,43.78570399884744,64.06044678055189,2346.7279666666664,14.291534134532332,2374.480875,36.77031557045423,2349.0343240740744,64.06044678055189,2301.314634057971,-12257.87759672137,-5842.663408210687,-5842.663408210687,2348.7411055494076,0,0,0,0,0,0,0,0,0
2024-05-30 07:00:00,2340.611,2340.7,2334.9,2335.84,55773,43531.85,46.999145824279665,32.12039748451856,62.46386333771362,2346.45255,10.484009965371962,2374.277916666667,33.96139174661902,2349.039414814815,62.46386333771362,2301.4292826086958,-12265.302146268346,-6622.020994632777,-6622.020994632777,2348.4856381127856,0,0,0,0,0,0,0,0,0
2024-05-30 08:00:00,2335.748,2345.21,2331.6,2341.32,103793,46270.05,48.417206904346976,45.27387067351584,64.26412614980298,2346.2806333333333,14.777267670516055,2374.120645833333,37.12865564674618,2349.053024074074,64.26412614980298,2301.546956521739,-9994.90503294505,-6735.503800413696,-6735.503800413696,2348.34374428877,0,0,1,0,1,0,0,0,0
2024-05-30 09:00:00,2341.178,2348.61,2339.5,2348.47,113969,49852.45,50.39342468827575,62.43579280879419,66.6130091984231,2346.176116666667,20.378872158066898,2374.0095625,41.26112588140092,2349.079783333333,66.6130091984231,2301.6711565217392,-8687.918994003214,-7724.957756397862,-7724.957756397862,2348.3462444018633,0,0,0,0,0,0,0,0,0
2024-05-30 10:00:00,2348.385,2351.82,2342.5,2344.05,104574,53545.6,46.72507655665198,51.82660457971341,65.16097240473073,2346.008933333333,16.91606211121741,2373.8877291666668,38.7065079181599,2349.1033759259262,65.16097240473073,2301.788870289855,-7750.605965000143,-7750.605965000143,-7750.605965000143,2348.2611702552917,0,0,1,0,1,0,0,0,0
2024-05-30 11:00:00,2344.051,2345.74,2341.3,2343.811,75052,55720.55,46.01764208898377,51.252940329317276,65.08245729303556,2345.8924500000003,16.728819667507636,2373.73065,38.56837359842806,2349.130524074074,65.08245729303556,2301.9061536231884,-7753.015318816872,-7753.015318816872,-7753.015318816872,2348.1730480720184,0,0,1,0,1,0,0,0,0
2024-05-30 12:00:00,2343.83,2348.07,2340.5,2347.735,54262,57443.5,47.40752108372802,60.671595218664876,66.37155059132728,2345.837533333333,19.80304288557064,2373.5883458333333,40.83631950063589,2349.170051851852,66.37155059132728,2302.0246485507246,-7748.281720987214,-7748.281720987214,-7748.281720987214,2348.1643738527705,0,0,0,0,0,0,0,0,0
2024-05-30 13:00:00,2347.92,2348.86,2342.7,2344.338,42338,59560.1,44.36850429281523,52.51788200278482,65.25558475689893,2345.737,17.141693173093607,2373.4336708333335,38.87296266327608,2349.2095648148147,65.25558475689893,2302.143125362319,-7758.631890563241,-7758.631890563241,-7758.631890563241,2348.0886040735077,0,0,1,0,1,0,0,0,0
2024-05-30 14:00:00,2344.338,2344.56,2341.185,2342.59,36607,60804.1,44.995632187200115,48.3222120877542,64.6813403416558,2345.751583333333,15.772237978095054,2373.2791666666667,37.862674835279286,2349.247094444444,64.6813403416558,2302.2612398550723,-7756.496041866338,-7756.496041866338,-7756.496041866338,2347.9797208245272,0,0,1,0,1,0,0,0,0
2024-05-30 15:00:00,2342.531,2342.6,2339.795,2341.428,37875,61963.8,44.50138070430145,45.53309970716693,64.29960578186596,2345.7067166666666,14.861879318719406,2373.1265333333336,37.191076176164586,2349.2914555555553,64.29960578186596,2302.3777036231886,-7758.17934505719,-7758.17934505719,-7758.17934505719,2347.849983778497,0,0,1,0,1,0,0,0,0
2024-05-30 16:00:00,2341.53,2343.55,2341.1,2342.875,14875,60774.9,45.01752134642918,49.006288704334914,64.77496714848887,2345.6728,15.995518716409915,2372.9865791666666,38.02739567680042,2349.347001851852,64.77496714848887,2302.494786956522,-8132.699781062001,-7756.4214925875785,-7756.4214925875785,2347.7514692482296,0,0,1,0,1,0,0,0,0
2024-05-30 17:00:00,2342.77,2343.1,2342.7,2342.9,6,57123.85,44.59759008752981,49.06629542508785,64.78318002628129,2345.6569666666664,16.015104746086738,2372.846995833333,38.041844873425134,2349.398983333333,64.78318002628129,2302.6113195652174,-10621.293726359074,-7757.851678742812,-7757.851678742812,2347.6554005502444,0,0,1,0,1,0,0,0,0
2024-05-30 18:00:00,2342.981,2345.32,2341.7,2344.009,16684,54781.4,43.83584336264694,51.72819355767854,65.14750328515116,2345.6294333333335,16.883941022547404,2372.703945833333,38.682811235695354,2349.452064814815,65.14750328515116,2302.728572463768,-10624.8334416234,-7760.446007211182,-7760.446007211182,2347.5831945987547,0,0,1,0,1,0,0,0,0
2024-05-30 19:00:00,2344.13,2346.36,2342.7,2343.881,13832,52940.55,43.898445670597454,51.420959147424206,65.10545335085413,2345.57165,16.78366055060231,2372.562570833333,38.60883134897696,2349.509696296296,65.10545335085413,2302.8464246376807,-10624.542538705411,-7760.232798615205,-7760.232798615205,2347.509883814621,0,0,1,0,1,0,0,0,0
2024-05-30 20:00:00,2343.881,2347.49,2342.1,2346.233,31024,52868.25,45.34531734190304,57.066391435841304,65.8781208935612,2345.4540333333334,18.626314222591407,2372.4301666666665,39.96821176742588,2349.5841277777777,65.8781208935612,2302.9642528985505,-10617.819157333175,-7755.305097262077,-7755.305097262077,2347.4845989866085,0,0,0,0,0,0,0,0,0
2024-05-30 21:00:00,2346.234,2347.68,2342.8,2346.53,68724,53014.15,45.275836559387,59.77353992848668,65.97568988173467,2345.31395,18.858996255151244,2372.2989666666667,40.13986822332695,2349.655961111111,65.97568988173467,2303.0846586956523,-11307.241164394582,-7755.541732309131,-7755.541732309131,2347.4656960363786,0,0,0,0,0,0,0,0,0
2024-05-30 22:00:00,2346.541,2347.74,2341.9,2342.53,45082,51915.9,44.62519732976549,49.8410806515697,64.66162943495412,2345.1033166666666,15.725231506870893,2372.163495833333,37.82799676338012,2349.7471444444445,64.66162943495412,2303.2004673913043,-11310.4589647389,-7757.75765503109,-7757.75765503109,2347.367959481203,0,0,1,0,1,0,0,0,0
2024-05-30 23:00:00,2342.521,2343.69,2336.7,2343.564,53187,51406.15,45.434690114877235,52.40862137465187,65.00131406044677,2344.82455,16.53530969430109,2372.0210500000003,38.42561553577617,2349.8354111111116,65.00131406044677,2303.3196804347826,-15153.87109712348,-7755.00071481887,-7755.00071481887,2347.2926335508823,0,0,1,0,1,0,0,0,0
2024-05-31 00:00:00,2343.564,2345.61,2340.6,2343.985,34546,50350.8,45.86951728650585,53.454012713548074,65.1396189224705,2344.6148333333335,16.865138434057812,2371.876108333333,38.668940006935735,2349.9267870370372,65.1396189224705,2303.440372463768,-15150.995256041282,-7753.519796721912,-7753.519796721912,2347.2271358568055,0,0,1,0,1,0,0,0,0
2024-05-31 01:00:00,2343.991,2344.851,2341.4,2342.37,40399,49646.6,44.36236085758251,49.44378228049225,64.6090670170828,2344.373,15.599880916939435,2371.7138583333335,37.735521904982065,2350.0128333333337,64.6090670170828,2303.5593434782613,-18851.46084821019,-7758.652813644885,-7758.652813644885,2347.13095494875,0,0,1,0,1,0,0,0,0
2024-05-31 02:00:00,2342.38,2347.06,2341.7,2345.841,49812,49620.7,45.702928519532726,58.06267381803697,65.74934296977662,2344.1868833333338,18.319205277259712,2371.5464875000002,39.74164836435093,2350.116075925926,65.74934296977662,2303.6823442028985,-18840.436443095467,-7754.08715850576,-7754.08715850576,2347.1054112863985,0,0,0,0,0,0,0,0,0
2024-05-31 03:00:00,2345.841,2345.841,2339.5,2340.44,49239,49294.0,44.47594379066311,44.651370679380214,63.97503285151123,2343.8924166666666,14.087839425894295,2371.3660375000004,36.620043925557816,2350.2082148148147,63.97503285151123,2303.8019746376813,-18850.52677803683,-7758.2659771450535,-7758.2659771450535,2346.9734229440933,0,0,0,0,0,0,0,0,0
2024-05-31 04:00:00,2340.42,2343.86,2339.611,2343.191,44389,46323.8,45.799742018703505,51.48241954707925,64.87877792378447,2343.5935000000004,16.24308613152391,2371.1952875,38.2100335221361,2350.315244444444,64.87877792378447,2303.9224101449277,-20750.908133888624,-7753.757434715926,-7753.757434715926,2346.898523479854,0,0,1,0,1,0,0,0,0
2024-05-31 05:00:00,2343.221,2344.48,2340.7,2342.13,39920,42621.35,47.114600467192844,48.847834723877774,64.53022339027603,2343.2823333333336,15.411855032042784,2371.027191666667,37.59680961738538,2350.4203,64.53022339027603,2304.04153115942,-20738.998184174045,-7749.2793390532015,-7749.2793390532015,2346.804097272332,0,0,1,0,1,0,0,0,0
2024-05-31 06:00:00,2342.091,2344.54,2341.2,2343.893,35151,39150.2,49.428569409203604,55.07168182518867,65.10939553219454,2343.0270333333333,16.793061844847287,2370.8460375,38.615766963356904,2350.5175833333333,65.10939553219454,2304.1625514492753,-20718.038320568874,-7741.398510288094,-7741.398510288094,2346.7464517817907,0,0,0,0,0,0,0,0,0
2024-05-31 07:00:00,2343.901,2344.93,2342.2,2343.725,38575,37326.35,49.32881164335166,54.6400493294276,65.0542049934297,2342.7610333333337,16.66144372541942,2370.6545374999996,38.518668362039065,2350.614703703704,65.0542049934297,2304.283792753623,-20718.94192352043,-8117.313306055138,-8117.313306055138,2346.6866210534386,0,0,1,0,1,0,0,0,0
2024-05-31 08:00:00,2343.733,2356.82,2342.2,2354.771,92694,39247.95,52.69784528528372,83.01988592569775,68.6829829172143,2342.711966666667,25.315335077795826,2370.4942375,44.90290139868239,2350.7405555555556,68.6829829172143,2304.4162934782607,-11351.899377309528,-8588.243418984608,-8588.243418984608,2346.8467077652513,0,0,0,0,0,0,0,0,0
2024-05-31 09:00:00,2354.741,2359.74,2343.285,2348.025,120149,43138.5,52.063622383819535,65.68778582806637,66.46681997371886,2342.571716666667,20.03024082982094,2370.2710083333336,41.003930181482005,2350.851787037037,66.46681997371886,2304.5453985507247,-9915.956500070242,-7738.574652228979,-7738.574652228979,2346.870040284751,0,0,0,0,0,0,0,0,0
2024-05-31 10:00:00,2348.2,2349.08,2334.018,2335.211,135813,48098.8,49.260181748683706,32.76553106212346,62.25722733245726,2342.2319,9.991225458704594,2369.945541666667,33.59784995954217,2350.9393055555556,62.25722733245726,2304.6720949275364,-8882.504541837097,-7748.097208734197,-7748.097208734197,2346.639168199905,0,0,0,0,0,0,0,0,0
2024-05-31 11:00:00,2335.133,2336.16,2327.6,2330.11,120821,52246.1,45.13818709082119,19.65983248548389,60.581471747700476,2341.76505,5.994891963460345,2369.6220000000003,30.649635880245178,2351.0246,60.581471747700476,2304.793926086956,-7101.62356225634,-7101.62356225634,-7101.62356225634,2346.3118579385205,0,1,0,0,0,0,0,0,0
2024-05-31 12:00:00,2329.978,2336.71,2329.5,2332.744,76167,55310.7,46.660323858764066,26.42721340116143,61.446780551905476,2341.3417333333337,8.058476050202968,2369.3090583333333,32.17200323662017,2351.1162370370375,61.446780551905476,2304.9169760869563,-7096.887604670956,-7096.887604670956,-7096.887604670956,2346.043187484292,0,0,0,0,0,0,0,0,0
2024-05-31 13:00:00,2332.765,2333.82,2323.7,2325.931,73023,58961.55,45.9586929716399,9.315487366557546,59.20860709592647,2340.829066666666,2.7208912426943805,2368.9411875,28.234308172465678,2351.1876814814814,59.20860709592647,2305.0331,-6320.036922942181,-6320.036922942181,-6320.036922942181,2345.644926345989,0,1,0,0,0,0,0,0,0
2024-05-31 14:00:00,2325.911,2327.24,2322.27,2322.87,45512,60402.95,44.172707915369145,1.6012810248196216,58.2030223390276,2340.2819833333338,0.46937338652891286,2368.5473916666665,26.465148537741285,2351.2543666666666,58.2030223390276,2305.154800724638,-6079.78994418106,-6079.78994418106,-6079.78994418106,2345.193937705474,0,1,0,0,0,0,0,0,0
2024-05-31 15:00:00,2322.901,2328.47,2320.1,2327.661,48346,62128.65,45.22079914011228,19.07416750756855,59.77693823915906,2339.9016666666666,5.816153846153961,2368.177904166667,29.234192578892692,2351.332025925926,59.77693823915906,2305.2810311594203,-5738.847630827182,-5738.847630827182,-5738.847630827182,2344.846750820217,0,1,0,0,0,0,0,0,0
2024-05-31 16:00:00,2327.8,2330.57,2326.26,2326.886,23174,61736.15,46.5162648843724,17.11907164480343,59.52233902759531,2339.591266666667,5.220000000000045,2367.8127416666666,28.786267483527944,2351.407240740741,59.52233902759531,2305.403897826087,-5735.579553773045,-5735.579553773045,-5735.579553773045,2344.4910923881334,0,1,0,0,0,0,0,0,0
2024-05-31 17:00:00,2326.97,2326.97,2326.97,2326.97,1,58300.0,46.97342781777283,17.33097880928333,59.54993429697764,2339.28035,5.284615384615301,2367.448033333333,28.834816784186728,2351.4721296296298,59.54993429697764,2305.5263072463767,-5734.426266857302,-5734.426266857302,-5734.426266857302,2344.144140063616,0,1,0,0,0,0,0,0,0
2024-06-02 18:00:00,2328.298,2329.46,2323.0,2326.39,20680,57079.9,46.53767245760311,15.867810292633663,59.35939553219448,2338.943683333333,4.838461538461511,2367.0673249999995,28.49959542249448,2351.533848148148,59.35939553219448,2305.648191304348,-5735.525548795166,-5735.525548795166,-5735.525548795166,2343.792572933643,0,1,0,0,0,0,0,0,0
2024-06-02 19:00:00,2326.281,2326.82,2323.7,2325.871,14691,55155.1,45.990436771181855,14.558526740666508,59.188896189224785,2338.6800166666667,4.439230769230912,2366.6744000000003,28.19963010056651,2351.591848148148,59.188896189224785,2305.769286231884,-5736.906062635785,-5736.906062635785,-5736.906062635785,2343.4376903012935,0,1,0,0,0,0,0,0,0
2024-06-02 20:00:00,2325.86,2327.48,2323.6,2326.971,29598,54907.7,46.68489491457086,17.3335015136229,59.55026281208939,2338.502683333333,5.285384615384689,2366.2644041666667,28.835394752051833,2351.6452666666664,59.55026281208939,2305.892526086957,-5735.154150064168,-5735.154150064168,-5735.154150064168,2343.1116172260204,0,1,0,0,0,0,0,0,0
2024-06-02 21:00:00,2326.973,2331.05,2325.7,2330.78,63734,56074.45,47.64927127409499,26.942482341070445,60.801576872536245,2338.2556666666665,8.21538461538484,2365.8317791666673,31.036874349786313,2351.6968185185183,60.801576872536245,2306.016801449275,-5732.721313637518,-5732.721313637518,-5732.721313637518,2342.867426785901,0,0,0,0,0,0,0,0,0
2024-06-02 22:00:00,2330.8,2330.97,2325.3,2326.42,44307,55799.2,46.85849860080302,15.94349142280571,59.3692509855454,2337.9724166666665,4.861538461538587,2365.3838625,28.516934458444197,2351.7373925925926,59.3692509855454,2306.1384101449275,-5734.716199291634,-5734.716199291634,-5734.716199291634,2342.541735166378,0,1,0,0,0,0,0,0,0
2024-06-02 23:00:00,2326.38,2328.17,2320.785,2321.232,50792,55876.85,46.148223593553354,2.8557013118064214,57.66491458607099,2337.6756,0.8707692307692784,2364.8991208333337,25.518437174893105,2351.763322222222,57.66491458607099,2306.2549260869564,-5736.508013134344,-5736.508013134344,-5736.508013134344,2342.1197602125885,0,1,0,0,0,0,0,0,0
2024-06-03 00:00:00,2321.237,2322.52,2319.6,2321.33,26558,54985.3,47.12711807443882,4.3099152964624405,57.6971090670171,2337.3343000000004,1.3256704980843053,2364.4160375,25.575078025661774,2351.796040740741,57.6971090670171,2306.3724963768113,-7708.524022813974,-5661.367418847953,-5661.367418847953,2341.708081792537,0,1,0,0,0,0,0,0,0
2024-06-03 01:00:00,2321.291,2323.74,2315.215,2320.085,58362,55907.4,45.59103391417008,10.937675463222753,57.288107752956684,2336.9442166666663,3.6204140802140246,2363.877058333333,24.85550803375339,2351.8342629629633,57.288107752956684,2306.4889782608698,-10558.846085535433,-5097.414859260749,-5097.414859260749,2341.2799019550607,0,1,0,0,0,0,0,0,0
2024-06-03 02:00:00,2320.16,2322.83,2314.4,2322.37,73038,57801.75,46.0342834657288,17.57829730921891,58.03876478318003,2336.682,5.998795724822966,2363.3923083333334,26.17616460524793,2351.8289648148148,58.03876478318003,2306.606615942029,-10167.484161964485,-5003.012167036362,-5003.012167036362,2340.9054484509998,0,1,0,0,0,0,0,0,0
2024-06-03 03:00:00,2322.361,2328.85,2322.095,2325.845,57674,58756.7,50.308540900130275,25.24261138067884,59.180354796320614,2336.502233333333,8.61433087460462,2362.907879166667,28.184602936076686,2351.858927777778,59.180354796320614,2306.7272536231885,-11658.555402162005,-4993.585044331464,-4993.585044331464,2340.6072217489996,0,0,0,0,0,0,0,0,0
2024-06-03 04:00:00,2326.01,2328.53,2324.6,2325.404,51112,56677.6,47.48444648375816,24.269960299955844,59.035479632063115,2336.3018500000003,8.282402528977792,2362.430541666667,27.92971910761766,2351.8720555555556,59.035479632063115,2306.8473978260868,-13615.108429526905,-4999.813748381687,-4999.813748381687,2340.30616785298,0,1,0,0,0,0,0,0,0
2024-06-03 05:00:00,2325.404,2328.76,2324.1,2327.711,44892,52914.75,47.77237190886819,29.358182620202438,59.79336399474373,2336.1203666666665,10.34587284315227,2361.9560666666666,29.26309097214187,2351.8905944444446,59.79336399474373,2306.9702231884057,-13613.379147694412,-4999.178712155155,-4999.178712155155,2340.056758588564,0,0,0,0,0,0,0,0,0
2024-06-03 06:00:00,2327.73,2333.25,2325.9,2330.77,50406,48644.4,48.58288628736028,36.104984561093964,60.79829172141922,2336.0082833333336,13.312189965032054,2361.5166499999996,31.031094671136323,2351.9089981481484,60.79829172141922,2307.0949623188408,-12020.249940120162,-4997.391075678552,-4997.391075678552,2339.8728623788893,0,0,0,0,0,0,0,0,0
2024-06-03 07:00:00,2330.77,2332.39,2328.6,2329.878,49362,45071.45,48.93625516566747,34.13762681958573,60.50525624178722,2335.8665833333334,12.58680979100601,2361.0977666666668,30.51554733556828,2351.920216666667,60.50525624178722,2307.2156528985506,-12018.375304160974,-4996.611700119868,-4996.611700119868,2339.6749443119807,0,0,0,0,0,0,0,0,0
2024-06-03 08:00:00,2329.898,2334.39,2325.4,2334.05,69557,44740.95,47.73529131305437,43.339214821350296,61.875821287779345,2335.8216166666666,15.979507196877387,2360.7657458333333,32.926829268292835,2351.9382814814817,61.875821287779345,2307.3388992753626,-11338.993039954828,-4999.2604955601255,-4999.2604955601255,2339.5635592761,0,0,0,0,0,0,0,0,0
2024-06-03 09:00:00,2333.933,2336.74,2329.685,2333.391,94836,45831.6,49.14140670467052,41.88575209528036,61.65932982917221,2335.8099666666667,15.443604131088899,2360.4043749999996,32.54594844526653,2351.9553203703704,61.65932982917221,2307.4619507246375,-10139.922082790335,-4996.159226500541,-4996.159226500541,2339.4413303795436,0,0,0,0,0,0,0,0,0
2024-06-03 10:00:00,2333.261,2345.73,2332.53,2341.624,125465,49829.25,50.1045607759509,60.04411116012327,64.36399474375818,2335.9914833333332,22.138733024314668,2360.065629166667,37.304357877701925,2351.994901851852,64.36399474375818,2307.589197826087,-7227.243661742912,-4994.0349343274465,-4994.0349343274465,2339.484551560147,0,0,0,0,0,0,0,0,0
2024-06-03 11:00:00,2341.681,2344.21,2335.1,2342.84,81496,51486.75,47.98115264350682,62.72606969563355,64.76346911957958,2336.13365,23.12759209563316,2359.7239208333335,38.00716680152597,2352.0382148148146,64.76346911957958,2307.715346376812,-7234.021217224699,-4998.718234134338,-4998.718234134338,2339.5509960837085,0,0,0,0,0,0,0,0,0
2024-06-03 12:00:00,2342.675,2350.133,2341.0,2349.101,65145,53585.3,51.78762289686216,76.53506837229877,66.82030223390284,2336.3641666666667,28.21907782385954,2359.401779166667,41.62582360420772,2352.0956055555553,66.82030223390284,2307.8439137681157,-6331.996689623473,-4990.322843191781,-4990.322843191781,2339.7401050721496,0,0,0,0,0,0,0,0,0
2024-06-03 13:00:00,2349.055,2354.77,2345.8,2348.371,65860,56878.25,51.60826138479767,74.92501102779055,66.58048620236538,2336.755616666667,27.62543709847935,2359.039666666666,41.203907062767406,2352.157542592592,66.58048620236538,2307.9705376811594,-5605.1318766787435,-4990.718435410715,-4990.718435410715,2339.9110138826018,0,0,0,0,0,0,0,0,0
2024-06-03 14:00:00,2348.344,2349.44,2346.2,2348.211,45410,58114.75,50.1724587693109,74.57212174680178,66.52792378449406,2337.0114666666664,27.96377470846062,2358.6776916666663,41.11143220436936,2352.2215814814817,66.52792378449406,2308.0964007246375,-5608.68848459424,-4993.885181364588,-4993.885181364588,2340.0753700433424,0,0,0,0,0,0,0,0,0
2024-06-03 15:00:00,2348.25,2349.1,2344.3,2347.591,38081,59284.25,51.20279234176596,73.20467578297315,66.3242444152431,2337.2321500000003,27.774895397489374,2358.347945833333,40.75309212807767,2352.2927462962966,66.3242444152431,2308.221604347826,-5606.1362587521435,-5606.1362587521435,-5606.1362587521435,2340.2241943989197,0,0,0,0,0,0,0,0,0
2024-06-03 16:00:00,2347.68,2351.1,2346.8,2350.405,16190,58613.85,52.86698509828091,79.41111601235191,67.24868593955333,2337.4879,30.129707112970806,2358.0338625,42.379493700150434,2352.3786999999998,67.24868593955333,2308.3504775362317,-5602.013908599765,-5602.013908599765,-5602.013908599765,2340.425794509832,0,0,0,0,0,0,0,0,0
2024-06-03 17:00:00,2350.64,2350.64,2350.2,2350.2,2,55427.25,53.24082284092919,78.95897662108507,67.1813403416557,2337.7733166666667,29.95815899581567,2357.722195833333,42.261010287827936,2352.4682703703706,67.1813403416557,2308.478111594203,-6943.700618696428,-5601.0878800076225,-5601.0878800076225,2340.6193431334,0,0,0,0,0,0,0,0,0
2024-06-03 18:00:00,2350.64,2352.26,2349.7,2350.74,8863,53655.05,52.9253360510008,80.1499779444198,67.35873850197106,2337.94065,30.410041841003927,2357.4031124999997,42.57311293492074,2352.563583333333,67.35873850197106,2308.606039130435,-7405.199425983025,-5601.869368216511,-5601.869368216511,2340.8197521802635,0,0,0,0,0,0,0,0,0
2024-06-03 19:00:00,2350.686,2351.13,2349.4,2350.488,10876,51659.25,52.817549904942844,79.59417732686366,67.27595269382391,2338.184783333333,30.1991631799161,2357.0877291666666,42.42746503294412,2352.6589499999995,67.27595269382391,2308.733428985507,-7405.5508643464345,-5602.136363871843,-5602.136363871843,2341.0112026321394,0,0,0,0,0,0,0,0,0
2024-06-03 20:00:00,2350.49,2352.81,2349.8,2350.508,28375,51750.1,52.43286141037822,79.63828848698714,67.28252299605779,2338.3379166666664,30.215899581589724,2356.7613458333335,42.43902439024384,2352.7627592592594,67.28252299605779,2308.860356521739,-7739.077761626252,-5603.089270719911,-5603.089270719911,2341.1992580255624,0,0,0,0,0,0,0,0,0
2024-06-03 21:00:00,2350.59,2352.33,2343.068,2347.011,62687,51966.35,51.14286966173983,71.92545213939148,66.13370565045994,2338.3136,27.28953974895387,2356.4553916666673,40.41787076638542,2352.8654833333335,66.13370565045994,2308.984128985507,-7743.469970508235,-5606.28469244059,-5606.28469244059,2341.3143420250562,0,0,0,0,0,0,0,0,0
2024-06-03 22:00:00,2347.011,2349.66,2345.3,2346.86,44436,50536.25,50.23267896240767,71.59241288045932,66.08409986859404,2338.3604333333337,27.16317991631802,2356.176254166667,40.330597618772515,2352.9447796296295,66.08409986859404,2309.1088463768115,-7746.569019535584,-5608.539313940051,-5608.539313940051,2341.424157034461,0,0,0,0,0,0,0,0,0
2024-06-03 23:00:00,2346.87,2346.98,2343.7,2345.651,32398,49272.45,49.675997257587575,68.92589325099242,65.68692509855451,2338.3911,26.15146443514623,2355.8928625,39.631834470003426,2353.0294833333337,65.68692509855451,2309.2341442028987,-9089.132958909346,-5609.9182629239995,-5609.9182629239995,2341.507856895165,0,0,0,0,0,0,0,0,0
2024-06-04 00:00:00,2345.701,2349.9,2344.9,2349.211,21712,47802.45,52.47065610508316,76.77767975297736,66.85643889618919,2338.4157,29.13054393305414,2355.6299166666668,41.68940006935606,2353.121544444444,66.85643889618919,2309.362347826087,-10252.065395211059,-5602.995649975039,-5602.995649975039,2341.6603943823893,0,0,0,0,0,0,0,0,0
2024-06-04 01:00:00,2349.206,2349.58,2347.1,2347.72,33645,47240.1,51.531725439320645,73.4891927657696,66.36662286465175,2338.4720666666667,27.88284518828428,2355.3435,40.827649982660894,2353.1950074074075,66.36662286465175,2309.4899108695654,-11609.39641362822,-5605.321462870164,-5605.321462870164,2341.780386572837,0,0,0,0,0,0,0,0,0
2024-06-04 02:00:00,2347.611,2351.8,2344.0,2344.42,60407,47740.15,50.15699097031245,66.2108513453908,65.28252299605788,2338.5025666666666,25.12133891213388,2355.0675,38.92035602820492,2353.2626592592596,65.28252299605788,2309.617178985507,-16636.477915974512,-5608.72679967722,-5608.72679967722,2341.832656145652,0,0,0,0,0,0,0,0,0
2024-06-04 03:00:00,2344.411,2345.16,2338.9,2339.73,63062,48425.15,49.06791509553875,55.86678429642722,63.74178712220767,2338.4742666666666,21.19665271966521,2354.7362041666665,36.20968674141724,2353.330988888889,63.74178712220767,2309.7411391304345,-14428.683584779314,-5611.424535309555,-5611.424535309555,2341.7910193902926,0,0,0,0,0,0,0,0,0
2024-06-04 04:00:00,2339.611,2339.791,2332.0,2333.321,73902,48642.4,45.66949832590831,41.73136303484771,61.63633377135349,2338.3150333333333,15.833472803347131,2354.3803333333335,32.50549069471737,2353.386574074074,61.63633377135349,2309.8605079710146,-10986.691502518488,-5619.842709125832,-5619.842709125832,2341.623296234049,0,0,0,0,0,0,0,0,0
2024-06-04 05:00:00,2333.225,2334.29,2326.615,2329.861,78527,47826.95,46.29106335238224,34.10013233348013,60.49967148488831,2338.0977166666667,12.938075313807351,2354.0203791666668,30.50572188186334,2353.4368722222225,60.49967148488831,2309.976678985507,-8705.187771130382,-5618.303038512817,-5618.303038512817,2341.390379476939,0,0,0,0,0,0,0,0,0
2024-06-04 06:00:00,2329.861,2334.9,2328.7,2329.124,63049,44706.15,44.99754624789299,32.474636082928555,60.257555847568966,2337.8496333333333,12.321338912133644,2353.642808333333,30.079759565368093,2353.4836203703703,60.257555847568966,2310.0920333333333,-8710.125801687698,-5621.507192846454,-5621.507192846454,2341.147480873435,0,0,0,0,0,0,0,0,0
2024-06-04 07:00:00,2329.118,2329.8,2324.9,2327.951,61925,43727.6,44.96173061479749,29.8875165416851,59.87220762155064,2337.5841333333333,11.339748953974837,2353.2454166666666,29.401803259738816,2353.527761111111,59.87220762155064,2310.2060630434785,-8168.8938351315455,-5621.595911283648,-5621.595911283648,2340.886164420496,0,0,0,0,0,0,0,0,0
2024-06-04 08:00:00,2327.865,2336.03,2326.5,2335.11,84257,44683.2,46.99436721899409,45.67710630789629,62.22404730617617,2337.39875,17.330543933054425,2352.8661875000003,33.53947520517871,2353.5856000000003,62.22404730617617,2310.3268572463767,-8161.611009605938,-6962.817544853841,-6962.817544853841,2340.7717849270207,0,0,1,0,1,0,0,0,0
2024-06-04 09:00:00,2335.14,2337.98,2321.9,2324.38,119294,47354.9,43.82623459351134,22.011468901632302,58.699080157687334,2337.0295833333334,8.35146443514646,2352.4357333333332,27.337880013871334,2353.62595,58.699080157687334,2310.4439789855073,-7370.021887436103,-6930.556024966523,-6930.556024966523,2340.447195126486,0,1,0,0,0,0,0,0,0
2024-06-04 10:00:00,2324.175,2332.47,2315.508,2317.542,140570,52112.9,37.79080826167656,6.929863255403279,56.45269382391591,2336.6131166666664,2.629288702928724,2351.969325,23.385735753092124,2353.6565055555557,56.45269382391591,2310.5562920289854,-6106.15299913762,-5801.327471189225,-5801.327471189225,2339.9936269061595,0,1,0,0,0,0,0,0,0
2024-06-04 11:00:00,2317.482,2328.8,2317.0,2326.1,87597,54588.7,42.89418246637494,25.805028672253854,59.2641261498029,2336.32205,10.431526390870037,2351.5643041666667,28.33198474164836,2353.700427777778,59.2641261498029,2310.6752463768116,-6171.891308276622,-5788.329217904374,-5788.329217904374,2339.7185055812847,0,0,0,0,0,0,0,0,0
2024-06-04 12:00:00,2326.061,2329.65,2322.2,2323.873,65458,57052.1,46.05464617782984,20.89325099250115,58.53252299605788,2335.98685,8.445970042795977,2351.1529416666667,27.044850306323042,2353.7308962962966,58.53252299605788,2310.7960166666667,-6253.315755048348,-5780.27954210728,-5780.27954210728,2339.4047331935362,0,1,0,0,0,0,0,0,0
2024-06-04 13:00:00,2323.911,2330.35,2323.4,2328.86,57804,59942.2,49.56468441361249,31.89236876929893,60.17082785808155,2335.761683333333,12.892296718972945,2350.7736083333334,29.927176049011795,2353.773248148148,60.17082785808155,2310.9193847826086,-6243.644096733065,-5771.339502792464,-5771.339502792464,2339.1959265956443,0,0,0,0,0,0,0,0,0
2024-06-04 14:00:00,2328.635,2329.82,2325.8,2328.34,39730,61485.55,48.44337621942599,30.745478606087673,60.000000000000085,2335.47,12.428673323823174,2350.3902333333335,29.62663275921872,2353.8286833333336,60.000000000000085,2311.04123115942,-6246.733780944976,-5774.195465795335,-5774.195465795335,2338.980957752166,0,0,0,0,0,0,0,0,0
2024-06-04 15:00:00,2328.17,2328.39,2325.7,2327.128,32520,62567.75,50.44053025563272,28.07234230260289,59.60183968462559,2335.2481333333335,11.348074179743298,2349.989475,28.926135706854833,2353.880627777778,59.60183968462559,2311.1613942028985,-6241.230766406767,-5769.108730437464,-5769.108730437464,2338.7462457174697,0,0,0,0,0,0,0,0,0
2024-06-04 16:00:00,2327.24,2327.7,2325.6,2326.691,13726,61835.3,51.433932525237324,27.108513453903388,59.45827858081469,2334.973133333333,10.958452211126719,2349.5991666666664,28.67356374985544,2353.927553703704,59.45827858081469,2311.279677536232,-6238.493517785571,-5766.578542801571,-5766.578542801571,2338.50752798049,0,0,0,0,0,0,0,0,0
2024-06-04 17:00:00,2326.81,2327.5,2326.1,2327.5,5,58701.2,49.937719047140085,28.89280988089987,59.72404730617613,2334.7292999999995,11.679743223965696,2349.2074999999995,29.141139752629797,2353.9755166666664,59.72404730617613,2311.399775362319,-7640.531097237476,-5770.389386564235,-5770.389386564235,2338.289557129391,0,0,0,0,0,0,0,0,0
2024-06-04 18:00:00,2325.918,2328.32,2325.918,2327.613,5629,56760.85,50.282679192167365,29.142037935597326,59.76116951379762,2334.457966666667,11.780492154065403,2348.8142666666668,29.206450121373194,2354.028346296296,59.76116951379762,2311.519842753623,-9328.440970258202,-5769.510775833687,-5769.510775833687,2338.078140156532,0,0,0,0,0,0,0,0,0
2024-06-04 19:00:00,2327.79,2328.95,2327.1,2328.81,10349,55658.4,50.709307345957,31.782090868989748,60.15440210249674,2334.2093833333333,12.847717546362226,2348.4280833333332,29.89827765576235,2354.085003703704,60.15440210249674,2311.641192028985,-10078.313869054922,-6071.520810289086,-6071.520810289086,2337.8946126286796,0,0,0,0,0,0,0,0,0
2024-06-04 20:00:00,2328.701,2329.65,2327.4,2328.131,28846,56015.1,50.67063164949961,30.28451698279634,59.93134034165571,2333.765383333333,12.242332382310792,2348.0432541666664,29.50583747543633,2354.128422222222,59.93134034165571,2311.76188115942,-10078.485975215732,-6071.62449292395,-6071.62449292395,2337.701273764745,0,0,0,0,0,0,0,0,0
2024-06-04 21:00:00,2328.18,2330.87,2325.6,2330.46,53411,57003.4,51.743368816150344,39.782016348773816,60.696452036793744,2333.4726333333333,14.31883024251067,2347.6626125,28.39615527333228,2354.203903703704,60.696452036793744,2311.8834463768117,-10073.712313918782,-6068.748676167072,-6068.748676167072,2337.557882205047,0,0,0,0,0,0,0,0,0
2024-06-04 22:00:00,2330.317,2333.51,2329.6,2333.37,42315,56098.8,52.39801233670351,46.9903393609112,61.65243101182655,2333.44195,18.039006856153698,2347.3116375000004,27.361543248288644,2354.2821611111112,61.65243101182655,2312.0071760869564,-10070.799161904926,-6066.993693805393,-6066.993693805393,2337.474953844551,0,0,1,0,1,0,0,0,0
2024-06-04 23:00:00,2333.253,2337.89,2332.7,2337.064,35887,54740.05,52.35694782008567,56.140698538518265,62.86596583442837,2333.5578499999997,21.58866842571495,2346.9904458333335,28.683911671924257,2354.3625185185188,62.86596583442837,2312.1338434782606,-10070.981898272932,-6067.103780440475,-6067.103780440475,2337.4668161446584,0,0,0,0,0,0,0,0,0
2024-06-05 00:00:00,2337.13,2338.2,2335.4,2337.895,23397,52214.8,54.420977199700964,58.19915779043833,63.13896189224708,2333.6437,22.380240233947042,2346.6779249999995,29.208201892744523,2354.4342037037036,63.13896189224708,2312.259397826087,-9964.247412305209,-6061.570486301781,-6061.570486301781,2337.475295032883,0,0,0,0,0,0,0,0,0
2024-06-05 01:00:00,2337.895,2341.68,2337.205,2337.36,42944,50435.65,56.44470373863148,56.87391627446148,62.963206307490225,2333.8341833333334,21.870624208190137,2346.3459666666668,28.87066246056796,2354.4995925925928,62.963206307490225,2312.3846586956524,-9159.46230251776,-6056.145236881025,-6056.145236881025,2337.473011962925,0,0,0,0,0,0,0,0,0
2024-06-05 02:00:00,2337.35,2338.45,2327.945,2332.711,61961,50381.25,54.388210708143994,45.3579390636605,61.43593955321942,2333.9982,17.442203827358984,2345.9946666666665,25.937539432176575,2354.5614462962963,61.43593955321942,2312.5032391304344,-11641.744298212801,-6140.676197088286,-6140.676197088286,2337.378714696332,0,0,1,0,1,0,0,0,0
2024-06-05 03:00:00,2332.595,2333.76,2328.8,2331.521,55055,50037.75,54.411288207248795,42.41020559821685,61.04500657030234,2334.0625333333332,16.308665377544635,2345.637616666667,25.186750788643707,2354.6174703703705,61.04500657030234,2312.6211217391306,-12412.410896021789,-6230.2896279971565,-6230.2896279971565,2337.262720345909,0,0,0,0,0,0,0,0,0
2024-06-05 04:00:00,2331.521,2335.11,2331.1,2332.61,46494,48149.6,53.98673165869846,45.107753282140415,61.402759526938326,2334.1579333333334,17.345995942122933,2345.2864916666667,25.87381703470045,2354.675683333334,61.402759526938326,2312.741149275362,-14126.948186202188,-6231.459463080784,-6231.459463080784,2337.1705872697526,0,0,1,0,1,0,0,0,0
2024-06-05 05:00:00,2332.66,2333.851,2330.7,2332.213,42940,44331.9,52.54012828286065,44.12434976467711,61.27233902759538,2334.2453166666664,16.967832274411695,2344.9326083333335,25.62334384858062,2354.731762962963,61.27233902759538,2312.859376086956,-14135.94447585292,-6235.4454748074395,-6235.4454748074395,2337.072417224807,0,0,0,0,0,0,0,0,0
2024-06-05 06:00:00,2332.195,2335.61,2329.348,2333.625,44602,39533.5,53.254063125895534,47.62199653207818,61.73620236530885,2334.3659,19.053518334985025,2344.5948958333333,26.514195583596273,2354.79067962963,61.73620236530885,2312.9766804347823,-14131.504582550462,-6233.478278612589,-6233.478278612589,2337.0041515371868,0,0,1,0,1,0,0,0,0
2024-06-05 07:00:00,2333.663,2335.57,2330.8,2332.451,38928,37100.05,51.893182943779735,44.713896457765614,61.350525624178765,2334.4755666666665,17.927301618829993,2344.2772333333332,25.77350157728714,2354.862124074074,61.350525624178765,2313.0949057971015,-14139.967767762628,-6237.228086234423,-6237.228086234423,2336.9139901206086,0,0,0,0,0,0,0,0,0
2024-06-05 08:00:00,2332.435,2344.08,2332.078,2342.141,86309,38142.6,54.31317660089367,68.71686896210072,64.53383705650467,2334.7284,28.038204972710705,2343.9846500000003,30.09874065201202,2354.9476074074078,64.53383705650467,2313.2218753623188,-12290.513113631514,-7625.775068795032,-7625.775068795032,2337.0174952667353,0,0,0,0,0,0,0,0,0
2024-06-05 09:00:00,2342.035,2345.94,2338.065,2343.81,102067,40355.75,55.25363138603545,72.85112707456015,65.08212877792381,2334.9455666666668,30.210580380071782,2343.7017333333333,27.46937800675566,2355.01332962963,65.08212877792381,2313.353821014493,-11161.978213441238,-7427.229129251926,-7427.229129251926,2337.152000310958,0,0,0,0,0,0,0,0,0
2024-06-05 10:00:00,2344.748,2350.29,2333.9,2348.96,131237,44931.1,55.58125954541361,85.60812484518216,66.7739816031538,2335.3212333333336,42.735254111537024,2343.536358333333,30.983656897198937,2355.083624074074,66.7739816031538,2313.4906797101453,-9194.081573327587,-6497.403083360865,-6497.403083360865,2337.385822086979,0,0,0,0,0,0,0,0,0
2024-06-05 11:00:00,2348.905,2357.34,2348.885,2353.96,96240,48117.1,57.45723753380748,92.12855146716325,68.41655716162948,2335.8667,49.02714090965413,2343.3781583333334,34.395578150056416,2355.166290740741,68.41655716162948,2313.6281782608694,-7146.007443182657,-5397.902951009213,-5397.902951009213,2337.714023629811,0,0,0,0,0,0,0,0,0
2024-06-05 12:00:00,2353.621,2355.013,2351.0,2352.561,55728,50217.2,54.171911595297594,88.87051700046578,67.95696452036802,2336.3872166666665,47.737052789592234,2343.2142875,33.440922583506975,2355.2466814814816,67.95696452036802,2313.7677275362316,-7735.237586000014,-5405.756570101082,-5405.756570101082,2338.008023161894,0,0,0,0,0,0,0,0,0
2024-06-05 13:00:00,2352.62,2355.75,2351.4,2355.051,42543,52344.1,54.61304239420328,94.6693060083833,68.77496714848886,2336.9699833333334,53.25691078213006,2343.0761416666664,35.14005936742985,2355.3239333333336,68.77496714848886,2313.9099876811597,-7733.7368858846685,-5404.702040556938,-5404.702040556938,2338.3455078517577,0,0,0,0,0,0,0,0,0
2024-06-05 14:00:00,2355.15,2356.75,2353.2,2355.701,35412,53833.25,52.6037146328762,96.08194683495861,68.98850197109073,2337.5255,59.597402597402734,2342.9845,35.58360913030138,2355.4009314814816,68.98850197109073,2314.0541188405796,-7740.5724965712725,-5409.505367582486,-5409.505367582486,2338.689180963604,0,0,0,0,0,0,0,0,0
2024-06-05 15:00:00,2355.711,2356.15,2352.3,2354.03,30846,54858.1,52.21603502423975,92.08739720787933,68.4395532194482,2337.99525,57.18614718614757,2342.87975,34.44334504759654,2355.4588388888887,68.4395532194482,2314.1952420289854,-7741.891358992216,-5410.432121284523,-5410.432121284523,2338.992959558384,0,0,0,0,0,0,0,0,0
2024-06-05 16:00:00,2353.991,2355.305,2352.5,2354.975,16975,54264.55,52.6325621944765,94.34643335245693,68.75000000000001,2338.4881,58.54978354978352,2342.7817041666667,35.0881981643864,2355.5269203703706,68.75000000000001,2314.3388514492754,-7740.474358923372,-5613.206340618531,-5613.206340618531,2339.309435606733,0,0,0,0,0,0,0,0,0
2024-06-05 17:00:00,2355.04,2355.04,2353.7,2354.6,4,51594.2,52.733129001817154,93.44999043794174,68.62680683311433,2338.93625,58.008658008657974,2342.6837874999997,34.83230407042209,2355.5890962962967,68.62680683311433,2314.4830362318844,-7975.006555704926,-6458.357629476839,-6458.357629476839,2339.612219060065,0,0,0,0,0,0,0,0,0
2024-06-05 18:00:00,2355.098,2357.94,2354.6,2356.86,10389,49997.9,52.52802168106586,97.45475113122191,69.36925098554542,2339.371083333333,61.269841269841564,2342.584825,36.37449247671382,2355.658772222222,69.36925098554542,2314.6293333333333,-7963.136465860824,-6574.614876430043,-6574.614876430043,2339.9537592766974,0,0,0,0,0,0,0,0,0
2024-06-05 19:00:00,2356.801,2357.54,2354.4,2354.991,11878,48797.45,51.85219549534928,93.05005656108585,68.75525624178715,2339.7896333333333,58.572871572871655,2342.4714083333333,35.099116312395594,2355.7268999999997,68.75525624178715,2314.7731239130435,-7965.500155654179,-7030.760063403341,-7030.760063403341,2340.251526419733,0,0,0,0,0,0,0,0,0
2024-06-05 20:00:00,2355.021,2356.01,2354.1,2355.69,23840,48819.6,51.91131498470959,94.69739819004528,68.98488830486208,2340.1503000000002,61.152251184834086,2342.3692791666667,35.57610290354511,2355.7870574074077,68.98488830486208,2314.917453623188,-7965.293386315342,-7030.577257313791,-7030.577257313791,2340.557238767857,0,0,0,0,0,0,0,0,0
2024-06-05 21:00:00,2355.68,2373.33,2355.2,2367.324,92000,51272.4,55.975552621491644,89.612950088202,72.80683311432333,2340.71585,86.3360522022842,2342.3457125,43.51496127469392,2355.860168518519,72.80683311432333,2315.0732898550723,-5348.752521463724,-4755.131882209318,-4755.131882209318,2341.087273643741,1,0,0,0,0,0,0,0,0
2024-06-05 22:00:00,2367.411,2374.71,2364.7,2374.228,57656,51057.15,58.02663815157226,99.18583831627316,75.07490144546655,2341.25925,99.20079588791249,2342.3654125000003,48.226142140639524,2355.9588055555555,75.07490144546655,2315.2373101449275,-5334.141869601296,-4617.335291892531,-4617.335291892531,2341.7435256507956,1,0,0,0,0,0,0,0,0
2024-06-05 23:00:00,2374.51,2374.96,2367.2,2368.401,41836,50396.2,57.12581951921535,88.9675704770232,73.16064388961891,2341.685266666667,89.16941875825593,2342.3486666666668,44.249889112559266,2356.0396148148147,73.16064388961891,2315.3979978260872,-5544.993133172888,-4595.77427163853,-4595.77427163853,2342.271396429988,1,0,0,0,0,0,0,0,0
2024-06-06 00:00:00,2368.411,2370.54,2366.7,2369.308,26516,49397.3,57.440799766646265,90.49317096144786,73.44115713346484,2342.02205,90.66710700132093,2342.334158333333,44.86881162782772,2356.1207537037035,73.44115713346484,2315.558878985507,-5544.226011284357,-4595.136143098354,-4595.136143098354,2342.806774718503,1,0,0,0,0,0,0,0,0
2024-06-06 01:00:00,2369.288,2371.43,2366.0,2367.72,40375,49269.05,57.296839766437614,87.8221085918048,72.88347597103352,2342.3445333333334,88.044914134742,2342.366945833333,43.78518543792005,2356.2006333333334,72.88347597103352,2315.71881884058,-8788.449320167128,-4595.4277962592305,-4595.4277962592305,2343.300105912196,1,0,0,0,0,0,0,0,0
2024-06-06 02:00:00,2367.73,2367.99,2362.9,2366.981,52088,49643.35,55.98711607660289,86.57908901298563,72.5951203428949,2342.657366666667,86.82463672391046,2342.3788333333337,43.280903476748,2356.275987037037,72.5951203428949,2315.877505072464,-9578.517879479941,-4598.081207300225,-4598.081207300225,2343.769034507994,1,0,0,0,0,0,0,0,0
2024-06-06 03:00:00,2367.001,2368.344,2362.0,2362.87,47238,50058.85,55.01582550886627,79.66426697167446,71.23021108179417,2342.9120166666667,80.03632760898257,2342.4071666666664,40.47562182264835,2356.346188888889,71.23021108179417,2316.030247826087,-9746.961691388537,-4834.476602129405,-4834.476602129405,2344.14727144843,1,0,0,0,0,0,0,0,0
2024-06-06 04:00:00,2362.891,2363.19,2359.6,2362.801,43464,47916.6,56.21857893917755,79.54820695687268,71.20745382585751,2343.1186166666666,79.92239101717286,2342.4169583333332,40.428537309358944,2356.418903703704,71.20745382585751,2316.1819007246377,-10132.751196208463,-4831.918368735146,-4831.918368735146,2344.5166522118275,1,0,0,0,0,0,0,0,0
2024-06-06 05:00:00,2362.811,2363.91,2358.1,2361.52,42430,44934.75,57.54595448186058,77.39352755163829,70.78496042216359,2343.3072833333335,77.80713342140015,2342.4064166666667,39.554403084376894,2356.4907925925922,70.78496042216359,2316.33166884058,-10126.893404757964,-4829.095066506744,-4829.095066506744,2344.853352168029,1,0,0,0,0,0,0,0,0
2024-06-06 06:00:00,2361.435,2361.99,2359.1,2361.07,31970,39971.4,60.02326203015402,76.6366144116265,70.63654353562012,2343.47945,77.06406869220626,2342.3842916666667,39.24733017161984,2356.5542925925924,70.63654353562012,2316.4786688405798,-10206.931157479263,-4823.825881037652,-4823.825881037652,2345.1744739072756,1,0,0,0,0,0,0,0,0
2024-06-06 07:00:00,2360.948,2362.05,2358.8,2359.705,36970,37007.9,60.945660465935084,74.34064455358936,70.18634564643799,2343.6330666666668,74.81010568031684,2342.3493958333333,38.31587566958959,2356.616833333333,70.18634564643799,2316.6226362318844,-10784.357194421644,-4821.863957320156,-4821.863957320156,2345.4622070972305,0,0,0,0,0,0,0,0,0
2024-06-06 08:00:00,2359.82,2365.26,2355.0,2357.54,95857,39014.35,60.31388832428355,70.69905133553117,69.47229551451187,2343.750266666667,71.23513870541596,2342.3278958333335,36.83851376710233,2356.6694907407405,69.47229551451187,2316.7664260869565,-10996.09833018074,-4914.3979888988815,-4914.3979888988815,2345.701371313127,0,0,0,0,0,0,0,0,0
2024-06-06 09:00:00,2357.451,2367.08,2353.305,2360.51,126862,43230.3,61.665460434386944,75.6946780596115,70.45184696569929,2343.9752500000004,76.13936591809804,2342.335479166666,38.86519499129984,2356.739485185185,70.45184696569929,2316.914136231884,-10582.496142071539,-4971.679688603019,-4971.679688603019,2345.994611485144,1,0,0,0,0,0,0,0,0
2024-06-06 10:00:00,2360.395,2366.29,2358.378,2364.05,100043,46461.85,60.64487177600892,81.6490614277067,71.61939313984176,2344.2617499999997,81.98480845442559,2342.41115,41.280835238322915,2356.8182259259256,71.61939313984176,2317.0631217391306,-10587.20908900471,-4973.917232798358,-4973.917232798358,2346.352143930983,1,0,0,0,0,0,0,0,0
2024-06-06 11:00:00,2364.06,2378.47,2363.9,2374.14,102924,50065.75,68.38958120833135,93.12283599631536,74.94722955145116,2344.736566666667,93.2417668175434,2342.5282291666667,48.16609232658911,2356.9096425925923,74.94722955145116,2317.2195891304345,-9079.735421385541,-4602.740968998974,-4602.740968998974,2346.902398506607,1,0,0,0,0,0,0,0,0
2024-06-06 12:00:00,2374.131,2376.9,2370.0,2372.6,70656,52749.8,71.17680544016737,90.67691623518965,74.43931398416885,2345.1263833333333,90.83814577805538,2342.6601,47.11522058070902,2357.002235185185,74.43931398416885,2317.3737398550725,-9068.659624716216,-4740.13676224009,-4740.13676224009,2347.411261902516,1,0,0,0,0,0,0,0,0
2024-06-06 13:00:00,2372.725,2374.05,2370.4,2373.15,49113,55205.25,69.28468373938423,91.55045900702056,74.62071240105546,2345.550216666667,91.69658186358713,2342.8312333333333,47.49053191852347,2357.0978277777776,74.62071240105546,2317.5282652173914,-9076.17848702809,-4877.550690335886,-4877.550690335886,2347.920939884644,1,0,0,0,0,0,0,0,0
2024-06-06 14:00:00,2373.14,2373.69,2368.7,2372.031,44920,56931.8,69.91975512905347,89.77319653124131,74.25164907651714,2346.0104,89.95005462775109,2342.9867541666667,46.72694394213387,2357.1933259259263,74.25164907651714,2317.6823528985506,-9073.654857424795,-5079.605664956162,-5079.605664956162,2348.3983668176215,1,0,0,0,0,0,0,0,0
2024-06-06 15:00:00,2372.015,2375.43,2370.8,2372.5,44853,58580.55,68.75182619755576,90.51809027667514,74.40633245382587,2346.5565666666666,90.68206648977709,2343.1579291666662,47.04698215565193,2357.291840740741,74.40633245382587,2317.836247826087,-9078.29594199264,-5082.226102316489,-5082.226102316489,2348.875626880639,1,0,0,0,0,0,0,0,0
2024-06-06 16:00:00,2372.431,2376.225,2371.9,2375.375,18302,58303.65,69.80971554200309,95.08433658397159,75.35455145118735,2347.257466666667,95.16934602778241,2343.3537625,49.00883687604499,2357.4023314814817,75.35455145118735,2317.992320289855,-9074.092129775481,-7703.482455494436,-7703.482455494436,2349.4003669424087,1,0,0,0,0,0,0,0,0
2024-06-06 17:00:00,2375.91,2375.91,2375.4,2375.4,2,53703.75,70.53603335318627,95.1240430736004,75.36279683377313,2348.01645,95.20836584985216,2343.551679166667,49.02589648230934,2357.5165703703706,75.36279683377313,2318.1485521739132,-9071.205907597126,-8301.6525906328,-8301.6525906328,2349.915211161371,1,0,0,0,0,0,0,0,0
2024-06-06 18:00:00,2374.968,2377.15,2374.968,2377.0,6259,51133.9,71.19290943863585,97.66525840983482,75.89050131926123,2348.814383333333,97.70563446230716,2343.7437208333336,50.11771128322366,2357.6307851851852,75.89050131926123,2318.304965217392,-9068.595631080338,-8423.37307189283,-8423.37307189283,2350.451543613621,1,0,0,0,0,0,0,0,0
2024-06-06 19:00:00,2376.881,2378.2,2375.8,2376.718,10780,49581.1,70.82578745155112,97.21736920682324,75.79749340369389,2349.627166666666,97.2654908693617,2343.9304291666663,49.925278924562406,2357.750161111111,75.79749340369389,2318.4605326086958,-9070.054490556136,-8717.899169080942,-8717.899169080942,2350.9716714628566,1,0,0,0,0,0,0,0,0
2024-06-06 20:00:00,2376.675,2379.23,2375.7,2378.305,31746,49842.6,71.18522233366761,98.54838203446191,76.32091029023744,2350.3470833333336,98.5731914237233,2344.1352833333335,51.008222730219366,2357.8656925925925,76.32091029023744,2318.618295652174,-8802.77638444095,-8470.533894045102,-8470.533894045102,2351.5129254932954,1,0,0,0,0,0,0,0,0
2024-06-06 21:00:00,2378.42,2380.03,2369.8,2371.001,72170,51432.35,66.77614575298031,86.00632342456845,73.91193931398425,2351.1241,86.24257199451473,2344.2902249999997,46.0240881640454,2357.962861111111,73.91193931398425,2318.7708963768114,-8555.767462102855,-8302.665652913196,-8302.665652913196,2351.8988279587743,1,0,0,0,0,0,0,0,0
2024-06-06 22:00:00,2370.915,2378.25,2369.1,2376.59,54570,51556.45,68.54435659780968,94.54228145327615,75.75527704485494,2352.1082333333334,94.75849459088825,2344.481433333334,49.837933740489454,2358.078648148148,75.75527704485494,2318.9273007246375,-8549.151144629219,-8549.151144629219,-8549.151144629219,2352.3877620586004,1,0,0,0,0,0,0,0,0
2024-06-06 23:00:00,2376.475,2382.03,2374.9,2380.14,42337,51311.4,68.83559046997988,96.84104964064798,76.92612137203164,2353.0089000000003,97.20538222682194,2344.6881,52.26039783001808,2358.199685185185,76.92612137203164,2319.085735507246,-7952.896116727558,-7952.896116727558,-7952.896116727558,2352.9373113247666,1,0,0,0,0,0,0,0,0
2024-06-07 00:00:00,2380.038,2387.48,2378.9,2386.555,32217,50749.05,69.64242186980647,98.55649188514329,79.04188654353558,2354.0536,98.73426382047047,2344.9027041666664,56.637892797434205,2358.3370555555553,79.04188654353558,2319.249768115942,-7864.53019768471,-6682.260652904699,-6682.260652904699,2353.6030081302165,1,0,0,0,0,0,0,0,0
2024-06-07 01:00:00,2386.64,2387.71,2374.8,2375.98,61518,51703.45,63.67738851712323,81.11415231041701,75.55408970976255,2354.8389333333334,83.99945437184554,2345.059241666667,49.421679347640755,2358.4513888888887,75.55408970976255,2319.4080833333337,-9660.741753393037,-6654.926933535426,-6654.926933535426,2354.046116880113,1,0,0,0,0,0,0,0,0
2024-06-07 02:00:00,2375.849,2377.81,2372.6,2375.295,67355,53472.7,63.158079905430824,80.01127032683958,75.32816622691297,2355.6215166666666,83.06506615741375,2345.2118708333337,48.95424613599932,2358.5641981481485,75.32816622691297,2319.5665057971014,-12128.047975247462,-6656.4363322033305,-6656.4363322033305,2354.466886842883,1,0,0,0,0,0,0,0,0
2024-06-07 03:00:00,2375.411,2379.32,2372.5,2373.501,55218,54385.1,62.60348591475631,77.12284656255063,74.73647757255945,2356.3944,80.61792388487268,2345.3612874999994,47.73004879047414,2358.6732166666666,74.73647757255945,2319.724379710145,-12130.96535552455,-6658.048289740534,-6658.048289740534,2354.843799974707,1,0,0,0,0,0,0,0,0
2024-06-07 04:00:00,2373.6,2373.92,2342.424,2347.31,110011,55092.8,54.42611221266205,34.95411366929639,65.94271325149515,2356.7380500000004,44.89155640431029,2345.3909958333334,29.857722883755905,2358.7352814814813,65.94271325149515,2319.865181884058,-5052.329390512155,-5052.329390512155,-5052.329390512155,2354.694615816792,0,0,0,0,0,0,0,0,0
2024-06-07 05:00:00,2347.32,2347.98,2337.2,2339.225,75807,52540.05,52.24195932811056,21.936886169698877,63.26391995096334,2356.933466666667,33.86304733324217,2345.397929166667,24.34064621788533,2358.7821851851854,63.26391995096334,2320.000080434783,-4523.773590718431,-4523.773590718431,-4523.773590718431,2354.388286790717,0,0,0,0,0,0,0,0,0
2024-06-07 06:00:00,2339.33,2339.34,2331.5,2333.505,62673,50671.55,50.25362010824903,12.727419095154055,61.36871924854637,2357.0316666666668,26.060564725139862,2345.3701375,20.437408304616504,2358.8173796296296,61.36871924854637,2320.1300963768117,-4058.435118113769,-4058.435118113769,-4058.435118113769,2353.9747563592177,0,0,0,0,0,0,0,0,0
2024-06-07 07:00:00,2333.621,2339.36,2330.8,2336.67,70070,49028.85,51.24349238057504,17.823216873289553,62.417374881964186,2357.1626666666666,30.377847496930837,2345.3636791666668,22.597154457675266,2358.857324074074,62.417374881964186,2320.261327536232,-4005.546490281903,-4005.546490281903,-4005.546490281903,2353.632087916461,0,0,0,0,0,0,0,0,0
2024-06-07 08:00:00,2336.551,2339.34,2313.51,2319.205,140752,52533.65,46.30760091362549,7.675202156333858,56.6307174925037,2357.0139,7.675202156333858,2345.2796166666667,10.679313521443982,2358.866666666667,56.6307174925037,2320.378945652174,-3055.5288397390564,-3055.5288397390564,-3055.5288397390564,2352.9503634032635,0,1,0,0,0,0,0,0,0
2024-06-07 09:00:00,2319.302,2328.06,2304.8,2309.402,136928,56924.4,44.347826086956516,5.550597032927113,53.38270132365859,2356.662933333333,5.550597032927113,2345.1640833333336,3.9899007130916813,2358.869651851852,53.38270132365859,2320.49351231884,-2726.3926835279794,-2726.3926835279794,-2726.3926835279794,2352.0880195734962,0,1,0,0,0,0,0,0,0
2024-06-07 10:00:00,2309.402,2321.111,2307.3,2313.342,118323,60594.55,42.73284715738474,10.30273790857548,54.550348953140656,2356.329133333333,10.30273790857548,2345.0599875000003,6.678494660343414,2358.862672222222,54.550348953140656,2320.6083036231885,-2728.34055342253,-2728.34055342253,-2728.34055342253,2351.32077166115,0,1,0,0,0,0,0,0,0
2024-06-07 11:00:00,2313.342,2315.551,2304.4,2304.982,90542,62879.0,40.52217383663028,0.698595606769752,51.7720172814889,2355.7944333333335,0.698595606769752,2344.9370333333336,0.9737623255656173,2358.840555555556,51.7720172814889,2320.7175079710146,-2717.414267390915,-2717.414267390915,-2717.414267390915,2350.4031722223153,0,1,0,0,0,0,0,0,0
2024-06-07 12:00:00,2304.918,2314.54,2302.948,2311.564,68040,65365.9,40.93509414935902,10.164932398952322,53.95945496842805,2355.355583333333,10.164932398952322,2344.84285,5.855170164183962,2358.82645,53.95945496842805,2320.831394927536,-2668.6639128980396,-2668.6639128980396,-2668.6639128980396,2349.6340797030616,0,1,0,0,0,0,0,0,0
2024-06-07 13:00:00,2311.61,2312.37,2303.3,2305.362,52379,67984.75,38.287945245095656,2.8479743281189798,51.898305084745836,2354.8222833333334,2.8479743281189798,2344.729358333333,1.6404805914973726,2358.8036574074076,51.898305084745836,2320.9390557971014,-2671.7869502311173,-2671.7869502311173,-2671.7869502311173,2348.757404857456,0,1,0,0,0,0,0,0,0
2024-06-07 14:00:00,2305.47,2307.16,2299.7,2301.52,45774,69960.5,37.84234420926758,2.0679468242247006,50.62146892655372,2354.3024333333333,2.0679468242247006,2344.5902333333333,1.2101063829788314,2358.779361111111,50.62146892655372,2321.044034057971,-2570.0007451320607,-2570.0007451320607,-2570.0007451320607,2347.822010701863,0,1,0,0,0,0,0,0,0
2024-06-07 15:00:00,2301.451,2301.52,2287.5,2288.191,59819,72412.45,34.85630934261067,0.6895519409238632,46.191758059155845,2353.5802666666664,0.6895519409238632,2344.4004,0.42496924969237637,2358.746996296296,46.191758059155845,2321.138599275362,-2247.9230522476687,-2247.9230522476687,-2247.9230522476687,2346.641198608757,0,1,0,0,0,0,0,0,0
2024-06-07 16:00:00,2288.151,2294.28,2286.5,2293.415,32736,72461.95,36.17869220595936,6.832328821262683,47.92788301761386,2352.927016666667,6.832328821262683,2344.233775,4.226772616136899,2358.7212425925923,47.92788301761386,2321.2374543478263,-2424.392703936691,-2223.417950591878,-2223.417950591878,2345.5872144778905,0,1,0,0,0,0,0,0,0
2024-06-07 17:00:00,2293.51,2293.59,2293.51,2293.59,2,68853.55,36.49868203547336,7.00523663669612,47.98604187437696,2352.2833000000005,7.00523663669612,2344.066441666667,4.333740831295935,2358.6895166666663,47.98604187437696,2321.3364326086958,-2424.047961607975,-2223.1017863496945,-2223.1017863496945,2344.5575666664467,0,1,0,0,0,0,0,0,0
2024-06-09 18:00:00,2293.59,2298.4,2288.755,2297.4,23642,67307.15,37.30121970047869,10.769686789842988,49.2522432701895,2351.6795500000003,10.769686789842988,2343.888025,6.662591687041624,2358.6561240740743,49.2522432701895,2321.436988405797,-2572.8652256915116,-2222.3088432956433,-2222.3088432956433,2343.623753465131,0,1,0,0,0,0,0,0,0
2024-06-09 19:00:00,2297.265,2300.09,2296.2,2298.391,21360,66258.3,37.636102080409735,11.74883904752502,49.58158856763051,2351.1118833333335,11.74883904752502,2343.7263624999996,7.26833740831301,2358.6260518518516,49.58158856763051,2321.5393804347827,-3657.8788189973807,-2221.977964548552,-2221.977964548552,2342.7280553767123,0,1,0,0,0,0,0,0,0
2024-06-09 20:00:00,2298.51,2299.83,2293.9,2296.904,34673,66381.1,36.76690003443131,10.27961663867206,49.087404453306796,2350.357933333333,10.27961663867206,2343.5628375,6.359413202933986,2358.5933185185186,49.087404453306796,2321.6406369565216,-4256.021755515632,-2222.836774988211,-2222.836774988211,2341.8206483395497,0,1,0,0,0,0,0,0,0
2024-06-09 21:00:00,2296.903,2297.97,2293.5,2297.65,31381,64874.25,37.281015016746935,11.016697954747642,49.335327351279574,2349.5886000000005,11.016697954747642,2343.3877541666666,6.8154034229829445,2358.570559259259,49.335327351279574,2321.7413601449275,-4255.049158121921,-2222.328806425504,-2222.328806425504,2340.945982035796,0,1,0,0,0,0,0,0,0
2024-06-09 22:00:00,2297.495,2301.42,2295.1,2296.21,34105,63211.75,36.84978510408746,9.593913644896782,48.85676304420079,2348.709433333333,9.593913644896782,2343.1802499999994,5.935207823960906,2358.5348555555556,48.85676304420079,2321.840856521739,-4257.475804117915,-2222.7548808377746,-2222.7548808377746,2340.060121005384,0,1,0,0,0,0,0,0,0
2024-06-09 23:00:00,2296.25,2297.74,2294.4,2295.29,27742,61837.95,33.28227550802538,8.684912558047584,48.55101362578933,2347.7316,8.684912558047584,2342.9694125,5.372860635696802,2358.4885574074074,48.55101362578933,2321.938986956522,-5421.60183948984,-2226.2797396423016,-2226.2797396423016,2339.1735839557728,0,1,0,0,0,0,0,0,0
2024-06-10 00:00:00,2295.3,2295.81,2292.5,2294.76,29101,57792.45,30.99470028890127,8.16124888844997,48.37487537387848,2346.76825,8.16124888844997,2342.7689916666664,5.048899755501359,2358.4473351851852,48.37487537387848,2322.0389217391303,-6516.729651587954,-2228.5399661210336,-2228.5399661210336,2338.2941070457573,0,1,0,0,0,0,0,0,0
2024-06-10 01:00:00,2294.734,2297.31,2291.9,2295.67,33483,55676.25,32.18695965241419,9.060369528702767,48.67730142904627,2345.778566666667,9.060369528702767,2342.5687833333336,5.605134474327676,2358.4137574074075,48.67730142904627,2322.139115217391,-7759.846615770854,-2227.361960624034,-2227.361960624034,2337.450065322079,0,1,0,0,0,0,0,0,0
2024-06-10 02:00:00,2295.631,2296.53,2287.3,2291.18,57932,55439.2,31.19518230044187,4.624049007014953,47.18511133266865,2344.703216666667,4.624049007014953,2342.3603041666665,2.8606356968214177,2358.3741814814816,47.18511133266865,2322.236318115942,-8043.169820611844,-2228.341880940181,-2228.341880940181,2336.5338264048096,0,1,0,0,0,0,0,0,0
2024-06-10 03:00:00,2291.18,2297.22,2290.0,2296.51,60254,54948.4,33.16357411715761,9.890327042782546,48.95646394150893,2343.7445500000003,9.890327042782546,2342.184970833333,6.118581907090602,2358.352718518519,48.95646394150893,2322.3364775362315,-8710.229709636073,-2226.397021917638,-2226.397021917638,2335.7412753868925,0,1,0,0,0,0,0,0,0
2024-06-10 04:00:00,2296.51,2297.57,2292.0,2292.61,48995,50360.55,32.6751678415185,6.03695287026986,47.66035227650391,2342.7051333333334,6.03695287026986,2341.9700958333333,3.734718826405948,2358.3240759259256,47.66035227650391,2322.435296376812,-10909.123098540646,-2226.879589130008,-2226.879589130008,2334.887190725766,0,1,0,0,0,0,0,0,0
2024-06-10 05:00:00,2292.622,2297.5,2291.6,2295.33,44122,45720.25,34.16382956772931,8.724434344432293,48.56430707876373,2341.7173,8.724434344432293,2341.770716666667,5.397310513447391,2358.299687037037,48.56430707876373,2322.5371297101447,-14995.580362398625,-2225.4087248614464,-2225.4087248614464,2334.1038800183246,0,1,0,0,0,0,0,0,0
2024-06-10 06:00:00,2295.302,2298.81,2294.7,2298.53,40012,41804.7,35.1483752894255,11.886177255212129,49.62778331671663,2340.7451333333333,11.886177255212129,2341.577870833333,7.353300733496459,2358.279168518519,49.62778331671663,2322.6416840579714,-15089.488101277235,-2224.435949718974,-2224.435949718974,2333.399446750635,0,1,0,0,0,0,0,0,0
2024-06-10 07:00:00,2298.54,2305.31,2297.5,2304.975,49237,39739.45,37.238253867229986,18.25412508645381,51.769690927218356,2339.9115333333334,18.25412508645381,2341.410725,11.29278728606352,2358.2721962962964,51.769690927218356,2322.751184057971,-12493.402255040532,-2423.25118092304,-2423.25118092304,2332.836586418939,0,1,0,0,0,0,0,0,0
2024-06-10 08:00:00,2305.11,2308.74,2303.025,2306.073,70695,39872.2,37.62382476180184,19.338998122715008,51.95897264843224,2339.084583333333,19.338998122715008,2341.2392791666666,11.963936430317773,2358.2661833333336,51.95897264843224,2322.8619471014495,-10492.892608387316,-2422.8357845703454,-2422.8357845703454,2332.3066144106433,0,1,0,0,0,0,0,0,0
2024-06-10 09:00:00,2306.17,2307.82,2300.1,2305.55,81275,41317.0,37.76694511332889,18.822250765734786,51.13252197430701,2338.0550166666667,18.822250765734786,2341.0342041666663,11.644254278728724,2358.258164814815,51.13252197430701,2322.968986956522,-10492.225069434298,-2572.3324809959613,-2572.3324809959613,2331.7767804619175,0,1,0,0,0,0,0,0,0
2024-06-10 10:00:00,2305.551,2307.27,2301.4,2302.671,77475,42902.05,37.64551181882453,15.977670190692436,50.15922920892487,2336.8624,15.977670190692436,2340.819279166667,9.884474327628258,2358.244198148148,50.15922920892487,2323.074592753623,-10492.791456069112,-3657.8635136323596,-3657.8635136323596,2331.2004283735628,0,1,0,0,0,0,0,0,0
2024-06-10 11:00:00,2302.668,2308.63,2301.1,2307.291,60371,42929.65,38.10541278703327,20.542436518130778,51.573753814852594,2335.8439,20.542436518130778,2340.6311166666665,12.70843520782407,2358.2350259259256,51.573753814852594,2323.1843695652174,-10490.646395583062,-4253.489570966631,-4253.489570966631,2330.7269743463635,0,1,0,0,0,0,0,0,0
2024-06-10 12:00:00,2307.228,2313.82,2306.7,2312.891,53314,43958.55,38.67015692892354,26.07548661199493,53.31439265056148,2334.903616666667,26.07548661199493,2340.4558291666667,16.13141809290959,2358.232235185185,53.31439265056148,2323.2968630434784,-8478.996391670733,-4252.42119385371,-4252.42119385371,2330.3737867355444,0,0,0,0,0,0,0,0,0
2024-06-10 13:00:00,2312.824,2313.44,2308.7,2311.902,39187,45917.8,35.637605575298906,25.098310443632087,52.904171210468974,2333.973316666667,25.098310443632087,2340.276775,15.526894865525708,2358.2236925925927,52.904171210468974,2323.4090239130437,-8490.43135152603,-4259.769860758318,-4259.769860758318,2330.008008780385,0,0,0,0,0,0,0,0,0
2024-06-10 14:00:00,2311.88,2312.022,2309.6,2310.848,28663,46168.85,35.717721940569206,24.05691137239398,52.53851397409682,2333.037766666667,24.05691137239398,2340.111975,14.882640586797047,2358.217438888889,52.53851397409682,2323.502591304348,-8490.12925361777,-5415.741766264277,-5415.741766264277,2329.628602665922,0,1,0,0,0,0,0,0,0
2024-06-10 15:00:00,2310.94,2312.25,2308.3,2308.78,28369,46519.3,35.216029250994524,22.013635016302928,51.833674164962616,2332.136266666667,22.013635016302928,2339.9381416666665,13.618581907090594,2358.2162351851853,51.833674164962616,2323.593895652174,-8492.021005840903,-6504.533156363624,-6504.533156363624,2329.215759048775,0,1,0,0,0,0,0,0,0
2024-06-10 16:00:00,2308.638,2310.955,2308.1,2310.645,12560,45413.65,35.94951658976049,23.856338306491427,52.46932515337427,2331.267,23.856338306491427,2339.7709958333335,14.758557457212712,2358.216651851852,52.46932515337427,2323.684323188406,-8489.25521647904,-7746.895058380933,-7746.895058380933,2328.848021245829,0,1,0,0,0,0,0,0,0
2024-06-10 17:00:00,2310.3,2310.6,2310.3,2310.6,5,43844.85,35.80431512127103,23.811876296808517,52.45398773006137,2330.4183333333335,23.811876296808517,2339.6036624999997,14.731051344743229,2358.2223833333333,52.45398773006137,2323.7747579710144,-9463.457954990401,-8026.732114403467,-8026.732114403467,2328.486674290466,0,1,0,0,0,0,0,0,0
2024-06-10 18:00:00,2310.78,2312.47,2309.3,2309.545,9450,42612.1,34.77595234130729,22.76948918091104,52.0944103612816,2329.5595833333336,22.76948918091104,2339.4269125,14.086185819070957,2358.2182981481483,52.0944103612816,2323.85355,-10156.723886852686,-8242.035313538356,-8242.035313538356,2328.1115916312488,0,1,0,0,0,0,0,0,0
2024-06-10 19:00:00,2309.75,2310.6,2308.4,2309.835,11373,41793.65,34.85579921374419,23.056022132200404,52.19325153374239,2328.728416666667,23.056022132200404,2339.2497041666666,14.263447432762867,2358.2072185185184,52.19325153374239,2323.930271014493,-10156.364539992033,-8241.743048265893,-8241.743048265893,2327.7496789256793,0,1,0,0,0,0,0,0,0
2024-06-10 20:00:00,2309.808,2311.95,2308.6,2310.74,27253,41701.25,34.64597217459,23.950202549154998,52.50170415814585,2327.9484166666666,23.950202549154998,2339.0793083333333,14.81662591687029,2358.1778574074074,52.50170415814585,2324.0112855072466,-11820.366254316783,-8242.51108281624,-8242.51108281624,2327.412853600418,0,1,0,0,0,0,0,0,0
2024-06-10 21:00:00,2310.735,2310.86,2301.4,2302.82,82793,44166.75,33.46149714428947,16.12488884497595,49.80231765507849,2326.9869166666667,16.12488884497595,2338.8629708333333,9.975550122249494,2358.1379851851852,49.80231765507849,2324.0822855072465,-13872.784943968676,-8246.846642956432,-8246.846642956432,2326.9258664004096,0,1,0,0,0,0,0,0,0
2024-06-10 22:00:00,2302.811,2303.69,2298.6,2301.85,69766,44758.45,32.84185013128655,15.166485525145642,49.471710974778475,2325.9502500000003,15.166485525145642,2338.645341666667,9.382640586797015,2358.079724074074,49.471710974778475,2324.1536115942026,-14886.71583356554,-8500.973415794551,-8500.973415794551,2326.429314590501,0,1,0,0,0,0,0,0,0
2024-06-10 23:00:00,2301.842,2304.432,2300.6,2303.72,41631,43827.3,34.52321253582737,17.01412903863234,50.10906612133604,2324.7765833333333,17.01412903863234,2338.449175,10.525672371638025,2358.030427777778,50.10906612133604,2324.226749275362,-14875.668774402988,-8494.633436893568,-8494.633436893568,2325.979625192669,0,1,0,0,0,0,0,0,0
2024-06-11 00:00:00,2303.644,2303.92,2301.0,2303.54,25399,42647.5,32.76732467728533,16.836280999901156,50.04771642808456,2323.6255833333335,16.836280999901156,2338.2513000000004,10.415647921760375,2357.981925925926,50.04771642808456,2324.2993869565216,-14887.20548832245,-8501.254431835281,-8501.254431835281,2325.535276178953,0,1,0,0,0,0,0,0,0
2024-06-11 01:00:00,2303.522,2304.42,2297.2,2299.52,46970,42789.9,31.02362278860005,12.864341468234342,48.67757327880031,2322.3984166666664,12.864341468234342,2338.0394250000004,7.958435207823953,2357.9166666666665,48.67757327880031,2324.3679449275364,-13635.236926662774,-8507.829476664412,-8507.829476664412,2325.0201221952116,0,1,0,0,0,0,0,0,0
2024-06-11 02:00:00,2299.52,2304.63,2298.3,2302.033,55419,43560.25,29.732879340111225,15.347297697855842,49.53408316291753,2321.2317833333336,15.347297697855842,2337.8740833333336,9.494498777506058,2357.8510370370373,49.53408316291753,2324.4367550724637,-13643.003132730695,-8512.696533408334,-8512.696533408334,2324.564931656693,0,1,0,0,0,0,0,0,0
2024-06-11 03:00:00,2302.11,2305.41,2301.4,2304.451,50601,43628.45,32.15014748231958,17.73638968481377,50.35821404226317,2320.0976333333333,17.73638968481377,2337.7087958333336,10.972493887530582,2357.7779462962962,50.35821404226317,2324.5077398550725,-13947.351308606205,-8503.581645994276,-8503.581645994276,2324.166635980323,0,1,0,0,0,0,0,0,0
2024-06-11 04:00:00,2304.451,2307.76,2302.9,2305.93,50701,42628.75,32.75849212306797,19.197707736389518,50.86230402181321,2318.940216666667,19.197707736389518,2337.546379166667,11.87652811735932,2357.7037703703704,50.86230402181321,2324.5834210144926,-14829.348447131204,-8501.28773709251,-8501.28773709251,2323.805514475762,0,1,0,0,0,0,0,0,0
2024-06-11 05:00:00,2305.938,2307.4,2301.42,2306.25,52867,41208.35,33.16055948678651,19.513882027467634,50.97137014314933,2317.7877166666667,19.513882027467634,2337.3897125000003,12.07212713936431,2357.630714814815,50.97137014314933,2324.656534057971,-14826.715393013856,-8499.771645977433,-8499.771645977433,2323.4578805257465,0,1,0,0,0,0,0,0,0
2024-06-11 06:00:00,2306.245,2308.89,2304.9,2307.78,46978,39683.5,38.7071339603022,21.02559035668431,51.49284253578743,2316.63405,21.02559035668431,2337.231875,13.007334963325313,2357.559251851852,51.49284253578743,2324.7291326086956,-14790.392050030781,-8478.85696093401,-8478.85696093401,2323.147427446029,0,1,0,0,0,0,0,0,0
2024-06-11 07:00:00,2307.83,2308.29,2305.3,2307.56,46300,38979.95,40.52836554855617,20.808220531567965,51.41785957736881,2315.481416666667,20.808220531567965,2337.0660916666666,12.872860635696796,2357.4871037037037,51.41785957736881,2324.8016869565217,-14778.465189596898,-8471.989571838028,-8471.989571838028,2322.8387655164047,0,1,0,0,0,0,0,0,0
2024-06-11 08:00:00,2307.513,2319.93,2307.1,2317.902,81620,40395.25,45.45840876940719,31.026578401343773,54.94274028629863,2314.4746999999998,31.026578401343773,2336.9186416666666,19.194376528117395,2357.4322537037037,54.94274028629863,2324.881557971015,-9906.47422450766,-7499.303679353844,-7499.303679353844,2322.7410077834065,0,0,0,0,0,0,0,0,0
2024-06-11 09:00:00,2317.902,2319.58,2309.138,2314.488,110057,43938.75,43.552793731253004,27.653393933405614,53.77914110429447,2313.532816666667,27.653393933405614,2336.7501125,17.107579462102596,2357.3658796296295,53.77914110429447,2324.970473188406,-9914.857924631522,-7935.217812455886,-7935.217812455886,2322.577581886705,0,0,0,0,0,0,0,0,0
2024-06-11 10:00:00,2314.485,2317.83,2312.1,2314.742,91366,47073.9,48.55862082329469,27.904357276949092,53.865712338105084,2312.502016666667,27.904357276949092,2336.5816708333336,17.262836185819197,2357.301711111111,53.865712338105084,2325.0705760869564,-9892.834928186112,-7917.548108636465,-7917.548108636465,2322.4224218493446,0,0,0,0,0,0,0,0,0
2024-06-11 11:00:00,2314.711,2315.94,2309.5,2310.012,69662,49138.55,50.203680948819354,23.23090603695303,52.25357873210644,2311.3332166666664,23.23090603695303,2336.3721791666667,14.371638141809404,2357.2213074074075,52.25357873210644,2325.168676811594,-9885.59753212133,-8896.140781019336,-8896.140781019336,2322.176670921635,0,1,0,0,0,0,0,0,0
2024-06-11 12:00:00,2310.11,2312.39,2305.5,2308.442,51321,51076.6,48.33756293511744,21.67967592135164,51.71847307430134,2310.0313333333334,21.67967592135164,2336.171654166667,13.411980440097812,2357.13707037037,51.71847307430134,2325.261884782609,-9893.807466189532,-9893.807466189532,-9893.807466189532,2321.9046972400183,0,1,0,0,0,0,0,0,0
2024-06-11 13:00:00,2308.453,2313.81,2307.5,2312.675,49628,53557.75,52.68522202908269,28.199741435035698,53.161213360599966,2308.9762499999997,25.86206896551741,2335.987466666667,15.999388753056355,2357.0547277777778,53.161213360599966,2325.3574442028985,-9874.680061464653,-9874.680061464653,-9874.680061464653,2321.721930958038,0,0,0,0,0,0,0,0,0
2024-06-11 14:00:00,2312.711,2315.86,2311.9,2313.664,35729,54871.7,50.76278204774302,29.265244559362387,53.49829584185424,2307.949066666667,26.83924513388025,2335.806866666667,16.603911980440238,2356.9532296296297,53.49829584185424,2325.4522514492755,-9883.137782456028,-9883.137782456028,-9883.137782456028,2321.5623679687696,0,0,0,0,0,0,0,0,0
2024-06-11 15:00:00,2313.664,2316.0,2312.1,2315.29,31577,55881.9,53.73014322427441,32.932967284374215,54.05248807089301,2306.9788833333328,28.445805750419872,2335.628458333333,17.59779951100243,2356.8583314814814,54.05248807089301,2325.54927826087,-9870.082959858002,-9870.082959858002,-9870.082959858002,2321.438162662457,0,0,0,0,0,0,0,0,0
2024-06-11 16:00:00,2315.29,2316.96,2314.4,2316.515,13507,55194.6,55.746928200764884,48.820754716980915,54.47000681663259,2306.4656333333332,29.656160458452586,2335.4425791666663,18.346577017114846,2356.7602611111115,54.47000681663259,2325.6476115942028,-10367.790438276796,-9861.21017069614,-9861.21017069614,2321.3406742929037,0,0,1,0,1,0,0,0,0
2024-06-11 17:00:00,2316.41,2316.41,2316.2,2316.2,3,51055.1,61.92410193534094,56.18615209988601,54.36264485344239,2306.0818833333333,29.344926390672665,2335.2567458333338,18.15403422982875,2356.656014814815,54.36264485344239,2325.745944927536,-12085.676729976742,-9834.033867420401,-9834.033867420401,2321.238878762351,0,0,0,0,0,0,0,0,0
2024-06-11 18:00:00,2316.41,2317.63,2314.7,2316.84,10403,48086.95,60.37762597131032,57.39689746500203,54.580777096114616,2305.8041333333335,29.977274972828905,2335.0802,18.545232273838728,2356.5489444444443,54.580777096114616,2325.844361594203,-12107.198130895289,-9840.837545220798,-9840.837545220798,2321.1517722522053,0,0,0,0,0,0,0,0,0
2024-06-11 19:00:00,2316.728,2317.502,2313.6,2315.12,14706,46740.7,59.40930704146541,54.163512490537116,53.99454669393321,2305.444966666667,28.277838158284634,2334.8945125,17.49388753056229,2356.4433518518517,53.99454669393321,2325.940955797101,-12112.429459527624,-9845.097637301065,-9845.097637301065,2321.0323312175083,0,0,1,0,1,0,0,0,0
2024-06-11 20:00:00,2315.12,2315.632,2312.9,2313.628,25011,46721.3,57.23882594343827,65.27430221366744,53.48602590320392,2305.3520166666667,26.803675526133926,2334.7108166666667,16.581907090464654,2356.34875,53.48602590320392,2326.0342057971015,-14954.49882938523,-9854.646608255873,-9854.646608255873,2320.88571079736,0,0,0,0,0,0,0,0,0
2024-06-11 21:00:00,2313.74,2315.18,2310.5,2314.258,64208,47583.2,57.100663211878576,80.19993643639279,53.70074982958417,2305.4329500000003,27.426143661693313,2334.5350583333334,16.966992665036567,2356.2504296296293,53.70074982958417,2326.1362949275363,-15367.049465401054,-9855.254451333565,-9855.254451333565,2320.7544689993924,0,0,0,0,0,0,0,0,0
2024-06-11 22:00:00,2314.4,2315.58,2310.584,2313.518,46079,47116.2,57.484997567173046,80.81962309303069,53.4485344239946,2305.435883333333,26.694990613575754,2334.3597166666664,16.514669926650395,2356.1631222222227,53.4485344239946,2326.2384731884063,-15578.759545619212,-9853.563583074461,-9853.563583074461,2320.611172583563,0,0,0,0,0,0,0,0,0
2024-06-11 23:00:00,2313.582,2316.74,2313.2,2313.893,29551,46063.7,57.34239813400109,81.94137002692241,53.5763462849353,2305.5844,27.065507360932735,2334.1754333333333,16.743887530562375,2356.06872037037,53.5763462849353,2326.3400456521736,-15967.028422343825,-9854.19094529695,-9854.19094529695,2320.4781394630963,0,0,0,0,0,0,0,0,0
2024-06-12 00:00:00,2313.915,2314.33,2312.1,2312.75,19555,44506.4,57.49678191344703,78.52228537242037,53.18677573278805,2305.6041666666665,25.936172314988625,2333.9862958333333,16.04523227383864,2355.9659870370374,53.18677573278805,2326.4409007246377,-18231.980681967285,-9853.511738172243,-9853.511738172243,2320.3251069984804,0,0,0,0,0,0,0,0,0
2024-06-12 01:00:00,2312.671,2315.39,2312.1,2314.94,33475,43536.8,58.80502581015202,85.07328746634816,53.93319700068173,2305.7638,28.099990119553446,2333.8123333333333,17.383863080684637,2355.8648555555556,53.93319700068173,2326.5429115942034,-18521.805228275578,-9847.75615569664,-9847.75615569664,2320.218471216332,0,0,0,0,0,0,0,0,0
2024-06-12 02:00:00,2314.905,2317.77,2313.4,2314.782,47668,43571.3,59.001726432399316,84.60065809153542,53.87934560327208,2305.9848333333334,27.943879063333803,2333.6418625,17.287286063569784,2355.7676537037037,53.87934560327208,2326.6477318840575,-18308.86938522905,-9846.890776804219,-9846.890776804219,2320.110818320959,0,0,0,0,0,0,0,0,0
2024-06-12 03:00:00,2314.8,2315.46,2310.7,2314.5,41624,43337.5,58.51388989365542,83.7571043972484,53.783231083844626,2306.423316666667,27.6652504693212,2333.491945833333,17.114914425427884,2355.677375925926,53.783231083844626,2326.7535869565218,-21898.59892995471,-9849.037000027904,-9849.037000027904,2319.9997130076727,0,0,0,0,0,0,0,0,0
2024-06-12 04:00:00,2314.5,2315.76,2310.5,2312.8,38705,41191.75,60.02838747982276,78.1489426907762,53.20381731424687,2306.7463999999995,25.985574547969737,2333.355654166667,16.075794621027015,2355.5896444444443,53.20381731424687,2326.8585992753624,-30955.593019534837,-9842.374010207546,-9842.374010207546,2319.857144433263,0,0,0,0,0,0,0,0,0
2024-06-12 05:00:00,2312.724,2315.42,2312.0,2313.938,35686,37473.2,58.41103453601278,81.63653079987803,53.591683708248205,2307.085533333333,27.109969370615644,2333.223625,16.771393643031857,2355.503937037037,53.591683708248205,2326.965322463768,-30977.839965116822,-9849.48950930042,-9849.48950930042,2319.7399336524063,0,0,0,0,0,0,0,0,0
2024-06-12 06:00:00,2314.022,2314.77,2312.128,2313.382,29335,34371.65,60.35927307546528,79.93257738277705,53.40218132242679,2307.3519,26.560616539867652,2333.085258333333,16.431540342298334,2355.414940740741,53.40218132242679,2327.07127173913,-30951.041635825863,-9840.918288273351,-9840.918288273351,2319.614033976121,0,0,0,0,0,0,0,0,0
2024-06-12 07:00:00,2313.382,2314.79,2311.9,2312.92,41376,32957.35,58.97448979591844,78.5167024210854,53.24471710974785,2307.5940499999997,26.104139907123862,2332.9653791666665,16.149144254278784,2355.3270870370366,53.24471710974785,2327.1777398550726,-30970.08954888703,-10352.868748054172,-10352.868748054172,2319.481478847881,0,0,0,0,0,0,0,0,0
2024-06-12 08:00:00,2312.88,2337.7,2311.465,2335.901,111976,35990.1,65.86461313794237,96.43055555555557,61.07736877982276,2308.244,48.81039422981901,2332.958254166667,30.196210268948576,2355.2750703703705,61.07736877982276,2327.294639130435,-8252.33598111056,-6158.499688325274,-6158.499688325274,2319.806617880596,0,0,0,0,0,0,0,0,0
2024-06-12 09:00:00,2336.02,2341.69,2324.6,2329.735,143261,40671.75,60.535990876751164,78.01985659128525,58.97580095432865,2308.7787499999995,42.71811085861092,2332.8921458333334,26.42726161369202,2355.220653703704,58.97580095432865,2327.4045485507245,-7213.735200779881,-5564.648644458032,-5564.648644458032,2320.003219506723,0,0,0,0,0,0,0,0,0
2024-06-12 10:00:00,2329.811,2329.94,2319.955,2325.251,105673,44168.95,57.93213553040849,69.77569406140856,57.44751192910713,2309.2627666666667,38.28771860488113,2332.8164625,23.686430317848547,2355.1582296296297,57.44751192910713,2327.514215942029,-7222.083566750841,-5571.114637371722,-5571.114637371722,2320.1071359521343,0,0,0,0,0,0,0,0,0
2024-06-12 11:00:00,2325.271,2337.18,2324.4,2335.475,94215,47300.85,61.45770317561198,88.57326714469542,60.932174505794144,2309.9325166666667,48.38948720482155,2332.8016041666665,29.935819070904607,2355.1181277777778,60.932174505794144,2327.636936956522,-7210.780047529285,-6097.967645622153,-6097.967645622153,2320.411450091696,0,0,0,0,0,0,0,0,0
2024-06-12 12:00:00,2335.484,2338.22,2332.9,2337.63,62669,49758.95,63.45974665999326,92.53539253539262,61.66666666666675,2310.6470166666672,50.51872344629986,2332.784195833333,31.253056234718912,2355.0873314814817,61.66666666666675,2327.7638246376814,-7204.361184161598,-6160.594265842305,-6160.594265842305,2320.752411476019,0,0,0,0,0,0,0,0,0
2024-06-12 13:00:00,2337.538,2339.58,2332.6,2334.378,57232,52620.4,60.53993478446976,86.55635227063814,60.32841960918758,2311.29215,47.305602213220176,2332.7462291666666,29.265281173594243,2355.0535129629634,60.32841960918758,2327.8908,-7213.722555997199,-6203.260749421185,-6203.260749421185,2321.0222251101573,0,0,0,0,0,0,0,0,0
2024-06-12 14:00:00,2335.111,2335.181,2319.298,2322.611,145120,59356.25,53.60898235608621,63.08957245115079,55.85560941828249,2311.816,35.67928070348766,2332.6816791666665,22.072738386308004,2355.0036000000005,55.85560941828249,2328.0063876811596,-7235.944269457872,-6222.412317336034,-6222.412317336034,2321.053685999065,0,0,0,0,0,0,0,0,0
2024-06-12 15:00:00,2323.03,2324.62,2315.5,2321.22,75960,62418.95,53.44942472568959,59.13355959273269,55.10971786833851,2312.227833333333,34.30491058195809,2332.617466666667,21.22249388753045,2354.952822222222,55.10971786833851,2328.120365942029,-7236.4558360830615,-6222.853206063297,-6222.853206063297,2321.056979345618,0,0,0,0,0,0,0,0,0
2024-06-12 16:00:00,2321.211,2324.925,2320.0,2324.675,23331,62334.95,55.02920700968241,66.03114394090672,56.28267689090286,2312.76225,37.71860488094079,2332.5643333333333,23.334352078239736,2354.91847962963,56.28267689090286,2328.2360326086955,-7231.390807920211,-6218.487960735877,-6218.487960735877,2321.1286233189717,0,0,0,0,0,0,0,0,0
2024-06-12 17:00:00,2323.1,2323.9,2322.5,2322.5,6,59124.85,54.986407315335676,59.16152372845295,55.524573021958915,2313.2150833333335,35.56960774627012,2332.49725,22.004889975550135,2354.8857759259263,55.524573021958915,2328.3503804347824,-7231.528030409299,-6218.606224605308,-6218.606224605308,2321.1557792928534,0,0,0,0,0,0,0,0,0
2024-06-12 18:00:00,2324.305,2325.66,2321.3,2321.942,10907,57366.25,54.14517087776204,55.61249719038,55.33008016730573,2313.605283333333,35.01827882620294,2332.4324458333335,21.663814180929112,2354.846112962963,55.33008016730573,2328.4630268115943,-7234.225165508926,-6590.6839108576605,-6590.6839108576605,2321.1713480197277,0,0,0,0,0,0,0,0,0
2024-06-12 19:00:00,2321.942,2322.37,2320.0,2320.55,14492,56613.3,53.61518450157698,52.483704203192275,54.84489369118171,2313.8648666666663,33.642920660014006,2332.3581541666667,20.812958435207946,2354.8015555555553,54.84489369118171,2328.573371014493,-7470.140001649065,-7235.924384413013,-7235.924384413013,2321.159044098545,0,0,1,0,1,0,0,0,0
2024-06-12 20:00:00,2320.55,2322.96,2317.3,2320.657,33615,57316.3,54.06538568480825,52.72420768712117,54.88218891599871,2314.1079333333337,33.74864143859316,2332.2911083333333,20.878361858190814,2354.7524944444444,54.88218891599871,2328.6858239130434,-7468.6505022835345,-7234.480969269597,-7234.480969269597,2321.149102631247,0,0,1,0,1,0,0,0,0
2024-06-12 21:00:00,2320.74,2321.54,2307.985,2312.565,90663,60175.7,50.94484591743501,34.53585075297855,52.06169397002447,2314.22485,25.753384052959237,2332.2014208333335,15.932151589242096,2354.694224074074,52.06169397002447,2328.7854362318844,-6696.454989119033,-6696.454989119033,-6696.454989119033,2320.9791204009252,0,0,0,0,0,0,0,0,0
2024-06-12 22:00:00,2312.533,2316.16,2310.3,2314.102,46591,60121.85,51.15851137146798,37.99055967633166,52.59742070407808,2314.4153666666666,27.27200869479286,2332.1321250000005,16.871638141809218,2354.639411111111,52.59742070407808,2328.886147826087,-6695.821061054849,-6695.821061054849,-6695.821061054849,2320.8429397989266,0,0,0,0,0,0,0,0,0
2024-06-12 23:00:00,2314.102,2316.35,2312.3,2314.22,36370,59859.15,54.15155355504071,38.25578781748683,52.638550017427654,2314.53085,27.38859796462779,2332.0484166666665,16.94376528117348,2354.5993537037034,52.638550017427654,2328.9902855072464,-6686.940947767287,-6686.940947767287,-6686.940947767287,2320.7117924761756,0,0,0,0,0,0,0,0,0
2024-06-13 00:00:00,2314.171,2314.84,2309.02,2311.79,28806,59364.2,53.58177546519842,32.79388626657691,51.791565005228335,2314.5125,24.987649441754723,2331.950583333333,15.458435207823948,2354.5531685185183,51.791565005228335,2329.093506521739,-7135.3164251774515,-6688.631433125074,-6688.631433125074,2320.5351233182314,0,0,0,0,0,0,0,0,0
2024-06-13 01:00:00,2311.8,2312.26,2308.7,2311.604,37161,59437.95,52.875818900739745,32.375814789840234,51.72673405367723,2314.507533333333,24.803873135065512,2331.89525,15.344743276283515,2354.5083037037034,51.72673405367723,2329.1962688405797,-7137.550818481641,-6690.725948966815,-6690.725948966815,2320.358269391138,0,0,0,0,0,0,0,0,0
2024-06-13 02:00:00,2311.525,2316.17,2311.0,2315.71,54530,60697.7,54.31560283687943,41.604855023601075,53.15789473684216,2314.5885666666663,28.860784507459762,2331.8237916666667,17.854523227383893,2354.468487037037,53.15789473684216,2329.3051724637685,-7132.993819158522,-6686.45422685989,-6686.45422685989,2320.2662244526996,0,0,0,0,0,0,0,0,0
2024-06-13 03:00:00,2315.59,2318.6,2313.0,2316.953,56269,61442.35,56.30611403312036,44.39874129017768,53.57496513249649,2314.724783333333,30.08892401936564,2331.751304166667,18.6143031784841,2354.4309166666662,53.57496513249649,2329.4146514492754,-7126.6937362459075,-6680.548541661134,-6680.548541661134,2320.2006160476953,0,0,0,0,0,0,0,0,0
2024-06-13 04:00:00,2317.04,2317.27,2313.8,2315.551,45065,58096.8,54.92954664799578,41.247471341874615,52.98777078965756,2314.8065500000002,28.7036854065803,2331.6700166666665,17.75733496332515,2354.3920388888887,52.98777078965756,2329.5232463768116,-8284.510418267435,-6684.632705390919,-6684.632705390919,2320.1085444427904,0,0,0,0,0,0,0,0,0
2024-06-13 05:00:00,2315.488,2318.46,2313.285,2315.46,39934,52930.45,54.08391141447488,41.04293099572965,52.42402826855128,2314.88755,28.61377334255511,2331.5966208333334,17.701711491442577,2354.353446296296,52.42402826855128,2329.629775362319,-12751.915635561867,-6687.141636509508,-6687.141636509508,2320.0164940577847,0,0,0,0,0,0,0,0,0
2024-06-13 06:00:00,2315.45,2320.02,2314.9,2316.322,42096,49751.6,53.87275654403442,42.980445043830514,52.71191233651476,2315.0005,29.465467839146438,2331.4950458333333,18.228606356968296,2354.314061111111,52.71191233651476,2329.7369855072466,-12753.110288294203,-6687.768115875895,-6687.768115875895,2319.943335759611,0,0,0,0,0,0,0,0,0
2024-06-13 07:00:00,2316.218,2316.72,2303.82,2306.951,64839,48282.8,50.2447300986601,21.917284783097667,49.399434429126956,2314.9524333333334,20.206501333860306,2331.374675,12.500611246943786,2354.2560537037034,49.399434429126956,2329.835841304348,-10318.568085628993,-5950.819302617762,-5950.819302617762,2319.686061784173,0,1,0,0,0,0,0,0,0
2024-06-13 08:00:00,2306.962,2326.71,2305.3,2323.341,109360,50617.35,54.92190613553971,58.75702405034825,55.193001060445404,2315.1624500000003,36.40055330500927,2331.2997625000003,22.518948655256672,2354.2319814814814,55.193001060445404,2329.9437659420287,-9824.806002029152,-5938.468692538861,-5938.468692538861,2319.7584367983477,0,0,0,0,0,0,0,0,0
2024-06-13 09:00:00,2323.321,2324.76,2308.215,2310.69,109195,53215.5,50.91783473110085,30.32142054394283,50.72110286320262,2315.293616666667,23.900800316174337,2331.1423458333334,14.786063569682192,2354.1741481481477,50.72110286320262,2330.040624637681,-9842.298668715212,-5949.041894029326,-5949.041894029326,2319.5788637924397,0,0,0,0,0,0,0,0,0
2024-06-13 10:00:00,2310.78,2314.46,2305.3,2313.428,95667,50742.85,48.62681546413265,36.47561249719033,51.68893601979499,2315.486583333333,26.60606659420993,2331.0147541666665,16.459657701711432,2354.1242166666666,51.68893601979499,2330.138984782609,-9852.30749032713,-5955.091588423222,-5955.091588423222,2319.457064509421,0,0,0,0,0,0,0,0,0
2024-06-13 11:00:00,2313.435,2317.1,2297.5,2298.858,96008,51745.25,45.51022049614514,3.726680152844117,46.53870625662789,2315.40555,12.21025590356701,2330.8274499999998,7.553789731051455,2354.0422314814814,46.53870625662789,2330.2283384057973,-7709.65347313883,-5096.152476813425,-5096.152476813425,2319.0491622419077,0,1,0,0,0,0,0,0,0
2024-06-13 12:00:00,2298.94,2300.36,2295.395,2299.25,71846,54171.0,45.55338691159578,8.32703315692842,46.67727112053734,2315.33405,12.597569410137332,2330.625429166667,7.793398533007339,2353.9594666666667,46.67727112053734,2330.3177949275364,-7184.549299340253,-4859.793958501783,-4859.793958501783,2318.657099623256,0,1,0,0,0,0,0,0,0
2024-06-13 13:00:00,2299.264,2304.51,2298.9,2301.411,55463,56943.85,47.494333774201586,12.994923857868166,47.4411452810181,2315.3655666666664,14.732733919573219,2330.446566666667,9.114303178484148,2353.8793370370367,47.4411452810181,2330.4096123188406,-7178.351161506609,-4855.6013958868025,-4855.6013958868025,2318.315592700023,0,1,0,0,0,0,0,0,0
2024-06-13 14:00:00,2301.422,2304.01,2299.7,2302.948,30441,57920.55,48.39916549143924,16.31493681823063,47.98444680098975,2315.3808166666663,16.251358561406835,2330.2813916666664,10.05378973105127,2353.8141277777777,47.98444680098975,2330.5036246376812,-7175.461710070435,-4853.646904651813,-4853.646904651813,2318.0112839336857,0,1,0,0,0,0,0,0,0
2024-06-13 15:00:00,2303.05,2304.99,2302.4,2303.48,29792,58685.55,47.26171402705223,17.464088994491895,48.17249911629556,2315.364633333333,16.77699832032409,2330.123275,10.378973105134492,2353.748016666667,48.17249911629556,2330.5996753623185,-7179.093999594264,-5088.001099859569,-5088.001099859569,2317.723535736979,0,1,0,0,0,0,0,0,0
2024-06-13 16:00:00,2303.36,2304.36,2302.6,2303.905,12183,57613.95,47.08395833457833,18.38211469921202,48.32272887946283,2315.3308833333335,17.196917300662182,2329.9609,10.638753056234847,2353.674353703703,48.32272887946283,2330.6954579710145,-7179.661637124119,-5088.4033985864535,-5088.4033985864535,2317.44990136595,0,1,0,0,0,0,0,0,0
2024-06-13 17:00:00,2303.71,2303.71,2301.0,2301.0,7,53081.15,45.762460560339704,12.107138999892017,47.295864262990506,2315.2433833333334,14.326647564469909,2329.7863166666666,8.863080684596582,2353.591333333333,47.295864262990506,2330.789515942029,-7183.881652369971,-5091.394227542522,-5091.394227542522,2317.1241607448424,0,1,0,0,0,0,0,0,0
2024-06-13 18:00:00,2303.71,2304.082,2302.5,2302.851,7710,51137.1,45.963081577423566,16.105410951506897,47.95015906680815,2315.1612333333333,16.155518229424075,2329.614825,9.994498777506188,2353.5122277777778,47.95015906680815,2330.884498550725,-7183.240997677063,-5090.940179750095,-5090.940179750095,2316.84152389841,0,1,0,0,0,0,0,0,0
2024-06-13 19:00:00,2302.862,2303.25,2301.4,2302.29,11971,49917.15,45.896367798730296,14.893617021276533,47.751855779427395,2315.0734,15.601225175377886,2329.4415291666664,9.651589242053772,2353.435857407407,47.751855779427395,2330.978321014493,-7183.454038643671,-5653.995456193802,-5653.995456193802,2316.5533749103224,0,1,0,0,0,0,0,0,0
2024-06-13 20:00:00,2302.3,2305.682,2301.1,2304.92,30682,50010.95,46.52425440591573,20.57457608813063,48.681512902085615,2314.857033333333,18.199782630174948,2329.2693916666667,11.25916870415653,2353.355783333333,48.681512902085615,2331.073311594203,-7181.448972039216,-7181.448972039216,-7181.448972039216,2316.323011050712,0,1,0,0,0,0,0,0,0
2024-06-13 21:00:00,2304.92,2307.18,2302.9,2305.922,56171,50961.45,47.306683220501796,22.7389566907874,48.76403695806687,2314.714266666667,19.189803379112753,2329.100191666667,11.871638141809312,2353.2671499999997,48.76403695806687,2331.172204347826,-7178.950396868895,-7178.950396868895,-7178.950396868895,2316.1170504358465,0,1,0,0,0,0,0,0,0
2024-06-13 22:00:00,2305.898,2307.08,2303.8,2306.65,40869,50278.4,47.94755047296341,24.3114807214604,48.968338669512676,2314.5794,19.909099891315172,2328.9506916666664,12.316625916870478,2353.1812981481485,48.968338669512676,2331.2706246376815,-7176.903878419393,-7176.903878419393,-7176.903878419393,2315.9295840905825,0,1,0,0,0,0,0,0,0
2024-06-13 23:00:00,2306.624,2308.68,2304.5,2305.51,52780,50103.95,47.434634197839436,21.8490117723301,48.56278904304527,2314.504366666667,18.782728979350075,2328.7921333333334,11.619804400978136,2353.102851851852,48.56278904304527,2331.3685376811595,-7655.237070669649,-7178.5418036153815,-7178.5418036153815,2315.7232556927493,0,1,0,0,0,0,0,0,0
2024-06-14 00:00:00,2305.424,2306.14,2303.2,2305.89,29508,49326.1,47.75834303111513,22.66983475537288,48.69797225186763,2314.4618333333333,19.158185950004807,2328.6334041666664,11.85207823960873,2353.0134444444443,48.69797225186763,2331.4653710144926,-10355.386578985914,-7177.508085482616,-7177.508085482616,2315.5285377582395,0,1,0,0,0,0,0,0,0
2024-06-14 01:00:00,2305.78,2311.59,2305.2,2309.9,45412,49600.0,48.85111378375736,31.331677286964222,50.12451085023129,2314.4155833333334,23.12024503507567,2328.4981125,14.303178484107642,2352.92835,50.12451085023129,2331.564697101449,-10350.351929123475,-7174.01847745885,-7174.01847745885,2315.417081565007,0,0,0,0,0,0,0,0,0
2024-06-14 02:00:00,2309.89,2312.78,2307.1,2312.69,61904,50590.4,49.98289857716164,37.358246030888964,51.1170401992174,2314.3993499999997,25.876889635411565,2328.3599833333337,16.008557457212756,2352.8452796296297,51.1170401992174,2331.6671282608695,-12915.80156124711,-7170.404283643093,-7170.404283643093,2315.3630799498583,0,0,0,0,0,0,0,0,0
2024-06-14 03:00:00,2312.565,2316.72,2309.1,2315.215,63328,50514.85,50.07823212467074,42.81239874716521,51.67144392690799,2314.3981,28.371702400948656,2328.2548791666663,17.551955990220147,2352.768816666666,51.67144392690799,2331.770258695652,-12619.65077371137,-7170.099849514052,-7170.099849514052,2315.3601476736235,0,0,0,0,0,0,0,0,0
2024-06-14 04:00:00,2315.223,2321.72,2314.675,2317.262,62236,48158.65,50.698009546969296,47.23404255319183,52.353658536585414,2314.41055,30.394229819187984,2328.1468416666667,18.803178484107693,2352.693696296296,52.353658536585414,2331.870997101449,-10213.451364455188,-7168.120678438534,-7168.120678438534,2315.3978081157297,0,0,1,0,1,0,0,0,0
2024-06-14 05:00:00,2317.35,2322.75,2315.0,2322.58,59559,45676.85,52.21146898469487,58.72124419483724,54.26111908177902,2314.516883333333,35.64865131903954,2328.065383333333,22.053789731051314,2352.6284740740743,54.26111908177902,2331.966452173913,-10339.257613863472,-7163.287660914263,-7163.287660914263,2315.5400297372003,0,0,0,0,0,0,0,0,0
2024-06-14 06:00:00,2322.504,2332.71,2320.5,2330.491,75002,44643.6,54.682760263638485,75.80948266551452,57.098637015781904,2314.7444,43.46507262128245,2328.009541666667,26.889364303178493,2352.578438888889,57.098637015781904,2332.0627173913044,-7083.939576588959,-6004.856598516302,-6004.856598516302,2315.836088554285,0,0,0,0,0,0,0,0,0
2024-06-14 07:00:00,2330.521,2336.64,2325.985,2331.885,77793,43732.85,54.744093343413496,78.82060697699575,57.598637015781996,2315.023816666667,44.84240687679103,2327.9602083333334,27.741442542787436,2352.534353703704,57.598637015781996,2332.1608297101448,-6302.626000719962,-5432.539475467553,-5432.539475467553,2316.153888780933,0,0,0,0,0,0,0,0,0
2024-06-14 08:00:00,2332.03,2333.39,2326.9,2330.36,89551,44618.1,54.465074689669706,75.52651474241299,57.05164992826403,2315.3026833333333,43.335638770872556,2327.858495833333,26.80929095354532,2352.487168518519,57.05164992826403,2332.2641173913044,-6321.426351464076,-5433.215966324006,-5433.215966324006,2316.4351979139838,0,0,0,0,0,0,0,0,0
2024-06-14 09:00:00,2330.32,2332.91,2323.8,2330.261,102229,46956.4,54.569264901953524,75.31266875472498,57.016140602582475,2315.5694,43.23782234957015,2327.7844791666666,26.748777506112464,2352.4369462962964,57.016140602582475,2332.370839130435,-6321.133188233114,-5432.963353371445,-5432.963353371445,2316.7089761731127,0,0,0,0,0,0,0,0,0
2024-06-14 10:00:00,2330.165,2335.51,2327.8,2329.968,103818,50625.25,48.22438633139601,74.67977103358854,56.91104734576751,2315.843566666667,42.94832526430178,2327.7626333333333,26.569682151589163,2352.3841314814813,56.91104734576751,2332.4800007246376,-6338.985969804745,-5448.346741832003,-5448.346741832003,2316.9715311003774,0,0,0,0,0,0,0,0,0
2024-06-14 11:00:00,2330.091,2332.22,2323.8,2326.11,72221,52746.7,48.89992170477237,66.34625769521567,55.23826714801452,2316.0471833333336,39.13644896749344,2327.745966666667,24.21149144254288,2352.3207796296297,55.23826714801452,2332.5900695652176,-6680.498157365863,-5446.7088817922995,-5446.7088817922995,2317.1524908805677,0,0,0,0,0,0,0,0,0
2024-06-14 12:00:00,2326.021,2331.98,2325.325,2328.748,62966,55285.85,51.07325906147372,72.04449724592291,56.1906137184116,2316.3138166666668,41.74291077956727,2327.729316666667,25.82396088019564,2352.268535185185,56.1906137184116,2332.700184057971,-6734.828770749169,-5441.43954646268,-5441.43954646268,2317.3821049225367,0,0,0,0,0,0,0,0,0
2024-06-14 13:00:00,2328.8,2335.59,2328.2,2334.14,50637,57817.35,49.577753458626155,83.69154336321381,58.13718411552345,2316.633816666667,47.07044758423066,2327.763520833333,29.119804400977934,2352.223424074074,58.13718411552345,2332.8142333333335,-6739.300976499311,-5445.06545409475,-5445.06545409475,2317.713944429021,0,0,0,0,0,0,0,0,0
2024-06-14 14:00:00,2334.013,2335.18,2332.1,2334.618,32171,59040.4,49.03712133805603,84.72405227346343,58.30974729241878,2316.9644166666667,47.54273293152843,2327.8124708333335,29.41198044009778,2352.178716666667,58.30974729241878,2332.9280340579708,-6740.917699347908,-5446.376236300036,-5446.376236300036,2318.0486782027037,0,0,0,0,0,0,0,0,0
2024-06-14 15:00:00,2334.67,2335.49,2331.7,2332.348,36651,60274.4,49.34694770434418,79.82071498001926,57.49025270758125,2317.261883333333,45.29987155419419,2327.832,28.0244498777506,2352.1230574074075,57.49025270758125,2333.039945652174,-7175.1051281668315,-5445.6250510259715,-5445.6250510259715,2318.3318330897787,0,0,0,0,0,0,0,0,0
2024-06-14 16:00:00,2332.46,2333.02,2330.5,2332.184,15634,59522.0,53.32809534073617,79.46646506102205,57.43104693140805,2317.58495,45.13783223001697,2327.854075,27.924205378973237,2352.0473074074075,57.43104693140805,2333.1513,-7629.559596002933,-5435.9726140362945,-5435.9726140362945,2318.6061334246347,0,0,0,0,0,0,0,0,0
2024-06-14 17:00:00,2332.3,2332.52,2332.3,2332.52,2,56713.55,53.95752490088684,80.1922453828706,57.55234657039714,2317.89465,45.46981523564862,2327.8772000000004,28.129584352078247,2351.9794685185184,57.55234657039714,2333.2630536231886,-8188.607389611896,-5434.4465392147395,-5434.4465392147395,2318.881655535038,0,0,0,0,0,0,0,0,0
2024-06-16 18:00:00,2331.098,2332.85,2327.3,2328.791,12995,55319.85,51.43875838926174,72.137379846636,56.20613718411561,2318.1514666666667,41.785396699930985,2327.887204166667,25.850244498777624,2351.9109685185185,56.20613718411561,2333.372044927536,-10303.82991855575,-5955.11722737348,-5955.11722737348,2319.077880177909,0,0,0,0,0,0,0,0,0
2024-06-16 19:00:00,2328.81,2329.68,2327.0,2328.9,14544,53408.05,52.26992211329754,72.37282643914041,56.245487364621006,2318.4178000000006,41.89309356782934,2327.899825,25.916870415647992,2351.8483203703704,56.245487364621006,2333.480352898551,-10456.238807239906,-6084.001293683538,-6084.001293683538,2319.272377600128,0,0,0,0,0,0,0,0,0
2024-06-16 20:00:00,2328.93,2328.93,2324.9,2326.301,34925,53678.9,51.5239660175506,66.75882924721871,55.3072202166065,2318.2578,39.325165497480405,2327.897033333333,24.328239608801926,2351.762761111111,55.3072202166065,2333.588179710145,-14058.091908193725,-6311.661150343595,-6311.661150343595,2319.41155824171,0,0,0,0,0,0,0,0,0
2024-06-16 21:00:00,2326.311,2328.96,2322.5,2326.28,63682,54592.4,52.0226765694276,69.899287088379,55.121420804639484,2318.2002166666666,39.30441655962868,2327.878283333333,24.31540342298302,2351.7040944444448,55.121420804639484,2333.6977014492754,-16057.123928080575,-6310.2618502541545,-6310.2618502541545,2319.5475669893985,0,0,0,0,0,0,0,0,0
2024-06-16 22:00:00,2326.25,2326.28,2321.1,2322.58,47344,53864.4,50.662021385734974,61.52540454905506,53.612222626409626,2318.1557000000003,35.64865131903954,2327.8622833333334,22.053789731051314,2351.609388888889,53.612222626409626,2333.803995652174,-15668.999162279004,-6314.079625741507,-6314.079625741507,2319.607615167826,0,0,0,0,0,0,0,0,0
2024-06-16 23:00:00,2322.65,2325.22,2321.3,2324.4,33384,52367.2,54.25826646997449,65.64444947380366,54.27428155692987,2317.9711166666666,37.44689259954558,2327.875483333333,23.166259168704226,2351.5102407407408,54.27428155692987,2333.910320289855,-15644.18035562449,-6322.008254164401,-6322.008254164401,2319.7025138773743,0,0,0,0,0,0,0,0,0
2024-06-17 00:00:00,2324.268,2326.28,2322.4,2323.66,21416,50326.2,53.45883272537781,63.969672965938464,54.00509276100399,2317.738283333333,36.71573955142757,2327.8851916666667,22.713936430317773,2351.3993555555558,54.00509276100399,2334.0155376811595,-15649.697496719014,-6324.257645679866,-6324.257645679866,2319.7808799392087,0,0,0,0,0,0,0,0,0
2024-06-17 01:00:00,2323.531,2323.66,2317.4,2318.562,42976,49497.05,51.516612177606426,56.16923263425865,52.010944910616544,2317.4746833333334,31.678687876691914,2327.878845833334,19.597799511002393,2351.2685074074075,52.010944910616544,2334.1180971014496,-12456.753094130769,-6329.722531858176,-6329.722531858176,2319.7567437027888,0,0,0,0,0,0,0,0,0
2024-06-17 02:00:00,2318.505,2319.26,2315.3,2317.393,62218,48857.85,51.97445854799949,53.33494969087188,51.58445822692451,2317.3877166666666,30.523663669597884,2327.8581083333333,18.88325183374086,2351.142609259259,51.58445822692451,2334.2193239130434,-11154.881919428313,-6671.385718589257,-6671.385718589257,2319.709936896793,0,0,1,0,1,0,0,0,0
2024-06-17 03:00:00,2317.35,2320.15,2315.4,2317.03,54343,47685.35,51.90970266921965,52.45484301127477,51.45202480846416,2317.3178833333336,30.165003458156498,2327.8213791666662,18.66136919315417,2351.0143222222227,51.45202480846416,2334.3182369565216,-11155.201071122645,-6732.327444170981,-6732.327444170981,2319.6568688394304,0,0,1,0,1,0,0,0,0
2024-06-17 04:00:00,2316.911,2322.32,2316.2,2321.36,50999,45757.75,51.985409872933815,62.95308522245172,52.99744432274562,2317.2626333333333,34.443236834305026,2327.8045291666663,21.308068459657793,2350.8949777777775,52.99744432274562,2334.4225630434785,-11210.07721707336,-6732.101047030689,-6732.101047030689,2319.6905942089465,0,0,0,0,0,0,0,0,0
2024-06-17 05:00:00,2321.29,2322.66,2319.0,2319.965,42705,42781.55,51.05728727885432,59.57085707358522,51.22376311844082,2317.2203833333333,33.064914534137074,2327.7722541666662,20.455378973105233,2350.772875925926,51.22376311844082,2334.51734057971,-11214.674159094555,-6734.876533257003,-6734.876533257003,2319.6960279869872,0,0,0,0,0,0,0,0,0
2024-06-17 06:00:00,2320.051,2322.58,2319.1,2320.462,39146,39547.95,51.73490656021482,60.77585161837816,51.41004497751123,2317.195716666667,33.55597272996737,2327.7293041666667,20.759168704156483,2350.646198148148,51.41004497751123,2334.6092079710143,-12774.069376071167,-7167.509839185054,-7167.509839185054,2319.7111957496213,0,0,0,0,0,0,0,0,0
2024-06-17 07:00:00,2320.471,2321.97,2317.3,2318.078,43787,38126.25,50.910114859415394,54.99575706146212,50.51649175412292,2317.154516666667,31.20047426143658,2327.6801375,19.301955990220044,2350.5096944444444,50.51649175412292,2334.7032028985504,-12902.50646803772,-7637.745041098806,-7637.745041098806,2319.678855239728,0,0,1,0,1,0,0,0,0
2024-06-17 08:00:00,2318.131,2321.16,2316.5,2319.62,64084,38182.15,51.14111329476562,58.73439204752084,51.09445277361314,2317.1372333333334,32.7240391265684,2327.6200125,20.244498777506056,2350.3700833333332,51.09445277361314,2334.8000144927537,-12901.190237636865,-8198.834011275372,-8198.834011275372,2319.677689789436,0,0,0,0,0,0,0,0,0
2024-06-17 09:00:00,2319.535,2326.32,2318.4,2320.9,87261,40013.35,55.11263258977993,61.837798521033285,50.967741935483936,2317.2761499999997,33.988736290880425,2327.567966666667,21.02689486552574,2350.23925,50.967741935483936,2334.892476086957,-15717.57557308953,-10287.103880766,-10287.103880766,2319.7018939520212,0,0,0,0,0,0,0,0,0
2024-06-17 10:00:00,2320.902,2327.64,2318.215,2324.451,79508,42380.2,50.44910906472032,70.44732694872134,52.31537001897537,2317.4486333333334,37.49728287718605,2327.4964124999997,23.19743276283621,2350.1224925925926,52.31537001897537,2334.9873753623187,-16580.16757639315,-10464.652915597473,-10464.652915597473,2319.795935655942,0,0,0,0,0,0,0,0,0
2024-06-17 11:00:00,2324.45,2325.56,2309.6,2312.55,77367,44416.0,50.757156348715334,41.5929203539829,47.798861480076006,2317.4208,25.738563383065085,2327.370204166667,15.922982885085696,2349.981566666667,47.798861480076006,2335.0758862318844,-11667.576671752426,-8353.708741313932,-8353.708741313932,2319.6524517815665,0,0,0,0,0,0,0,0,0
2024-06-17 12:00:00,2312.453,2317.09,2312.0,2316.835,49493,46108.95,51.36964824120609,51.982058431325285,49.425047438330225,2317.5048833333335,29.972334749530706,2327.2357625,18.542176039119838,2349.843612962963,49.425047438330225,2335.166020289855,-12517.906606201765,-8351.443608575433,-8351.443608575433,2319.596660657179,0,0,1,0,1,0,0,0,0
2024-06-17 13:00:00,2316.92,2318.41,2312.9,2316.618,42058,48211.75,58.07111305011718,51.45593405261247,49.34269449715371,2317.58845,29.75792905839337,2327.1034583333335,18.40953545232271,2349.707437037037,49.34269449715371,2335.257573188406,-12480.75879683973,-8663.05843382017,-8663.05843382017,2319.537677277829,0,0,1,0,1,0,0,0,0
2024-06-17 14:00:00,2316.77,2319.25,2315.8,2317.815,35888,49356.4,58.37566657944368,54.35810401260791,49.79696394686913,2317.6235333333334,30.940618515956963,2326.9768083333333,19.141198044009826,2349.5793944444445,49.79696394686913,2335.3484536231886,-12479.07058437118,-8661.886623395676,-8661.886623395676,2319.503564856486,0,0,1,0,1,0,0,0,0
2024-06-17 15:00:00,2317.86,2320.58,2317.5,2320.111,33405,50299.45,58.4263081054775,59.92483937446954,50.6683111954459,2317.6761666666666,33.209169054441126,2326.8623083333337,20.544621026894802,2349.451301851852,50.6683111954459,2335.440338405797,-12478.789866377645,-8661.691773353221,-8661.691773353221,2319.515593275169,0,0,0,0,0,0,0,0,0
2024-06-17 16:00:00,2320.14,2320.76,2318.0,2318.875,12580,49182.2,57.1963022202945,56.928112498484865,50.1992409867173,2317.731566666667,31.987945855152645,2326.7309333333333,19.78911980440099,2349.3269037037035,50.1992409867173,2335.5305847826085,-12485.60808081879,-8666.424385454733,-8666.424385454733,2319.502908259819,0,0,0,0,0,0,0,0,0
2024-06-17 17:00:00,2318.89,2318.89,2316.0,2316.0,5,45998.35,55.539626915861405,49.95757061462013,49.10815939278941,2317.740566666667,29.14731745874912,2326.5884333333333,18.031784841075805,2349.198385185185,49.10815939278941,2335.6192804347825,-12494.791425078398,-8672.79866519476,-8672.79866519476,2319.4335437398227,0,0,1,0,1,0,0,0,0
2024-06-17 18:00:00,2318.098,2321.19,2318.098,2320.884,5750,43918.65,57.22738223951368,61.79900594011419,50.96166982922205,2317.8165999999997,33.97292757632645,2326.464033333333,21.01711491442545,2349.080031481482,50.96166982922205,2335.712424637681,-12485.435796898508,-8666.304800925223,-8666.304800925223,2319.462265645965,0,0,0,0,0,0,0,0,0
2024-06-17 19:00:00,2321.04,2321.24,2318.7,2320.72,11297,42814.3,58.59468977179613,61.40138198569496,50.89943074003791,2318.046083333333,33.810888252148786,2326.3400000000006,20.91687041564781,2348.961827777778,50.89943074003791,2335.806663768116,-12477.856486852595,-8694.497142635051,-8694.497142635051,2319.487171276738,0,0,0,0,0,0,0,0,0
2024-06-17 20:00:00,2320.68,2325.54,2320.528,2323.973,33840,43435.5,59.094588543281304,69.28839859376906,52.09760729206225,2318.0566166666667,37.024997529888296,2326.2294375,22.905256723716366,2348.859805555556,52.09760729206225,2335.904426811594,-12475.085429360994,-8692.56628604376,-8692.56628604376,2319.5759995682874,0,0,0,0,0,0,0,0,0
2024-06-17 21:00:00,2324.008,2325.46,2318.9,2322.49,58817,44227.55,58.62908600037589,65.69281124984816,51.238058846006794,2318.2532833333335,35.55972729967372,2326.127266666667,21.99877750611235,2348.762324074074,51.238058846006794,2336.000947826087,-12477.665820397055,-9611.319017931753,-9611.319017931753,2319.6337025471335,0,0,0,0,0,0,0,0,0
2024-06-17 22:00:00,2322.471,2325.681,2321.4,2324.288,43887,43311.0,58.33290309257062,70.05212753061004,51.494168674698834,2318.434283333334,37.33623159766821,2326.0332166666662,23.097799511002464,2348.6715796296294,51.494168674698834,2336.0948521739133,-12479.307632524578,-9682.869234010448,-9682.869234010448,2319.725866853131,0,0,0,0,0,0,0,0,0
2024-06-17 23:00:00,2324.33,2325.13,2322.9,2324.346,28234,42005.55,57.99167172724909,70.19275063644102,51.51653012048196,2318.8590833333337,37.39353818792608,2325.9444458333332,23.133251833740847,2348.56572037037,51.51653012048196,2336.188755072464,-12481.199158939886,-9684.336895796778,-9684.336895796778,2319.8173546382172,0,0,0,0,0,0,0,0,0
2024-06-18 00:00:00,2324.348,2324.83,2321.5,2322.6,24127,40661.95,56.85797330764992,62.79809220985679,50.84337349397591,2319.24825,35.66841221223189,2325.8335666666667,22.066014669926606,2348.4559277777776,50.84337349397591,2336.2807768115945,-12487.483518250301,-11218.834794284652,-11218.834794284652,2319.8724565265693,0,0,0,0,0,0,0,0,0
2024-06-18 01:00:00,2322.51,2323.721,2319.2,2322.151,40761,40564.75,57.19785115530665,60.7769355711965,50.670265060240936,2319.5939166666667,35.22478016006306,2325.727029166667,21.791564792175954,2348.3460962962963,50.670265060240936,2336.3712485507244,-14006.604992504663,-11634.308620065489,-11634.308620065489,2319.9175761993106,0,0,0,0,0,0,0,0,0
2024-06-18 02:00:00,2322.085,2322.76,2318.4,2320.005,42399,40727.4,56.01339434063558,53.32491582491632,49.84289156626514,2319.8782,33.104436320521785,2325.6253,20.479828850855824,2348.235603703704,49.84289156626514,2336.4592130434785,-16489.92475447232,-11640.42668212474,-11640.42668212474,2319.9193073636807,0,0,1,0,1,0,0,0,0
2024-06-18 03:00:00,2320.05,2320.14,2314.8,2315.451,45700,40823.05,52.35397389467968,40.547138047138255,48.08713253012053,2320.0777166666667,28.60488094061853,2325.5241375,17.69621026894868,2348.1196611111113,48.08713253012053,2336.5474311594203,-17686.769627613874,-12512.450255572752,-12512.450255572752,2319.8308260297463,0,0,0,0,0,0,0,0,0
2024-06-18 04:00:00,2315.451,2315.56,2310.4,2311.36,51488,40193.25,49.442151533454165,29.068462401796197,46.26646010844311,2320.2019666666665,24.562790238118883,2325.4326333333333,15.195599022004977,2347.9990981481483,46.26646010844311,2336.631936231884,-14795.87624151923,-12528.591177752496,-12528.591177752496,2319.6630869004443,0,0,0,0,0,0,0,0,0
2024-06-18 05:00:00,2311.35,2314.29,2310.6,2311.14,46958,38178.1,48.257102041863654,28.24985931344956,45.18343195266271,2320.370966666667,24.345420413002532,2325.3546291666667,15.06112469437646,2347.8782462962963,45.18343195266271,2336.714092753623,-14803.631293489587,-12535.160188238031,-12535.160188238031,2319.4943129024155,0,0,0,0,0,0,0,0,0
2024-06-18 06:00:00,2311.07,2312.43,2306.465,2308.228,42337,36319.55,46.16449290129741,20.056274620146773,42.90865191146887,2320.4605833333335,21.46823436419332,2325.2675624999997,13.281173594132076,2347.7484074074073,42.90865191146887,2336.7837405797104,-11762.596310880075,-10674.382560088461,-10674.382560088461,2319.271217597417,0,1,0,0,0,0,0,0,0
2024-06-18 07:00:00,2308.271,2314.22,2306.4,2313.371,48008,34851.6,46.08437577066669,34.527293190771516,44.97826961770631,2320.6452666666664,26.54974804861188,2325.2068125,16.42481662591694,2347.629074074074,44.97826961770631,2336.8584195652174,-11723.02071588268,-10641.787308047818,-10641.787308047818,2319.1543816053886,0,0,0,0,0,0,0,0,0
2024-06-18 08:00:00,2313.49,2324.18,2311.3,2313.901,87605,36757.2,42.47359634159609,32.60521636040255,45.19154929577462,2320.7949500000004,27.073411718209496,2325.1184416666665,16.74877750611238,2347.510353703704,45.19154929577462,2336.929643478261,-11741.747853630051,-10658.787211197869,-10658.787211197869,2319.050354246866,0,0,0,0,0,0,0,0,0
2024-06-18 09:00:00,2313.798,2327.8,2313.5,2326.608,109654,40137.0,47.82884180209831,70.00000000000095,49.82039821210899,2321.1397166666666,39.62849520798356,2325.127725,24.51589242053802,2347.4151500000003,49.82039821210899,2337.016388405797,-10554.07083270043,-10554.07083270043,-10554.07083270043,2319.200010598413,0,0,0,0,0,0,0,0,0
2024-06-18 10:00:00,2326.604,2327.14,2321.8,2323.56,85263,42605.75,47.236850659904995,60.885167464115106,46.87657430730476,2321.42155,36.6169350854658,2325.1528000000003,22.6528117359413,2347.319811111111,46.87657430730476,2337.095565942029,-10556.837146448997,-10556.837146448997,-10556.837146448997,2319.2863470222064,0,0,0,0,0,0,0,0,0
2024-06-18 11:00:00,2323.488,2329.84,2318.6,2326.83,75415,44706.25,48.64085438800812,70.66387559808634,48.07497893850045,2321.776883333333,39.84784112241865,2325.1558416666667,24.65158924205376,2347.225512962963,48.07497893850045,2337.175992028986,-9632.078266262743,-9632.078266262743,-9632.078266262743,2319.435726289093,0,0,0,0,0,0,0,0,0
2024-06-18 12:00:00,2326.821,2330.77,2326.2,2330.133,50117,46583.1,50.06384015971646,79.30343511450366,48.62050948212349,2322.1809333333335,43.111352633138814,2325.181925,26.670537897310414,2347.135442592593,48.62050948212349,2337.255579710145,-9258.662945590044,-9258.662945590044,-9258.662945590044,2319.6475534912893,0,0,0,0,0,0,0,0,0
2024-06-18 13:00:00,2330.28,2333.14,2328.0,2329.76,48640,49014.85,51.45136149637363,77.24867724867823,48.21858864027554,2322.5119333333337,42.742811975101475,2325.185675,26.44254278728621,2347.0399796296297,48.21858864027554,2337.333644927536,-8432.867010110864,-8432.867010110864,-8432.867010110864,2319.847799956808,0,0,0,0,0,0,0,0,0
2024-06-18 14:00:00,2329.67,2331.52,2327.1,2331.241,32977,50376.2,51.000505670736096,82.14616402116427,48.828548795398575,2322.821116666667,44.20610611599641,2325.1977625,27.347799511002453,2346.9385555555555,48.828548795398575,2337.4139826086953,-8434.553082757227,-8434.553082757227,-8434.553082757227,2320.0734078784553,0,0,0,0,0,0,0,0,0
2024-06-18 15:00:00,2331.261,2331.271,2328.1,2329.257,26351,51128.9,47.985211959167906,75.58531746031791,47.73226643598618,2323.05515,42.24582551131316,2325.2066333333337,26.13508557457218,2346.8376462962965,47.73226643598618,2337.491913768116,-8445.82942423654,-8445.82942423654,-8445.82942423654,2320.255261187793,0,0,0,0,0,0,0,0,0
2024-06-18 16:00:00,2329.291,2330.61,2328.4,2329.165,9685,49921.15,47.74283278004519,75.28108465608477,45.549302116163894,2323.2535333333335,42.154925402628145,2325.2169416666666,26.07885085574571,2346.7357833333335,45.549302116163894,2337.5610971014494,-8446.735853477836,-8446.735853477836,-8446.735853477836,2320.431691659322,0,0,0,0,0,0,0,0,0
2024-06-18 17:00:00,2329.18,2329.18,2329.18,2329.18,1,46980.35,48.66371965108229,75.33068783068754,45.55605583070683,2323.3635333333336,42.1697460725223,2325.2239416666666,26.088019559902115,2346.6370925925926,45.55605583070683,2337.6314449275364,-8443.29199831315,-8443.29199831315,-8443.29199831315,2320.6049254878503,0,0,0,0,0,0,0,0,0
2024-06-18 18:00:00,2328.657,2330.37,2327.1,2328.104,7286,45150.3,48.29217245709485,71.77248677248637,45.07158937415572,2323.32375,41.10661001877265,2325.2259875000004,25.43031784841066,2346.527340740741,45.07158937415572,2337.7000130434785,-8444.681479218114,-8444.681479218114,-8444.681479218114,2320.753422012843,0,0,0,0,0,0,0,0,0
2024-06-18 19:00:00,2328.17,2329.55,2327.59,2328.29,7428,44110.0,48.22715842414081,74.99143542308953,45.15533543448897,2323.263833333333,41.29038632546186,2325.2238208333333,25.544009779951093,2346.4136462962965,45.15533543448897,2337.7687159420293,-8444.924613223178,-8444.924613223178,-8444.924613223178,2320.902661180906,0,0,0,0,0,0,0,0,0
2024-06-18 20:00:00,2328.184,2329.95,2327.7,2329.49,21466,43976.95,50.299303765489555,79.1024323398412,45.69563259792878,2323.249333333333,42.476039917004016,2325.2294833333335,26.277506112469318,2346.2955851851852,45.69563259792878,2337.838288405797,-8437.175378588365,-8437.175378588365,-8437.175378588365,2321.0727074941556,0,0,0,0,0,0,0,0,0
2024-06-18 21:00:00,2329.451,2331.0,2326.3,2330.12,41818,44029.8,50.520069569962054,81.26070572113655,45.97928860873478,2323.2469833333334,43.09850805256386,2325.228066666666,26.662591687041516,2346.1632148148146,45.97928860873478,2337.9083173913045,-8436.349777225343,-8436.349777225343,-8436.349777225343,2321.251861801202,0,0,0,0,0,0,0,0,0
2024-06-18 22:00:00,2330.15,2331.26,2328.6,2330.185,30243,43422.0,51.69225674898483,81.48338472079413,46.008554705087796,2323.2506000000003,43.162730955439116,2325.214795833333,26.702322738386293,2346.0092555555552,46.008554705087796,2337.978393478261,-10346.189300600035,-8431.966130332961,-8431.966130332961,2321.4287556269205,0,0,0,0,0,0,0,0,0
2024-06-18 23:00:00,2330.39,2331.78,2327.6,2328.261,23540,42314.0,50.8490412391458,74.89208633093469,45.14227825303917,2323.28645,41.26173303033293,2325.1781166666665,25.526283618581903,2345.8620351851855,45.14227825303917,2338.047075362319,-11520.626062937215,-8435.119516682396,-8435.119516682396,2321.5640475947043,0,0,0,0,0,0,0,0,0
2024-06-19 00:00:00,2328.251,2328.43,2327.0,2327.94,15783,40528.75,52.36577744037012,73.79239465570375,44.99774876181905,2323.2729833333337,40.944570694595434,2325.1366375000002,25.3300733496333,2345.7140537037035,44.99774876181905,2338.115524637681,-15586.205107012624,-8429.447354374153,-8429.447354374153,2321.690304077977,0,0,0,0,0,0,0,0,0
2024-06-19 01:00:00,2327.94,2330.12,2326.6,2329.168,29933,39677.5,52.115538202147505,78.26744585768398,45.55065285907256,2323.190116666666,42.15788953660716,2325.102504166666,26.080684596577104,2345.5565500000002,45.55065285907256,2338.184863768116,-15587.92614716546,-8430.383178002508,-8430.383178002508,2321.8383772645516,0,0,0,0,0,0,0,0,0
2024-06-19 02:00:00,2329.193,2330.79,2328.0,2330.22,36528,39387.05,52.90260349374347,81.88380886902704,46.024313372354726,2323.1168166666666,43.19731251852563,2325.0921250000006,26.723716381417983,2345.3951407407408,46.024313372354726,2338.254965217391,-32756.446635536584,-8427.439777510377,-8427.439777510377,2322.004349991986,0,0,0,0,0,0,0,0,0
2024-06-19 03:00:00,2330.23,2332.7,2329.5,2331.85,44199,39196.6,56.0656964960652,95.17576664173532,46.75821701936063,2323.1085166666667,44.80782531370407,2325.0934958333332,27.72004889975546,2345.2386814814818,46.75821701936063,2338.3262478260867,-33190.559992749084,-8415.610708690925,-8415.610708690925,2322.1993133584815,0,0,0,0,0,0,0,0,0
2024-06-19 04:00:00,2331.96,2335.01,2331.3,2332.501,36583,36645.5,56.929258090555614,91.2303390422929,47.0513282305269,2323.1138,45.45104238711608,2325.0930416666665,28.11797066014684,2345.0867851851854,47.0513282305269,2338.398002173913,-26054.77315625069,-7862.533176894213,-7862.533176894213,2322.403307153363,0,0,0,0,0,0,0,0,0
2024-06-19 05:00:00,2332.5,2332.78,2327.3,2328.08,39002,33112.9,54.88618073120245,75.77770010485753,45.06078343088697,2323.0398,41.082896946941915,2325.0758208333336,25.41564792176036,2344.9267481481484,45.06078343088697,2338.4665528985506,-26078.229842351186,-7869.674307126136,-7869.674307126136,2322.5157169127024,0,0,0,0,0,0,0,0,0
2024-06-19 06:00:00,2328.14,2329.91,2327.0,2327.845,33173,30508.4,52.97534387359016,74.95630898287176,44.95497523637994,2323.0240333333336,40.850706451931416,2325.0517375,25.27200488997544,2344.760238888889,44.95497523637994,2338.534933333333,-26100.168267811718,-7876.353219595946,-7876.353219595946,2322.6212472708667,0,0,0,0,0,0,0,0,0
2024-06-19 07:00:00,2327.95,2331.09,2325.7,2330.401,37425,28608.9,54.737606682404056,83.89024816497603,46.10580819450693,2323.04905,43.37614860191663,2325.0431958333334,26.834352078239526,2344.5939944444444,46.10580819450693,2338.6027152173915,-24392.7217327336,-7870.19361523099,-7870.19361523099,2322.7753017803543,0,0,0,0,0,0,0,0,0
2024-06-19 08:00:00,2330.41,2332.95,2325.1,2328.38,47578,28481.95,53.545457801977406,76.82628451590325,45.19585772174703,2323.0837,41.37931034482768,2324.985858333333,25.599022004890053,2344.4143833333333,45.19585772174703,2338.6624673913043,-22921.841999979326,-7874.3605110031895,-7874.3605110031895,2322.8862859035153,0,0,0,0,0,0,0,0,0
2024-06-19 09:00:00,2328.304,2331.48,2326.4,2328.093,52353,28667.6,54.57026294413457,75.8231387626692,45.06663665015754,2323.113916666667,41.09574152751688,2324.920370833333,25.423594132029258,2344.2171296296297,45.06663665015754,2338.719071014493,-22911.500878464125,-7870.778528681775,-7870.778528681775,2322.989389152951,0,0,0,0,0,0,0,0,0
2024-06-19 10:00:00,2328.091,2328.43,2323.671,2326.083,54073,29722.4,52.936792838642326,68.79762320866797,44.161638901395825,2323.1722999999997,39.109771761683696,2324.8250500000004,24.19498777506119,2344.0174314814813,44.161638901395825,2338.7699717391306,-20025.877124625436,-7876.487966310198,-7876.487966310198,2323.0506487736843,0,0,0,0,0,0,0,0,0
2024-06-19 11:00:00,2326.058,2329.84,2324.9,2329.733,38743,30342.0,53.92909568079716,81.55540020971681,45.805042773525535,2323.2611833333335,42.71613476929173,2324.724104166666,26.42603911980452,2343.8177333333333,45.805042773525535,2338.822448550725,-20017.125886931153,-7873.019588672467,-7873.019588672467,2323.182972560344,0,0,0,0,0,0,0,0,0
2024-06-19 12:00:00,2329.82,2331.37,2328.5,2329.371,26092,31162.35,52.25241722824497,80.29010835372213,45.64205312922113,2323.3563666666664,42.35846260250971,2324.6274791666665,26.204767726161442,2343.61792037037,45.64205312922113,2338.869547826087,-20031.912715157203,-7878.880051631406,-7878.880051631406,2323.3055077571685,0,0,0,0,0,0,0,0,0
2024-06-19 13:00:00,2329.353,2331.01,2328.8,2329.97,11065,31715.55,58.89556141103395,82.38378189444113,45.911751463304746,2323.5464999999995,42.95030135362097,2324.522975,26.631133982723636,2343.3966796296295,45.911751463304746,2338.920065942029,-19973.326030416145,-9499.807838839995,-9499.807838839995,2323.4374779005907,0,0,0,0,0,0,0,0,0
2024-06-19 14:00:00,2329.971,2330.1,2325.9,2328.28,7408,31721.65,56.00352500550791,76.47675637888854,45.15083295812708,2323.72795,41.28050587886591,2324.4087208333335,25.989052002985908,2343.1921796296297,45.15083295812708,2338.9684057971012,-19998.83124609236,-10495.102161759503,-10495.102161759503,2323.5333694273113,0,0,0,0,0,0,0,0,0
2024-06-19 16:00:00,2328.28,2328.28,2328.28,2328.28,1,31350.3,56.13131164433992,76.47675637888854,45.15083295812708,2323.91545,41.28050587886591,2324.301429166667,25.989052002985908,2342.981387037037,45.15083295812708,2339.017586956522,-19997.704280409034,-13787.133993635694,-13787.133993635694,2323.627362111919,0,0,0,0,0,0,0,0,0
2024-06-19 17:00:00,2328.28,2328.28,2328.28,2328.28,1,30277.05,55.572120760343,76.47675637888854,45.15083295812708,2324.0307833333336,41.28050587886591,2324.1902,25.989052002985908,2342.774562962963,45.15083295812708,2339.068939130435,-20002.63585183506,-13790.541616329156,-13790.541616329156,2323.719493555247,0,0,0,0,0,0,0,0,0
2024-06-19 18:00:00,2327.87,2331.92,2327.0,2330.284,8786,28625.45,55.433540213432025,83.48130024466937,46.05312922107166,2324.202766666667,43.26054737674151,2324.0888833333333,27.966274910577493,2342.5684499999998,46.05312922107166,2339.1218623188406,-20003.858010287404,-20003.858010287404,-20003.858010287404,2323.8494837818757,0,0,0,0,0,0,0,0,0
2024-06-19 19:00:00,2330.301,2330.4,2328.4,2329.34,9565,27591.55,55.60699092380073,80.18175463124764,45.628095452498954,2324.350733333333,42.327833218061585,2323.974216666667,28.395307218134935,2342.3705055555556,45.628095452498954,2339.1781014492753,-20002.328327684274,-20002.328327684274,-20002.328327684274,2323.958206875304,0,0,0,0,0,0,0,0,0
2024-06-19 20:00:00,2329.36,2329.78,2327.4,2329.608,21489,27489.0,57.50049606455463,81.11849003844802,45.74876181900055,2324.5429,42.5926291868394,2323.8684541666667,28.57294359382263,2342.183835185185,45.74876181900055,2339.237422463768,-24422.572517894663,-19985.629278907894,-19985.629278907894,2324.070083966882,0,0,0,0,0,0,0,0,0
2024-06-19 21:00:00,2329.593,2338.99,2329.593,2336.198,73275,30363.6,58.28500324605059,91.43295489413948,48.715893741557814,2324.8192,49.10384349372577,2323.7872375,32.94094253330675,2342.040248148148,48.715893741557814,2339.3022514492754,-14788.080140700797,-14788.080140700797,-14788.080140700797,2324.310240720013,0,0,0,0,0,0,0,0,0
2024-06-19 22:00:00,2336.3,2337.304,2332.5,2333.77,47346,31234.25,56.89134383845226,83.98281681497438,47.62269248086449,2325.0337,46.70487106017189,2323.647429166667,31.331609995360253,2341.880340740741,47.62269248086449,2339.361134057971,-14797.177728060276,-14797.177728060276,-14797.177728060276,2324.4975626859537,0,0,0,0,0,0,0,0,0
2024-06-19 23:00:00,2333.75,2334.401,2332.0,2333.89,32842,31049.95,55.41610686939521,84.3510279226758,47.67672219720843,2325.1910166666667,46.82343641932601,2323.479354166667,31.411148671041232,2341.7154648148144,47.67672219720843,2339.424563043478,-14806.807840789937,-14806.807840789937,-14806.807840789937,2324.6835515436574,0,0,0,0,0,0,0,0,0
2024-06-20 00:00:00,2333.89,2340.92,2333.6,2340.401,37108,30695.4,59.2727197423872,98.49652375434464,49.400830258302484,2325.6552,53.25659519810277,2323.3626874999995,35.726784649035515,2341.559077777778,49.400830258302484,2339.50035,-13127.707578744155,-13127.707578744155,-13127.707578744155,2324.9947881467533,0,0,0,0,0,0,0,0,0
2024-06-20 01:00:00,2340.46,2344.861,2339.33,2340.181,56077,31670.1,58.36464879317075,87.8318296456154,49.06441149212233,2326.0443,53.03922537298688,2323.241325,35.58096374362039,2341.399385185185,49.06441149212233,2339.573176811594,-10690.449982099215,-10690.449982099215,-10690.449982099215,2325.2955052131542,0,0,0,0,0,0,0,0,0
2024-06-20 02:00:00,2340.2,2345.7,2339.9,2344.07,56704,32555.2,59.978549457665764,95.85241730279984,50.866543095458816,2326.5018333333337,56.88173105424379,2323.1427833333337,38.15867965798383,2341.2304814814815,50.866543095458816,2339.6500246376813,-10889.045435299826,-10275.965547879316,-10275.965547879316,2325.667277387151,0,0,0,0,0,0,0,0,0
2024-06-20 03:00:00,2344.021,2344.97,2338.3,2338.571,54071,33600.1,57.78427645367267,81.86005089058536,47.540451552210705,2326.8477666666668,51.44847347100079,2323.024408333333,34.991600026879865,2341.051751851852,47.540451552210705,2339.722054347826,-11455.129916900802,-10285.926385883733,-10285.926385883733,2325.922796646811,0,0,0,0,0,0,0,0,0
2024-06-20 04:00:00,2338.66,2338.74,2332.5,2333.261,53439,34400.8,55.17003890326317,68.348600508906,44.75697399527189,2327.0669333333335,46.201956328426,2322.9010375,31.723880597014887,2340.878661111111,44.75697399527189,2339.7901420289854,-11468.333136852365,-10297.793640640688,-10297.793640640688,2326.0681076042997,0,0,0,0,0,0,0,0,0
2024-06-20 05:00:00,2333.29,2335.77,2331.4,2334.561,43140,34178.9,56.82739212007513,71.65648854961897,44.398941289701675,2327.3283666666666,47.486414385930374,2322.7833708333337,32.6058344640435,2340.709727777778,44.398941289701675,2339.85530942029,-11459.962666060384,-10290.270134277202,-10290.270134277202,2326.236283691343,0,0,0,0,0,0,0,0,0
2024-06-20 06:00:00,2334.518,2340.66,2331.9,2339.411,36387,33380.6,61.20715461757236,83.99745547073842,45.687438665358194,2327.7185499999996,52.27843098508056,2322.6912500000003,35.89620081411128,2340.5512296296292,45.687438665358194,2339.9189514492755,-12116.53928012005,-10270.388330756854,-10270.388330756854,2326.4971691628016,0,0,0,0,0,0,0,0,0
2024-06-20 07:00:00,2339.54,2341.38,2337.4,2339.35,43757,32864.8,63.60507845157779,83.84223918575076,45.65750736015695,2328.026316666667,52.21816026084368,2322.60075,35.854816824965994,2340.388322222222,45.65750736015695,2339.983697826087,-12103.71615801307,-10259.503025777032,-10259.503025777032,2326.751680664528,0,0,0,0,0,0,0,0,0
2024-06-20 08:00:00,2339.205,2343.7,2335.205,2338.45,85668,35211.05,63.187375659127454,81.55216284987264,45.215897939155916,2328.321816666667,51.328920067186836,2322.5121874999995,35.24423337856159,2340.2258592592593,45.215897939155916,2340.045197826087,-12105.949862785532,-10261.399175363713,-10261.399175363713,2326.9833305523593,0,0,0,0,0,0,0,0,0
2024-06-20 09:00:00,2338.315,2349.56,2336.533,2349.271,95586,38685.75,68.41236373424266,99.33039851714605,50.52551521099124,2328.7434500000004,62.02055132892023,2322.477733333333,42.585481682496706,2340.0785092592587,50.52551521099124,2340.117857971015,-10193.987528275145,-8711.262065996161,-8711.262065996161,2327.4246705414216,0,0,0,0,0,0,0,0,0
2024-06-20 10:00:00,2349.27,2365.0,2348.805,2363.971,112714,43768.2,70.90701748586926,98.24402730375427,57.73846908734052,2329.4348,76.54480782531368,2322.492154166667,52.558344640434164,2339.973937037037,57.73846908734052,2340.200177536232,-6001.311123707809,-5450.806897128217,-5450.806897128217,2328.1483602336707,1,0,0,0,0,0,0,0,0
2024-06-20 11:00:00,2363.71,2365.53,2351.248,2353.595,84219,47608.75,65.16682205138396,79.81566040926708,52.460591133004876,2329.92325,66.29285643711074,2322.4485916666667,45.51899592944353,2339.862348148148,52.460591133004876,2340.2760326086955,-6301.099640895438,-5395.504378863794,-5395.504378863794,2328.65225409043,0,0,0,0,0,0,0,0,0
2024-06-20 12:00:00,2353.621,2357.15,2352.6,2356.238,48386,50028.0,62.264682020630076,84.28547268729857,53.115884115884036,2330.454783333333,68.90425847248277,2322.3740000000003,47.31207598371763,2339.7560018518516,53.115884115884036,2340.349980434783,-6648.506645119727,-5402.437511596907,-5402.437511596907,2329.1985064846785,0,0,0,0,0,0,0,0,0
2024-06-20 13:00:00,2356.34,2357.5,2354.3,2357.225,42382,52147.05,64.17676635813135,85.95467613732407,53.608891108891065,2331.0318666666662,69.87945855152643,2322.3099375,47.98168249660778,2339.653977777778,53.608891108891065,2340.426611594203,-6642.904288432058,-5397.86959469134,-5397.86959469134,2329.753486554289,0,0,0,0,0,0,0,0,0
2024-06-20 14:00:00,2357.44,2361.1,2356.9,2357.921,34507,53433.1,63.38294923337843,87.13174361576125,53.84126189283918,2331.6280333333334,70.56713763462088,2322.2464833333333,48.45386702849374,2339.5455722222227,53.84126189283918,2340.4999891304346,-6645.230151674815,-5399.766001974727,-5399.766001974727,2330.3112590977685,0,0,0,0,0,0,0,0,0
2024-06-20 15:00:00,2358.06,2359.9,2357.3,2358.828,32329,54571.3,62.611745470847424,88.66565195332282,54.29544316474711,2332.2750833333334,71.46329414089512,2322.1914708333334,49.06919945725911,2339.449587037037,54.29544316474711,2340.576226811594,-6647.489758362571,-5401.608386557567,-5401.608386557567,2330.8759470364266,0,0,0,0,0,0,0,0,0
2024-06-20 16:00:00,2358.83,2360.16,2357.8,2359.695,12145,54104.1,63.099853838276836,90.13191273465242,54.72959439158747,2333.0124833333334,72.31992886078464,2322.138116666667,49.65739484396209,2339.3393166666665,54.72959439158747,2340.6515855072466,-6646.059613717304,-5400.44230908933,-5400.44230908933,2331.446621352537,0,0,0,0,0,0,0,0,0
2024-06-20 17:00:00,2359.8,2359.8,2359.4,2359.4,2,50440.45,62.45191074634523,89.63301200744107,54.58187280921387,2333.8131500000004,72.02845568619708,2322.071554166667,49.457259158751725,2339.2294462962964,54.58187280921387,2340.7262847826087,-6647.958069890557,-5568.417645221877,-5568.417645221877,2332.0001536029818,0,0,0,0,0,0,0,0,0
2024-06-20 18:00:00,2359.298,2360.98,2357.6,2359.215,16720,48909.15,63.46160759220647,89.32014205986802,54.489233850776245,2334.6144,71.84566742416769,2322.0041166666665,49.331750339213094,2339.1238259259258,54.489233850776245,2340.797447101449,-6644.999684757651,-5708.903336885661,-5708.903336885661,2332.5390614524276,0,0,0,0,0,0,0,0,0
2024-06-20 19:00:00,2359.271,2361.11,2358.5,2360.715,13477,47940.9,63.999822506212325,91.85692541856918,55.240360540811295,2335.489183333333,73.3277344135956,2321.9362625,50.349389416553656,2339.014518518519,55.240360540811295,2340.8699434782607,-6643.422729252214,-5707.545237178354,-5707.545237178354,2333.097000829607,0,0,0,0,0,0,0,0,0
2024-06-20 20:00:00,2360.84,2364.84,2360.5,2363.968,26066,47388.8,65.00543487637812,97.1196754563888,56.86930395593382,2336.3324666666667,76.54184369133466,2321.8831375,52.55630936227937,2338.904598148148,56.86930395593382,2340.9437594202896,-6740.691540658979,-5705.007734351792,-5705.007734351792,2333.7083077438724,1,0,0,0,0,0,0,0,0
2024-06-20 21:00:00,2363.983,2364.23,2356.6,2359.59,67750,47972.45,63.20499916121472,88.58350951374202,54.677015523285,2337.09395,72.21618417152467,2321.8051583333336,49.58616010854824,2338.7813851851847,54.677015523285,2341.0155260869565,-7492.168180836817,-5875.408774562091,-5875.408774562091,2334.2208165014194,0,0,0,0,0,0,0,0,0
2024-06-20 22:00:00,2359.54,2361.65,2357.7,2359.324,41180,47196.25,63.006705783738546,86.77604943532901,54.54381572358542,2337.639216666667,71.95336429206604,2321.7565041666667,49.40569877883313,2338.654783333333,54.54381572358542,2341.0892884057976,-7492.822074909286,-5875.923421272384,-5875.923421272384,2334.7179092439656,0,0,0,0,0,0,0,0,0
2024-06-20 23:00:00,2359.324,2362.18,2358.4,2362.018,29124,45948.9,63.464244912826906,92.51651395695684,55.89283925888835,2338.2801833333333,74.61515660507855,2321.6957875,51.233378561736764,2338.529853703704,55.89283925888835,2341.1593739130435,-7838.9790498573975,-5874.735933265407,-5874.735933265407,2335.258505100521,0,0,0,0,0,0,0,0,0
2024-06-21 00:00:00,2362.034,2362.98,2360.7,2362.893,18115,44182.7,63.538198431910466,93.70027950978249,56.33099649474214,2338.8812333333335,75.47969568224484,2321.6239250000003,54.54305297729549,2338.41797962963,56.33099649474214,2341.233467391304,-13663.77758785076,-5937.219516307588,-5937.219516307588,2335.8057228213024,1,0,0,0,0,0,0,0,0
2024-06-21 01:00:00,2362.89,2365.6,2361.9,2364.51,29233,43487.35,63.9998042270641,97.40036728755828,56.376146788990944,2339.4541833333337,77.07736389684833,2321.5320708333334,55.697558189347596,2338.3104055555555,56.376146788990944,2341.310226811594,-15936.790661740233,-5925.131402546981,-5925.131402546981,2336.3741243495933,1,0,0,0,0,0,0,0,0
2024-06-21 02:00:00,2364.51,2364.55,2357.7,2358.431,59674,44651.7,61.90175626844242,82.90204870137649,52.05596234309626,2339.932033333333,77.49515190691652,2321.45895,51.35727545337717,2338.196574074074,52.05596234309626,2341.3814057971017,-17620.75572101198,-6297.91774858098,-6297.91774858098,2336.8108941644527,1,0,0,0,0,0,0,0,0
2024-06-21 03:00:00,2358.43,2364.43,2354.6,2362.873,67131,45820.4,63.34675663077779,93.49614825061448,52.90118790496763,2340.459233333333,82.28075845722896,2321.4071916666667,54.52877338283598,2338.0901351851853,52.90118790496763,2341.4516543478258,-20273.92250769272,-6631.734629734603,-6631.734629734603,2337.326975468127,1,0,0,0,0,0,0,0,0
2024-06-21 04:00:00,2362.835,2368.17,2362.558,2365.275,58401,44457.05,63.672647132330084,93.49423582552424,54.099025974026006,2341.0595333333335,90.11095859071153,2321.3729166666667,56.243752677424055,2337.982662962963,54.099025974026006,2341.519715942029,-16882.294420542683,-6167.330304236256,-6167.330304236256,2337.8804016964805,1,0,0,0,0,0,0,0,0
2024-06-21 05:00:00,2365.311,2367.32,2362.6,2363.98,44019,41878.7,62.76042454113879,90.58405806872058,53.39826839826839,2341.639783333333,94.86959715929956,2321.442375,55.31914893617025,2337.8782462962963,53.39826839826839,2341.58241884058,-16889.016768303856,-6169.811192436394,-6169.811192436394,2338.397225425263,1,0,0,0,0,0,0,0,0
2024-06-21 06:00:00,2363.881,2364.17,2360.8,2363.63,41663,38326.15,62.12940062898847,89.79752353985496,53.2088744588745,2342.21395,94.44104322272565,2321.5440625,55.06925603312875,2337.77107962963,53.2088744588745,2341.6429152173914,-16893.666907671213,-6171.527330353583,-6171.527330353583,2338.896884327733,1,0,0,0,0,0,0,0,0
2024-06-21 07:00:00,2363.551,2368.74,2363.1,2366.211,48118,36521.1,62.67922427670861,94.38860414031818,54.60551948051935,2342.849066666667,96.9248540856031,2321.6803375,56.91203769812925,2337.667787037037,54.60551948051935,2341.7063289855073,-16208.774934394001,-6075.845676816578,-6075.845676816578,2339.4377579054017,1,0,0,0,0,0,0,0,0
2024-06-21 08:00:00,2366.201,2368.1,2360.2,2360.72,68760,37539.8,62.178740933106475,82.20506334731192,51.634199134199,2343.3895666666667,90.24805447470817,2321.7805458333332,52.99157503926877,2337.5552425925925,51.634199134199,2341.7635826086957,-16212.314420558092,-6077.186017854613,-6077.186017854613,2339.8591884419284,1,0,0,0,0,0,0,0,0
2024-06-21 09:00:00,2360.58,2363.8,2334.665,2340.45,126333,41737.35,54.091496309376225,37.22958130866008,40.66558441558428,2343.5722333333333,65.60068093385209,2321.8690666666666,38.519206054547936,2337.407020370371,40.66558441558428,2341.807443478261,-6692.805586766356,-6098.844412669103,-6098.844412669103,2339.8708876807023,0,0,0,0,0,0,0,0,0
2024-06-21 10:00:00,2340.46,2340.601,2328.4,2329.788,123488,46186.4,49.81097166116753,13.572522132730247,34.89610389610385,2343.5667,52.636186770428175,2321.9540083333336,30.906754248179368,2337.236601851852,34.89610389610385,2341.841231884058,-5648.460655277268,-5648.460655277268,-5648.460655277268,2339.67122653851,0,0,0,0,0,0,0,0,0
2024-06-21 11:00:00,2329.811,2334.77,2323.165,2327.89,91344,49137.15,49.8487859673377,10.36752605595157,33.86904761904751,2343.52845,50.32830739299609,2322.0146249999993,31.106034074597233,2337.070464814815,33.86904761904751,2341.8741652173912,-4988.0772661166675,-4988.0772661166675,-4988.0772661166675,2339.4379349238857,0,0,0,0,0,0,0,0,0
2024-06-21 12:00:00,2327.828,2329.34,2323.3,2324.608,55404,51300.1,48.94404818897456,3.1662095447070033,32.09307359307363,2343.4675666666667,46.33754863813263,2322.0964,28.678291102565616,2336.904646296296,32.09307359307363,2341.9040333333332,-4990.062428548622,-4990.062428548622,-4990.062428548622,2339.144272846185,0,0,0,0,0,0,0,0,0
2024-06-21 13:00:00,2324.623,2325.15,2316.588,2319.253,67186,54659.3,47.971632553664136,5.110062893081731,29.19534632034635,2343.3227833333335,39.8261186770431,2322.1284375,24.64836959384727,2336.731225925926,29.19534632034635,2341.9288731884058,-4350.008374456117,-4350.008374456117,-4350.008374456117,2338.750386255171,0,0,0,0,0,0,0,0,0
2024-06-21 14:00:00,2319.253,2322.83,2316.6,2322.18,37757,55711.15,47.74724258674879,10.72250345144901,30.77922077922064,2343.206316666667,43.38521400778202,2322.1985125,26.851092330731912,2336.5555777777777,30.77922077922064,2341.956763768116,-4350.43863593586,-4350.43863593586,-4350.43863593586,2338.4222597946728,0,0,0,0,0,0,0,0,0
2024-06-21 15:00:00,2322.13,2323.321,2320.325,2322.1,33492,56711.9,47.827697676225,10.56910569105645,30.735930735930634,2343.0709833333335,43.28793774319066,2322.2842625,26.79088808783795,2336.379794444444,30.735930735930634,2341.9828942028985,-4350.2843655541365,-4350.2843655541365,-4350.2843655541365,2338.099046729432,0,0,0,0,0,0,0,0,0
2024-06-21 16:00:00,2322.1,2322.65,2320.3,2321.755,15720,56194.6,47.54193521361084,9.907577849363317,30.54924242424243,2342.902733333334,42.86843385214033,2322.4241125,26.531257290357647,2336.20302037037,30.54924242424243,2342.011738405797,-4350.832307076253,-4350.832307076253,-4350.832307076253,2337.7754022397403,0,0,0,0,0,0,0,0,0
2024-06-21 17:00:00,2321.45,2321.45,2321.45,2321.45,1,52807.15,47.93927032669946,9.322748887865592,30.38419913419898,2342.7185499999996,41.93271119842805,2322.540925,26.301728614323988,2336.0262981481483,30.38419913419898,2342.048221014493,-4350.070428120338,-4350.070428120338,-4350.070428120338,2337.452126947864,0,0,0,0,0,0,0,0,0
2024-06-23 18:00:00,2322.78,2322.96,2317.49,2321.5,13286,51412.45,47.954973215578335,9.418622488111378,30.411255411255354,2342.6088833333333,41.994106090373265,2322.6572166666665,26.339356266132885,2335.849177777778,30.411255411255354,2342.083235507246,-4350.040318270517,-4350.040318270517,-4350.040318270517,2337.1362432459264,0,0,0,0,0,0,0,0,0
2024-06-23 19:00:00,2321.482,2321.482,2317.3,2319.071,17965,50854.5,47.26243630980329,4.761082988187873,29.096861471861367,2342.46265,39.01154223968552,2322.7475124999996,25.288043478260768,2335.6721314814818,29.096861471861367,2342.1173710144926,-4351.368238399706,-4351.368238399706,-4351.368238399706,2336.7785156568984,0,0,0,0,0,0,0,0,0
2024-06-23 20:00:00,2319.15,2321.76,2317.5,2320.825,33049,51601.2,47.183933026490415,8.124328884797627,30.045995670995516,2342.30305,41.16527504911567,2322.8409875,26.693366513725625,2335.509418518519,30.045995670995516,2342.152323188406,-4351.518766247752,-4351.518766247752,-4351.518766247752,2336.4626044557717,0,0,0,0,0,0,0,0,0
2024-06-23 21:00:00,2320.824,2326.37,2318.6,2323.56,77372,54008.15,48.297375955884895,13.368614818223284,31.525974025973944,2342.2227166666667,44.523575638506806,2322.9520541666666,29.217912330495032,2335.3449722222226,31.525974025973944,2342.1884521739134,-4349.383770601575,-4349.383770601575,-4349.383770601575,2336.2071073378356,0,0,0,0,0,0,0,0,0
2024-06-23 22:00:00,2323.57,2325.161,2319.3,2324.691,54018,53725.35,48.55891817750178,15.5372756557748,31.39551422319459,2342.1660166666666,45.91232809430231,2323.0647249999997,30.49181636726531,2335.183825925926,31.39551422319459,2342.2245181159424,-4402.91404298515,-4348.882270713522,-4348.882270713522,2335.9790656083737,0,0,0,0,0,0,0,0,0
2024-06-23 23:00:00,2324.655,2326.63,2324.0,2325.42,35115,52124.55,46.72878475173006,16.93511274735379,31.794310722100644,2342.154966666667,46.807465618860604,2323.1864333333338,35.78192516318845,2335.066733333333,31.794310722100644,2342.2610579710145,-4807.8014387195435,-4352.3915003226875,-4352.3915003226875,2335.7699752002873,0,0,0,0,0,0,0,0,0
2024-06-24 00:00:00,2325.42,2326.61,2323.8,2324.45,24814,50445.2,47.14604181722415,15.075164902591823,31.26367614879635,2342.066916666666,45.61640471512748,2323.307933333333,34.947969426282135,2334.9417740740746,31.26367614879635,2342.291260869565,-9450.888927592487,-4351.591421580752,-4351.591421580752,2335.545817275529,0,0,0,0,0,0,0,0,0
2024-06-24 01:00:00,2324.45,2327.27,2323.3,2324.998,43280,50408.25,47.28422210005505,16.125939561282255,31.56345733041573,2341.994033333334,46.289292730844856,2323.433925,35.699183976261125,2334.8179,31.56345733041573,2342.3193028985506,-12481.045967990163,-4351.326464756794,-4351.326464756794,2335.3369496067066,0,0,0,0,0,0,0,0,0
2024-06-24 02:00:00,2325.044,2325.33,2321.215,2323.384,56039,51127.05,44.64244110998479,13.03113974535948,30.680525164113742,2341.884266666667,44.307465618860526,2323.5493999999994,35.38712462822605,2334.6978592592595,30.680525164113742,2342.3407347826087,-17816.386126803827,-4356.392005848354,-4356.392005848354,2335.100257535287,0,0,0,0,0,0,0,0,0
2024-06-24 03:00:00,2323.39,2331.79,2321.4,2330.801,47930,51117.65,47.174868983796145,27.25302960576747,34.737964989058995,2341.9262833333337,51.81737363474732,2323.7144875000004,43.77136646576417,2334.6110185185184,34.737964989058995,2342.366677536232,-14928.385284937762,-4351.53614629587,-4351.53614629587,2335.015123722707,0,0,0,0,0,0,0,0,0
2024-06-24 04:00:00,2330.678,2332.82,2328.7,2330.5,48363,50097.8,45.822610237529375,26.67587053229007,34.57330415754918,2341.9632833333335,50.427793621986204,2323.8561125,43.47396502321904,2334.5208888888887,34.57330415754918,2342.391463768116,-13999.860602727713,-4354.12906458523,-4354.12906458523,2334.9257153321582,0,0,0,0,0,0,0,0,0
2024-06-24 05:00:00,2330.458,2330.98,2320.625,2325.07,56683,46615.3,45.84208483982442,16.263997545635906,31.602844638949705,2341.9097833333335,43.38864402385313,2323.9913625,38.108882521490116,2334.4219333333335,31.602844638949705,2342.411477536232,-14635.682443042388,-4354.0917225805215,-4354.0917225805215,2334.7305526523132,0,0,0,0,0,0,0,0,0
2024-06-24 06:00:00,2325.07,2327.13,2324.1,2325.065,55053,43193.55,47.39060669349502,16.254410185611153,31.600109409190352,2341.8228,41.011615343058146,2324.1152583333333,38.10394229819192,2334.3237203703707,31.600109409190352,2342.429818115942,-14625.704853779043,-4351.122475277119,-4351.122475277119,2334.539155570089,0,0,0,0,0,0,0,0,0
2024-06-24 07:00:00,2325.111,2328.1,2323.9,2326.121,49076,41080.15,47.308742123925406,18.27926062279486,32.177789934354486,2341.76915,41.89242620492221,2324.2302208333335,39.147317458749214,2334.2228129629634,32.177789934354486,2342.449615942029,-14626.232331675757,-4351.279448297462,-4351.279448297462,2334.3724594201863,0,0,0,0,0,0,0,0,0
2024-06-24 08:00:00,2326.098,2327.85,2323.0,2327.521,63515,41485.7,46.12334859214634,20.963721429667277,32.943654266958475,2341.7343666666666,43.801213443316236,2324.3241625,40.530579982215365,2334.121535185185,32.943654266958475,2342.46829057971,-14633.870176597015,-4353.552407209449,-4353.552407209449,2334.2367869564205,0,0,0,0,0,0,0,0,0
2024-06-24 09:00:00,2327.458,2333.95,2325.6,2328.004,87954,42524.1,46.31086775569661,21.889860408037663,33.20787746170668,2341.5978,44.45974504056174,2324.4155416666667,41.00780555281088,2334.024874074074,33.20787746170668,2342.4904079710145,-13639.574367833953,-4353.1928444629575,-4353.1928444629575,2334.113365432531,0,0,0,0,0,0,0,0,0
2024-06-24 10:00:00,2328.04,2333.71,2326.5,2330.671,86454,44958.95,47.49940530914281,27.003758245129124,34.66684901531714,2341.54615,48.09598472970201,2324.5202125,43.64292066001364,2333.946524074074,34.66684901531714,2342.5110101449277,-13799.395712406578,-4350.913856977441,-4350.913856977441,2334.0451997804016,0,0,0,0,0,0,0,0,0
2024-06-24 11:00:00,2330.671,2333.14,2327.2,2327.59,59816,46275.15,42.66557512364427,21.096026998005904,32.98140043763679,2341.4411499999997,43.895289385779876,2324.624041666667,40.59875506372901,2333.868912962963,32.98140043763679,2342.530247826087,-14826.934364015431,-4360.182591034617,-4360.182591034617,2333.9173740421757,0,0,0,0,0,0,0,0,0
2024-06-24 12:00:00,2327.505,2332.22,2326.6,2331.71,42106,47594.45,38.24504638435244,28.99601165822972,35.23522975929975,2341.2963,49.512577544481765,2324.7257875,44.66949906135759,2333.7935240740735,35.23522975929975,2342.553552173913,-15570.340980311974,-4368.658831139104,-4368.658831139104,2333.873663665103,0,0,0,0,0,0,0,0,0
2024-06-24 13:00:00,2331.601,2333.32,2330.2,2331.915,37328,49460.8,41.46806032175803,29.389093419235873,35.34737417943101,2341.1585333333333,49.79207853296078,2324.805054166667,44.87204821657934,2333.7178296296297,35.34737417943101,2342.5773528985505,-17104.367277135258,-4416.6794915325645,-4416.6794915325645,2333.8348782459916,0,0,0,0,0,0,0,0,0
2024-06-24 14:00:00,2332.0,2334.67,2331.7,2333.718,33547,50473.85,41.078502836497265,32.84629544408611,36.333698030634444,2340.9859999999994,52.250323812120754,2324.8959541666673,46.65349273787158,2333.669435185185,36.333698030634444,2342.602724637681,-16230.306138579503,-4819.769332295822,-4819.769332295822,2333.832563825279,0,0,0,0,0,0,0,0,0
2024-06-24 15:00:00,2333.718,2333.81,2330.7,2331.68,30907,51120.95,39.96369722543069,28.938487498082072,35.21881838074384,2340.87115,49.47167496080163,2324.982754166667,44.63985772156884,2333.6093462962963,35.21881838074384,2342.629122463768,-16238.243522780758,-9480.799162014646,-9480.799162014646,2333.789938799036,0,0,0,0,0,0,0,0,0
2024-06-24 16:00:00,2331.611,2334.595,2331.3,2333.695,12946,50115.8,40.57955234791815,32.80219358797382,36.32111597374184,2340.878383333333,52.21896516463329,2325.086566666667,46.630767710700674,2333.5679111111112,36.32111597374184,2342.656531884058,-16233.85865184813,-12517.921282873767,-12517.921282873767,2333.788058822817,0,0,0,0,0,0,0,0,0
2024-06-24 17:00:00,2334.47,2334.47,2332.7,2332.8,8,46247.6,39.87788753208372,31.086056143580524,35.83150984682719,2340.8490333333334,50.998704751517224,2325.178879166667,45.74646774034203,2333.5167055555557,35.83150984682719,2342.6853985507246,-16238.854485353539,-12591.030375334209,-12591.030375334209,2333.7684933015735,0,0,0,0,0,0,0,0,0
2024-06-24 18:00:00,2333.4,2334.52,2331.3,2331.73,6357,43864.55,39.14174555225074,29.03436109832786,35.24617067833694,2340.721016666667,49.539845933601654,2325.266920833333,44.68925995454995,2333.456853703704,35.24617067833694,2342.7144927536233,-16244.09579528471,-12595.10150673468,-12595.10150673468,2333.728127097582,0,0,0,0,0,0,0,0,0
2024-06-24 19:00:00,2331.721,2331.99,2329.8,2330.82,11509,42684.25,38.955699137477914,27.28946157386118,34.748358862144464,2340.57885,48.299134228645826,2325.3555666666666,43.79013931429715,2333.3910018518513,34.748358862144464,2342.7417101449278,-16245.42044045931,-12604.56170925568,-12604.56170925568,2333.670540422382,0,0,0,0,0,0,0,0,0
2024-06-24 20:00:00,2330.791,2330.93,2327.8,2330.07,25878,42737.45,38.78633044254453,25.851357570179623,34.338074398249496,2340.4391833333334,47.27656963664909,2325.4398791666667,43.04910581958319,2333.320612962963,34.338074398249496,2342.7674985507247,-19573.38191565931,-13117.522565097695,-13117.522565097695,2333.599242592236,0,0,0,0,0,0,0,0,0
2024-06-24 21:00:00,2330.03,2330.98,2322.8,2325.765,64710,43808.95,36.83695144548711,17.596640589046924,31.983041575492223,2340.047416666667,41.40704887858746,2325.502483333333,38.79557355992477,2333.252214814815,31.983041575492223,2342.793965942029,-19258.32391368605,-13128.745242110117,-13128.745242110117,2333.4441090755577,0,0,0,0,0,0,0,0,0
2024-06-24 22:00:00,2325.765,2327.01,2324.3,2326.51,43097,43161.85,35.62072936660283,19.0251572327046,32.39059080962808,2339.4230666666667,42.422796373304685,2325.6011916666666,39.53166683134098,2333.1926222222223,32.39059080962808,2342.8217775362323,-19268.570098006894,-13135.747096335126,-13135.747096335126,2333.3067999849527,0,0,0,0,0,0,0,0,0
2024-06-24 23:00:00,2326.5,2328.51,2323.6,2324.071,35945,42562.6,36.15901988138193,14.34844301273159,31.056345733041475,2338.9309999999996,39.097416320130904,2325.6937791666664,37.12182590653087,2333.1522185185186,31.056345733041475,2342.848276811594,-19264.03521582678,-13132.648129640947,-13132.648129640947,2333.123912856538,0,0,0,0,0,0,0,0,0
2024-06-25 00:00:00,2323.985,2327.79,2322.5,2327.333,29203,41604.6,37.818242744103586,20.60323669274424,32.84080962800875,2338.44925,43.54489058558892,2325.7921666666666,40.34482758620697,2333.117574074074,32.84080962800875,2342.871693478261,-18773.06291911161,-13123.09589669494,-13123.09589669494,2333.0092413148245,0,0,0,0,0,0,0,0,0
2024-06-25 01:00:00,2327.41,2330.16,2324.2,2324.95,40850,40812.95,35.85147638095823,16.033900905046195,31.53719912472632,2337.911333333333,40.29586202195094,2325.881375,37.99031716233554,2333.0879425925923,31.53719912472632,2342.895526811594,-18789.223694486675,-13288.576142219174,-13288.576142219174,2332.849652377897,0,0,0,0,0,0,0,0,0
2024-06-25 02:00:00,2324.991,2328.15,2323.0,2327.204,49606,40540.6,36.519735599622486,20.355882804111193,32.770240700218864,2337.399383333334,43.36900947576561,2325.9967249999995,40.21736982511626,2333.078916666667,32.770240700218864,2342.92487173913,-18783.73265735714,-14200.872833854104,-14200.872833854104,2332.7378572813054,0,0,0,0,0,0,0,0,0
2024-06-25 03:00:00,2327.204,2327.71,2323.6,2324.745,48405,40507.05,35.075103027391435,15.64081914404004,31.425054704595073,2336.8313333333335,40.01636103347193,2326.091358333333,37.7877680071138,2333.0604703703702,31.425054704595073,2342.947223188406,-18795.603097556243,-14861.580331637117,-14861.580331637117,2332.5795828796954,0,0,0,0,0,0,0,0,0
2024-06-25 04:00:00,2324.88,2330.55,2322.6,2329.541,55566,40109.6,39.05134385374524,24.837014879582906,34.04868708971558,2336.3287666666665,46.555320744427405,2326.1959,42.526430194644945,2333.0569944444446,34.04868708971558,2342.9657384057973,-18762.93061747117,-16244.73945280344,-16244.73945280344,2332.5194129216816,0,0,0,0,0,0,0,0,0
2024-06-25 05:00:00,2329.551,2333.97,2329.0,2333.004,41964,37810.1,38.59570081325652,31.477220432581383,35.943107221006464,2335.888833333333,51.27684232053995,2326.308708333333,45.94802885090395,2333.065566666667,35.943107221006464,2343.0006224637677,-18883.04505321853,-16247.983618275057,-16247.983618275057,2332.5290087054104,0,0,0,0,0,0,0,0,0
2024-06-25 06:00:00,2333.11,2337.12,2332.3,2335.27,51386,36056.7,38.53186463739984,35.82221199570474,37.18271334792117,2335.48975,54.36635080782618,2326.4296249999998,48.18693804959981,2333.0792148148143,37.18271334792117,2343.032988405797,-15622.217068143758,-13835.059929449017,-13835.059929449017,2332.583285760749,0,0,0,0,0,0,0,0,0
2024-06-25 07:00:00,2335.27,2335.86,2327.34,2330.091,53589,35745.35,37.42084437614613,25.89162448228219,34.349562363238405,2334.97935,47.30520144522463,2326.5225875,43.06985475743492,2333.077698148148,34.349562363238405,2343.0627644927536,-15629.816385936188,-13841.79542663758,-13841.79542663758,2332.533933567466,0,0,0,0,0,0,0,0,0
2024-06-25 08:00:00,2330.091,2330.52,2323.933,2324.14,65388,36909.45,35.92698711369603,14.480748581070216,31.09409190371979,2334.3155500000003,39.191492262594544,2326.5916708333334,37.19000098804452,2333.063312962963,31.09409190371979,2343.0877855072463,-15640.034287868133,-13850.851851387202,-13850.851851387202,2332.3677170611795,0,0,0,0,0,0,0,0,0
2024-06-25 09:00:00,2324.015,2327.43,2320.1,2325.47,95712,39828.65,35.35054979036789,17.030986347598706,31.821663019693492,2333.7468833333337,41.00484013906865,2326.6232041666667,38.5041003853372,2333.056516666667,31.821663019693492,2343.114436956522,-13423.909813217593,-13423.909813217593,-13423.909813217593,2332.2311286045224,0,0,0,0,0,0,0,0,0
2024-06-25 10:00:00,2325.465,2328.19,2319.375,2327.07,89462,42624.4,37.55197466743644,20.098941555453393,32.696936542669626,2333.2093166666664,43.186311268662166,2326.6756291666666,40.08497184072735,2333.044025925926,32.696936542669626,2343.1462702898552,-12858.963230952819,-12858.963230952819,-12858.963230952819,2332.128928038096,0,0,0,0,0,0,0,0,0
2024-06-25 11:00:00,2327.057,2327.8,2315.455,2324.74,81642,45161.15,43.29903942945876,17.42516655719223,30.239287701724955,2332.588016666667,40.009543936191804,2326.7172875,37.7828277838156,2333.032988888889,30.239287701724955,2343.184654347826,-10487.680408818578,-10487.680408818578,-10487.680408818578,2331.982612631401,0,0,0,0,0,0,0,0,0
2024-06-25 12:00:00,2324.585,2324.98,2315.405,2317.764,55144,47271.05,44.70476324689982,4.422986781662964,25.276115189158748,2331.835866666667,30.49832981116668,2326.7495875000004,30.89022823831648,2333.0093296296295,25.276115189158748,2343.2165398550724,-10456.828168331258,-10456.828168331258,-10456.828168331258,2331.7010559456307,0,0,0,0,0,0,0,0,0
2024-06-25 13:00:00,2317.78,2320.12,2316.4,2319.073,45787,49560.0,46.09684188159054,6.8772850848405245,24.783582089552137,2331.0785833333334,32.28304587906462,2326.7938833333333,32.18357869775699,2332.9797425925926,24.783582089552137,2343.247321014493,-10450.417490759577,-10450.417490759577,-10450.417490759577,2331.4509954318555,0,0,0,0,0,0,0,0,0
2024-06-25 14:00:00,2319.073,2319.81,2316.7,2319.29,33471,50915.7,47.58013141369828,7.284147370394289,24.86502010338885,2330.426233333333,32.57890790101581,2326.821445833333,32.39798438889433,2332.9443333333334,24.86502010338885,2343.277197826087,-10443.586776819406,-10443.586776819406,-10443.586776819406,2331.2101836411257,0,0,0,0,0,0,0,0,0
2024-06-25 15:00:00,2319.19,2320.69,2318.5,2319.742,24860,51583.25,50.23290372360188,8.13162088684733,25.12464101091339,2329.7073833333334,33.19517349512615,2326.8467708333333,32.844580575042166,2332.9092925925925,25.12464101091339,2343.306119565217,-10431.370464086718,-10431.370464086718,-10431.370464086718,2330.983090895757,0,0,0,0,0,0,0,0,0
2024-06-25 16:00:00,2319.718,2319.87,2317.6,2319.235,12163,50897.5,48.56424107099346,7.18102559295014,24.36423534851474,2328.9400499999997,32.503919830936276,2326.8632083333337,32.34364193261547,2332.8752074074073,24.36423534851474,2343.3351521739132,-10439.054841948142,-10439.054841948142,-10439.054841948142,2330.7504554324746,0,0,0,0,0,0,0,0,0
2024-06-25 17:00:00,2319.28,2319.5,2318.6,2318.7,7,47662.35,48.3497388704448,6.177931939626219,24.055022540746673,2328.185383333334,31.774490421978186,2326.8723125,31.815038039719205,2332.8354296296297,24.055022540746673,2343.356528985507,-10440.042648535977,-10440.042648535977,-10440.042648535977,2330.5118325526237,0,0,0,0,0,0,0,0,0
2024-06-25 18:00:00,2319.58,2321.3,2318.6,2320.504,16239,46319.45,49.401280713677146,9.560326239804528,25.09767656918274,2327.4666166666666,34.23409912059444,2326.890245833333,33.59747060567127,2332.8038425925924,25.09767656918274,2343.3800717391305,-10435.200180918053,-10435.200180918053,-10435.200180918053,2330.3136576505913,0,0,0,0,0,0,0,0,0
2024-06-25 19:00:00,2320.51,2321.44,2318.3,2319.898,13710,45207.7,49.259358237730915,8.526425657083145,24.747428043000934,2326.694733333333,33.4078669302614,2326.9029874999997,32.998715541942616,2332.766292592593,24.747428043000934,2343.401047826087,-10435.853749768832,-10435.853749768832,-10435.853749768832,2330.107407004045,0,0,0,0,0,0,0,0,0
2024-06-25 20:00:00,2319.971,2323.9,2317.4,2318.422,29914,45243.25,48.55084745762717,6.234115094534201,23.89434747428049,2325.9897666666666,31.39545981321168,2326.916745833333,31.540361624345437,2332.7296296296295,23.89434747428049,2343.4188028985504,-10439.116521033411,-10439.116521033411,-10439.116521033411,2329.8760128059453,0,0,0,0,0,0,0,0,0
2024-06-25 21:00:00,2318.391,2320.75,2310.4,2312.778,78005,47101.0,47.12425170223464,7.87391145988444,20.632296844295382,2325.528566666667,23.700320403571965,2326.9132041666667,25.96383756545774,2332.680366666667,20.632296844295382,2343.4344891304345,-8889.535539268507,-8470.343369377928,-8470.343369377928,2329.5374382949362,0,1,0,0,0,0,0,0,0
2024-06-25 22:00:00,2312.87,2321.65,2312.2,2319.345,57094,47475.4,49.35217284728789,33.476796407184786,24.427811813663087,2325.3545166666668,32.653895971095345,2326.9344,32.45232684517319,2332.6474314814814,24.427811813663087,2343.455180434783,-11237.812262190479,-8462.005341140453,-8462.005341140453,2329.3356078336506,0,0,0,0,0,0,0,0,0
2024-06-25 23:00:00,2319.462,2321.04,2316.3,2317.222,35749,46842.6,47.210780171806974,25.53143712574913,23.20078603629655,2325.176716666667,29.759356466017156,2326.949833333333,30.35470803280328,2332.6083518518517,23.20078603629655,2343.467839130435,-12721.693197460358,-8470.019535285217,-8470.019535285217,2329.095734411202,0,0,0,0,0,0,0,0,0
2024-06-26 00:00:00,2317.125,2317.651,2315.0,2316.693,25064,45317.5,46.46150034509026,23.55164670658745,22.89504103571858,2325.0448,29.038107573795468,2326.9615,29.832032407865032,2332.575392592593,22.89504103571858,2343.4672615942027,-12725.905000870795,-8472.823726253468,-8472.823726253468,2328.85013570999,0,0,0,0,0,0,0,0,0
2024-06-26 01:00:00,2316.693,2318.17,2311.5,2312.061,45917,45515.15,44.2869728097712,6.216317365269726,20.217893885100118,2324.9249333333332,22.72274865362358,2326.9586291666665,25.255409544511547,2332.5344537037035,20.217893885100118,2343.4570376811594,-13023.638087300096,-8480.961928107208,-8480.961928107208,2328.517677577119,0,1,0,0,0,0,0,0,0
2024-06-26 02:00:00,2312.02,2317.42,2309.3,2317.038,66429,46267.3,46.93526512520275,27.814521926671137,23.094439949138877,2324.839233333333,29.508487286113695,2326.9673708333335,30.17290781543326,2332.5056351851854,23.094439949138877,2343.4497644927533,-14428.346523436358,-8132.152174244504,-8132.152174244504,2328.290357229057,0,0,0,0,0,0,0,0,0
2024-06-26 03:00:00,2317.025,2317.45,2312.6,2316.051,47485,45962.1,46.31395070985393,24.266714593816747,22.523985666396953,2324.7384166666666,28.162792283045885,2326.972658333333,29.197707736389606,2332.470711111111,22.523985666396953,2343.4424463768114,-15499.90444719288,-8134.3855114671815,-8134.3855114671815,2328.0479937195705,0,0,0,0,0,0,0,0,0
2024-06-26 04:00:00,2316.06,2318.06,2312.6,2315.69,50677,45226.55,46.797102655898826,22.969086987778358,22.315339267136824,2324.637333333333,27.670597859431627,2326.9776166666666,28.841023614267407,2332.4372648148146,22.315339267136824,2343.435504347826,-15496.59518728846,-8132.64880425638,-8132.64880425638,2327.8032809726483,0,0,0,0,0,0,0,0,0
2024-06-26 05:00:00,2315.611,2318.43,2315.4,2316.33,44834,42682.65,43.615716516813386,25.2695902228606,22.68523870072824,2324.552,28.543186311268663,2326.9923249999997,29.4733721964232,2332.4056444444445,22.68523870072824,2343.43059057971,-15518.385503309597,-8144.084412232964,-8144.084412232964,2327.5760872900214,0,0,0,0,0,0,0,0,0
2024-06-26 06:00:00,2316.311,2316.45,2307.5,2308.232,59020,41160.55,40.80822257079185,2.4713031735313082,18.004854930065918,2324.3308666666667,17.502215556616026,2326.96855,21.4721865428317,2332.358388888889,18.004854930065918,2343.4153057971016,-13821.29132578778,-7652.571834669874,-7652.571834669874,2327.1930360565557,0,1,0,0,0,0,0,0,0
2024-06-26 07:00:00,2308.232,2314.01,2304.0,2312.973,63972,40277.05,44.97803903986184,27.092391304347785,20.745000577967883,2324.2292333333335,23.96618719749134,2326.9668458333335,26.156506274083537,2332.307931481482,20.745000577967883,2343.4032789855073,-11351.869150553406,-6820.718481159859,-6820.718481159859,2326.9114511841485,0,0,0,0,0,0,0,0,0
2024-06-26 08:00:00,2313.05,2317.84,2310.027,2310.13,77712,41405.45,43.94260174076698,18.508454106280585,19.101837937810764,2324.0509833333335,20.08998568409594,2326.9552208333334,23.347495306787966,2332.25782037037,19.101837937810764,2343.4051963768115,-11357.072353061421,-6823.844801507368,-6823.844801507368,2326.5791452201056,0,1,0,0,0,0,0,0,0
2024-06-26 09:00:00,2310.053,2311.65,2293.464,2296.28,116876,44959.9,39.03492978033867,6.450430639546137,11.096983007744928,2323.596316666667,3.7409001540999314,2326.7901333333334,9.663076771070246,2332.183987037037,11.096983007744928,2343.3943920289857,-7407.113517609575,-5164.07611833348,-5164.07611833348,2325.97916214644,0,1,0,0,0,0,0,0,0
2024-06-26 10:00:00,2296.344,2301.34,2295.242,2297.368,96387,48105.7,38.894822518985585,8.942642477551772,11.725812044850315,2323.1409333333336,5.186247940910787,2326.6552708333334,10.738069360735041,2332.10565,11.725812044850315,2343.3880420289856,-7407.573851626374,-5164.397053053457,-5164.397053053457,2325.412604480174,0,1,0,0,0,0,0,0,0
2024-06-26 11:00:00,2297.53,2304.19,2295.6,2299.934,78217,50773.55,39.81820028437969,14.820414146967797,13.208877586406354,2322.7161666666666,8.59503693076182,2326.5497833333334,13.27339195731666,2332.0203222222226,13.208877586406354,2343.3704434782608,-7995.6212293890885,-5162.28193081277,-5162.28193081277,2324.908077658785,0,1,0,0,0,0,0,0,0
2024-06-26 12:00:00,2299.938,2302.25,2298.3,2299.75,49347,52632.75,38.578320195625274,14.398937144951587,13.102531499248684,2322.3045,8.35060311387437,2326.4009291666666,13.09159173994664,2331.934875925926,13.102531499248684,2343.3354942028986,-8000.020151154342,-5318.628360704701,-5318.628360704701,2324.4098979031655,0,1,0,0,0,0,0,0,0
2024-06-26 13:00:00,2299.76,2303.004,2299.1,2301.94,45935,54929.15,40.462556704097715,19.415429723291467,14.368281123569604,2321.9202,11.25989691269479,2326.2522208333335,15.255409544511462,2331.8590962962962,14.368281123569604,2343.3039,-8170.153188627432,-6079.990941536863,-6079.990941536863,2323.964949429835,0,1,0,0,0,0,0,0,0
2024-06-26 14:00:00,2301.851,2302.08,2298.2,2298.858,36899,55962.15,37.689609688830544,12.35568993952776,12.586984163680642,2321.511433333333,7.165630479834535,2326.1042208333333,12.21025590356701,2331.7760185185184,12.586984163680642,2343.2724927536233,-9035.385685777374,-6495.923487620694,-6495.923487620694,2323.467782114393,0,1,0,0,0,0,0,0,0
2024-06-26 15:00:00,2298.883,2299.52,2296.7,2298.562,34389,56996.1,37.51039146813682,11.677661718893079,12.415905675644419,2320.9741166666663,6.772410861363472,2326.0040166666663,11.917794684319627,2331.697031481481,12.415905675644419,2343.2464108695654,-9036.103534935004,-6496.439579945447,-6496.439579945447,2322.9745983101475,0,1,0,0,0,0,0,0,0
2024-06-26 16:00:00,2298.64,2299.21,2296.8,2298.035,15291,56264.95,36.508956724916565,10.47049660985871,12.111316610796399,2320.4330333333332,6.072320527126736,2325.9074124999997,11.397095148700572,2331.62192962963,12.111316610796399,2343.218766666667,-9040.114729131992,-6573.144930321143,-6573.144930321143,2322.4807448782635,0,1,0,0,0,0,0,0,0
2024-06-26 17:00:00,2297.6,2297.7,2297.6,2297.7,2,52364.8,36.98523103321516,9.70313358988428,11.917697376025831,2319.976866666667,5.627291567033165,2325.7950166666665,11.066100187728303,2331.5358555555554,11.917697376025831,2343.189786231884,-9038.207037438093,-7159.787945699895,-7159.787945699895,2321.990037058892,0,1,0,0,0,0,0,0,0
2024-06-26 18:00:00,2298.098,2299.4,2297.28,2298.23,8421,49931.15,36.2601600818233,10.91717060656057,12.2240203444689,2319.5296166666667,6.331367235241095,2325.6938916666672,11.589763857326366,2331.452612962963,12.2240203444689,2343.162177536232,-9041.111271001306,-7416.230253378123,-7416.230253378123,2321.5195412755475,0,1,0,0,0,0,0,0,0
2024-06-26 19:00:00,2298.222,2298.6,2296.6,2298.351,11377,48712.55,36.57325486222113,11.194337548103759,12.293954456132347,2319.0667833333337,6.492109038737687,2325.5955958333334,11.70931726114031,2331.366572222222,12.293954456132347,2343.1338231884056,-9039.857186324554,-7415.201554533342,-7415.201554533342,2321.060758279992,0,1,0,0,0,0,0,0,0
2024-06-26 20:00:00,2298.38,2300.19,2297.5,2299.03,31954,49057.05,37.21597572990169,12.749679310977333,12.686394636458372,2318.5919333333336,7.3941229608378105,2325.5059291666666,12.380199585021435,2331.2812759259264,12.686394636458372,2343.1041036231886,-9256.022416598618,-7413.089841865182,-7413.089841865182,2320.6245056407843,0,1,0,0,0,0,0,0,0
2024-06-26 21:00:00,2298.898,2299.75,2296.5,2297.8,50665,49294.45,37.12309108209744,9.932197177937157,11.975494162524711,2318.0885333333335,5.760136032733207,2325.4106916666665,11.164904653690524,2331.189757407407,11.975494162524711,2343.075465942029,-9256.403466187576,-7413.39502207219,-7413.39502207219,2320.172535232056,0,1,0,0,0,0,0,0,0
2024-06-26 22:00:00,2297.76,2300.03,2297.6,2299.26,38070,47876.5,38.05109987279359,13.276525563497074,12.819327245405324,2317.565016666667,7.699665231946821,2325.355254166667,12.607449856733735,2331.0869648148146,12.819327245405324,2343.0539217391306,-9252.596406823053,-7410.345972293321,-7410.345972293321,2319.7584256235004,0,1,0,0,0,0,0,0,0
2024-06-26 23:00:00,2299.213,2299.85,2297.7,2298.962,26194,46811.95,39.271676393125354,12.59391607110146,12.647092821639152,2317.0878833333336,7.30378872416183,2325.292170833333,12.313012548167162,2330.984574074074,12.647092821639152,2343.0333644927537,-12395.20688225479,-7406.335666995872,-7406.335666995872,2319.346615215114,0,1,0,0,0,0,0,0,0
2024-06-27 00:00:00,2298.99,2301.12,2298.6,2300.47,22254,45390.8,39.640356460853006,16.048194978925846,13.518668362039,2316.5672166666673,9.307083266910931,2325.2348791666664,13.802983894871845,2330.8883148148147,13.518668362039,2343.0128137681163,-25207.88604759925,-7405.124338083637,-7405.124338083637,2318.972820854419,0,1,0,0,0,0,0,0,0
2024-06-27 01:00:00,2300.422,2300.591,2296.718,2297.482,34395,44868.85,39.46795110473841,9.203774967931174,11.791700381458817,2315.9933333333333,5.3376906318083295,2325.1752625000004,10.850706451931595,2330.781874074074,11.791700381458817,2342.9908478260872,-26264.633863739506,-7405.690790167074,-7405.690790167074,2318.5472600454204,0,1,0,0,0,0,0,0,0
2024-06-27 02:00:00,2297.491,2303.44,2296.2,2301.12,50989,44467.3,39.64772323367962,17.537108301264333,13.89434747428041,2315.4500333333335,10.170572293958188,2325.1315791666666,14.445212923624034,2330.6823277777776,13.89434747428041,2342.9709855072465,-31167.849126605615,-7996.226058207296,-7996.226058207296,2318.202165787095,0,1,0,0,0,0,0,0,0
2024-06-27 03:00:00,2301.182,2302.57,2299.6,2302.35,44889,43513.15,40.992570863756804,20.354590434304512,14.60524794821407,2314.9611999999997,11.80455922206279,2325.0759125,15.66050785495495,2330.593346296296,14.60524794821407,2342.945173913043,-31149.27388309626,-7991.454726233701,-7991.454726233701,2317.8882615140833,0,1,0,0,0,0,0,0,0
2024-06-27 04:00:00,2302.29,2308.47,2301.935,2307.471,49172,42086.15,42.310959405855726,32.08493677844987,17.56502138481105,2314.5241333333333,18.607524310537347,2325.0364041666667,20.72028455686197,2330.5136629629624,17.56502138481105,2342.922446376812,-18369.103835323123,-8163.450248745802,-8163.450248745802,2317.6819791078638,0,0,0,0,0,0,0,0,0
2024-06-27 05:00:00,2307.491,2313.8,2307.0,2312.498,52264,38855.55,45.321536898240566,43.599963349826204,20.47046584209925,2314.185766666667,25.285615601254246,2325.0236833333333,25.687185060764783,2330.4428074074076,20.47046584209925,2342.9037253623187,-12789.082176714277,-9004.816402714769,-9004.816402714769,2317.5793260562227,0,0,0,0,0,0,0,0,0
2024-06-27 06:00:00,2312.5,2315.56,2311.9,2315.068,46673,36369.85,44.375529492231585,49.4868975627641,21.95584325511518,2313.9080666666673,28.699718369733134,2325.02205,28.226459835984784,2330.3767111111115,21.95584325511518,2342.886495652174,-11631.32474435823,-9008.605585627565,-9008.605585627565,2317.5295968273867,0,0,1,0,1,0,0,0,0
2024-06-27 07:00:00,2315.084,2317.9,2313.1,2317.1,44327,34675.35,43.749901752731326,54.141469671980936,23.130273956767997,2313.6794,31.399117912747776,2325.0252916666664,30.234166584329508,2330.3121462962963,23.130273956767997,2342.8708434782607,-10379.95436980295,-9011.111504635417,-9011.111504635417,2317.5210899595177,0,0,1,0,1,0,0,0,0
2024-06-27 08:00:00,2317.06,2325.82,2315.91,2322.97,93736,36894.8,45.299387009492904,67.58750229063564,26.5229453242399,2313.5610666666666,39.19708804931176,2325.0920374999996,36.03398873629067,2330.2577111111113,26.5229453242399,2342.859535507246,-7599.259328124512,-6948.215517958003,-6948.215517958003,2317.62898916824,0,0,0,0,0,0,0,0,0
2024-06-27 09:00:00,2322.83,2324.93,2319.398,2323.3,108018,39998.95,47.304837877525244,68.34341213120825,26.713674719685738,2313.519983333333,39.63547478612081,2325.0918666666666,36.36004347396519,2330.2052388888887,26.713674719685738,2342.8483253623185,-7592.488731000839,-6942.017437638952,-6942.017437638952,2317.741286412433,0,0,0,0,0,0,0,0,0
2024-06-27 10:00:00,2323.28,2330.89,2322.545,2328.888,98076,43057.8,51.88979637324674,81.14348543155585,29.943359149231302,2313.559616666667,47.05882352941184,2325.167691666667,41.88123703191375,2330.157362962963,29.943359149231302,2342.839711594203,-6469.617191198472,-5989.3501940542865,-5989.3501940542865,2317.962013414167,0,0,0,0,0,0,0,0,0
2024-06-27 11:00:00,2328.944,2330.93,2324.7,2327.52,72487,44962.7,50.81569314021971,78.00989554700402,29.152699109929525,2313.6171000000004,45.24151123864195,2325.2264083333334,40.529591937555544,2330.108175925926,29.152699109929525,2342.8307471014496,-6465.258585832938,-5985.822630811367,-5985.822630811367,2318.1512804752724,0,0,0,0,0,0,0,0,0
2024-06-27 12:00:00,2327.365,2328.32,2323.7,2325.324,50115,46703.9,49.308547712583916,72.97965915338136,27.883481678418764,2313.5836166666663,42.32424677187974,2325.3366833333334,38.35984586503315,2330.060998148148,27.883481678418764,2342.816407246377,-6469.598192592614,-5989.8453325346245,-5989.8453325346245,2318.293314525267,0,0,0,0,0,0,0,0,0
2024-06-27 13:00:00,2325.308,2328.05,2323.9,2325.728,43714,48889.5,50.39732968712309,73.90507604911161,28.116980695873394,2313.5965833333335,42.86093841330595,2325.4470083333335,38.75901590751907,2330.0141425925926,28.116980695873394,2342.803065217391,-6466.463202743666,-5986.939279114085,-5986.939279114085,2318.440536019816,0,0,0,0,0,0,0,0,0
2024-06-27 14:00:00,2325.84,2326.43,2322.3,2326.26,35763,50256.6,53.60348132941997,75.12369433754883,28.424459600046408,2313.58085,43.56767097082781,2325.550545833333,39.28465566643632,2329.9694944444445,28.424459600046408,2342.790144202899,-6457.2315539031915,-5978.381782604458,-5978.381782604458,2318.5953768907107,0,0,0,0,0,0,0,0,0
2024-06-27 15:00:00,2326.26,2327.77,2325.3,2326.13,30183,51196.9,53.02338334461523,74.82591167308091,28.349323777598073,2313.6039333333333,43.39497316541824,2325.6471374999996,39.1562098606858,2329.9406333333336,28.349323777598073,2342.776484057971,-6458.901861950428,-6282.836294147633,-6282.836294147633,2318.74457734832,0,0,0,0,0,0,0,0,0
2024-06-27 16:00:00,2325.968,2328.5,2325.1,2327.621,13151,50256.75,53.5306532407761,78.24124977093685,29.211073864293247,2313.571933333333,45.37568414899865,2325.747725,40.629384448177134,2329.9100796296298,29.211073864293247,2342.7642985507246,-6457.441251826151,-6346.077969881767,-6346.077969881767,2318.920348093898,0,0,0,0,0,0,0,0,0
2024-06-27 17:00:00,2327.68,2327.68,2327.2,2327.3,6,47723.8,53.20661858294441,77.50595565328999,29.02554617963256,2313.476866666667,44.94925341410318,2325.8452041666665,40.31222211243965,2329.8774685185185,29.02554617963256,2342.7450369565217,-7170.10335594338,-6458.374262646284,-6458.374262646284,2319.086281795009,0,0,0,0,0,0,0,0,0
2024-06-27 18:00:00,2327.108,2328.8,2325.6,2326.901,5885,46114.55,53.25542287374075,78.86828946126934,28.794937001502667,2313.337383333333,44.41920399596149,2325.953125,39.91799229325148,2329.846081481481,28.794937001502667,2342.722883333334,-7755.4046460640375,-6458.233737766363,-6458.233737766363,2319.2410286901577,0,0,0,0,0,0,0,0,0
2024-06-27 19:00:00,2326.921,2327.94,2326.1,2327.661,9227,45266.2,53.798096077716735,91.27475577857314,29.234192578892692,2313.2968833333334,45.42882193527843,2326.0564999999997,40.668906234561845,2329.8127481481483,29.234192578892692,2342.697158695652,-9415.804028091512,-6456.6711889498465,-6456.6711889498465,2319.407760795303,0,0,0,0,0,0,0,0,0
2024-06-27 20:00:00,2327.71,2328.25,2321.3,2321.6,31858,45746.4,50.4483571148056,75.09742166230728,25.731129349208175,2313.2545499999997,37.37711886922794,2326.1369583333335,34.680367552613276,2329.765066666667,25.731129349208175,2342.671947826087,-11883.613467604964,-6466.316276663383,-6466.316276663383,2319.4511714726236,0,0,0,0,0,0,0,0,0
2024-06-27 21:00:00,2321.62,2324.46,2318.8,2320.188,72795,47666.4,50.117857433146376,71.32867132867196,24.915038723847058,2313.166516666666,35.50135501355042,2326.2005750000003,33.28524849323198,2329.7037666666665,24.915038723847058,2342.6471195652175,-12691.991825949874,-6467.267902582355,-6467.267902582355,2319.465762136532,0,0,0,0,0,0,0,0,0
2024-06-27 22:00:00,2320.242,2324.22,2319.7,2323.63,57360,47984.95,52.083266664533284,80.51566753856898,26.904404115131307,2313.1091833333335,40.07386152292926,2326.2743583333336,36.68609821163926,2329.6457944444446,26.904404115131307,2342.6285086956523,-15072.082112752792,-6461.608791636813,-6461.608791636813,2319.548222292244,0,0,0,0,0,0,0,0,0
2024-06-27 23:00:00,2323.66,2325.01,2320.3,2321.638,36881,47584.55,53.650777953586534,75.19884695457229,25.753092128077675,2313.057483333333,37.427599766193794,2326.3368083333335,34.717913249678794,2329.583701851852,25.753092128077675,2342.6039782608696,-18673.942473590094,-6457.095370130757,-6457.095370130757,2319.5896040290318,0,0,0,0,0,0,0,0,0
2024-06-28 00:00:00,2321.731,2321.84,2319.4,2321.131,22972,46274.55,50.774608792200155,73.84562002882612,25.460062420529383,2313.1135999999997,36.75407832509695,2326.4018958333336,34.21697460725209,2329.511185185185,25.460062420529383,2342.581051449275,-18697.653678547937,-6465.376882256834,-6465.376882256834,2319.620126721526,0,0,0,0,0,0,0,0,0
2024-06-28 01:00:00,2321.23,2327.03,2320.7,2325.608,40550,45688.85,53.564324452982824,85.7951209096256,28.04762455207505,2313.2225166666667,42.701525054466636,2326.4840541666667,38.640450548364946,2329.4538518518516,28.04762455207505,2342.57023115942,-18674.655198244698,-6457.344300452104,-6457.344300452104,2319.7386984696145,0,0,0,0,0,0,0,0,0
2024-06-28 02:00:00,2325.615,2328.14,2324.7,2327.49,52091,45959.75,54.536897748569004,90.81834196337995,29.135360073979804,2313.3591833333335,45.20165789893181,2326.5573458333333,40.499950597766784,2329.3994259259257,29.135360073979804,2342.5576123188407,-22642.63102251431,-6454.543916646789,-6454.543916646789,2319.892189589028,0,0,0,0,0,0,0,0,0
2024-06-28 03:00:00,2327.311,2328.84,2324.5,2327.2,46146,46050.7,56.602325358267215,90.0443068381999,28.96774939313368,2313.483483333334,44.816408948403144,2326.6178041666662,40.21341764647743,2329.344225925926,28.96774939313368,2342.5431043478256,-22531.84934902133,-6448.596817281115,-6448.596817281115,2320.036898706077,0,0,0,0,0,0,0,0,0
2024-06-28 04:00:00,2327.101,2331.96,2326.1,2328.653,47513,43739.55,55.22609673790762,91.40949709060621,29.807536700959353,2313.64045,46.7466390350177,2326.6737958333333,41.64904653690325,2329.28967962963,29.807536700959353,2342.5279181159417,-17200.409599256214,-6266.705546034896,-6266.705546034896,2320.2075145732833,0,0,0,0,0,0,0,0,0
2024-06-28 05:00:00,2328.661,2330.38,2326.8,2330.225,44412,40559.25,56.344105272580734,95.49303823773867,30.716102184718526,2313.8325333333332,48.834954035814924,2326.7278083333335,43.20225274182383,2329.232455555555,30.716102184718526,2342.5127550724637,-17191.914093673593,-6263.579123958069,-6263.579123958069,2320.405880621337,0,0,0,0,0,0,0,0,0
2024-06-28 06:00:00,2330.34,2336.82,2328.9,2335.791,49528,38131.85,58.59641619980322,97.62662607251593,33.93307132123468,2314.0873166666665,56.229076996652736,2326.7828541666668,48.70170931726129,2329.1861425925927,33.93307132123468,2342.5001449275364,-12542.750187570473,-5508.625267848788,-5508.625267848788,2320.710536450618,0,0,0,0,0,0,0,0,0
2024-06-28 07:00:00,2335.78,2337.18,2333.1,2333.95,45053,36760.15,57.45876934538912,92.61140086009692,32.86903248179395,2314.3215166666673,53.78341038312339,2326.797266666667,46.882719098903074,2329.139362962963,32.86903248179395,2342.486775362319,-12303.27111346384,-5463.009347619838,-5463.009347619838,2320.972704045655,0,0,0,0,0,0,0,0,0
2024-06-28 08:00:00,2333.851,2339.32,2330.784,2335.373,89132,38711.0,62.17729560933569,91.39262037683162,33.69148075367016,2314.6040333333335,55.673787130028416,2326.8118,48.288706649540586,2329.0943407407403,33.69148075367016,2342.4744804347824,-10997.1866685705,-5632.987674699521,-5632.987674699521,2321.2578584209887,0,0,0,0,0,0,0,0,0
2024-06-28 09:00:00,2335.365,2339.79,2326.4,2330.293,101254,41588.0,57.74736088745744,79.4996330354448,30.75540399953774,2314.89595,48.92528827249091,2326.8115208333334,43.2694397786781,2329.0435592592594,30.75540399953774,2342.4566130434782,-10772.046875238524,-5928.3783888853295,-5928.3783888853295,2321.4367721156227,0,0,0,0,0,0,0,0,0
2024-06-28 10:00:00,2330.24,2333.72,2322.4,2326.405,112173,45408.5,57.212497230223704,71.10693778871529,28.50826494046947,2315.0136166666666,43.76029544609215,2326.795454166667,39.42792214208101,2328.987938888889,28.50826494046947,2342.438341304348,-10774.595058455456,-6861.200069441229,-6861.200069441229,2321.5351528658084,0,0,0,0,0,0,0,0,0
2024-06-28 11:00:00,2326.43,2330.44,2324.045,2328.475,80968,47947.75,65.931020832302,75.57527090618649,29.704658420991787,2315.2011666666667,46.51017588607264,2326.7892333333334,41.47317458749125,2328.9377074074073,29.704658420991787,2342.4231927536234,-10733.05850008443,-8052.954389271096,-8052.954389271096,2321.672575581337,0,0,0,0,0,0,0,0,0
2024-06-28 12:00:00,2328.62,2332.531,2327.4,2329.901,56391,50109.75,66.04460313859288,78.65345594266692,30.528840596462793,2315.4213,48.40453796694826,2326.8050291666664,42.88212627210732,2328.885448148148,30.528840596462793,2342.407063043478,-11051.277081223254,-8419.091033575882,-8419.091033575882,2321.835514678736,0,0,0,0,0,0,0,0,0
2024-06-28 13:00:00,2329.908,2332.68,2326.2,2326.773,48585,52538.7,63.16347049879815,71.90130812071014,28.720957114784547,2315.6665000000003,44.24916307986645,2326.7967999999996,39.79152257682059,2328.8273555555556,28.720957114784547,2342.389282608696,-11065.407206970161,-9433.611932584554,-9433.611932584554,2321.933286665296,0,0,0,0,0,0,0,0,0
2024-06-28 14:00:00,2326.773,2328.46,2325.0,2325.69,36337,54061.3,62.611333670413295,69.56352804040948,28.09501791700389,2315.8107,42.81045751634011,2326.761591666667,38.72147021045355,2328.769946296296,28.09501791700389,2342.3672144927536,-11068.115087442868,-10748.874065410244,-10748.874065410244,2322.007677028359,0,0,0,0,0,0,0,0,0
2024-06-28 15:00:00,2325.711,2326.27,2322.6,2324.97,42165,55708.2,61.35892832481671,68.00932521694048,27.678881054213317,2315.9593499999996,41.853977363302945,2326.721391666667,38.0100780555279,2328.7130481481477,27.678881054213317,2342.3437282608697,-11835.207290074206,-10754.840741663684,-10754.840741663684,2322.0663368891837,0,0,0,0,0,0,0,0,0
2024-06-28 16:00:00,2325.021,2326.79,2322.66,2326.275,23006,55265.6,63.76396879424047,70.82631783447769,28.43312911802113,2316.1357666666668,43.58759764068258,2326.6960875,39.29947633633048,2328.6682240740743,28.43312911802113,2342.322163043478,-12988.131289279909,-10743.38271179506,-10743.38271179506,2322.149676752764,0,0,0,0,0,0,0,0,0
2024-06-28 17:00:00,2326.15,2326.41,2326.15,2326.41,2,51625.95,64.00297678909024,71.11773086387751,28.511154779794207,2316.303766666667,43.766937669376674,2326.6720291666666,39.43286236537876,2328.6328537037034,28.511154779794207,2342.302886956522,-12986.756890229593,-10742.244036259806,-10742.244036259806,2322.234039589343,0,0,0,0,0,0,0,0,0
2024-06-30 18:00:00,2326.32,2327.011,2322.5,2324.46,12454,49380.65,63.09997124698829,66.90843155031749,27.38411744307023,2316.5742333333333,41.17647058823551,2326.638445833333,37.50617527912264,2328.593659259259,27.38411744307023,2342.281111594203,-12991.949561547028,-10746.546111257909,-10746.546111257909,2322.2781180133165,0,0,0,0,0,0,0,0,0
2024-06-30 19:00:00,2324.531,2326.13,2322.8,2324.82,15676,48320.4,63.441179969073374,67.685532962052,27.592185874465518,2316.7716833333334,41.65471066475409,2326.6219,37.86187135658546,2328.5533444444445,27.592185874465518,2342.264604347826,-12989.987464237744,-10744.920533734876,-10744.920533734876,2322.3284523100824,0,0,0,0,0,0,0,0,0
2024-06-30 20:00:00,2324.83,2325.35,2321.7,2324.77,41679,49255.75,63.2166049161386,67.57760221042184,27.56328748121608,2317.015683333333,41.58828843190407,2326.604691666667,37.81246912360435,2328.5220092592594,27.56328748121608,2342.2481833333336,-12484.706440485588,-10745.990448231943,-10745.990448231943,2322.376799789091,0,0,0,0,0,0,0,0,0
2024-06-30 21:00:00,2324.711,2325.92,2323.1,2325.35,7623,47609.4,63.38399611353989,67.58552572506032,27.898508842908328,2317.500183333333,42.358786332961415,2326.600729166667,38.385535026183085,2328.4993037037034,27.898508842908328,2342.232502173913,-12483.781116011287,-10745.192967539226,-10745.192967539226,2322.435675040792,0,0,0,0,0,0,0,0,0
